,ticker,time,scraped_at,open,high,low,volume,average_volume_2_weeks,average_volume,average_volume_30_days,high_52_weeks,high_52_weeks_date,low_52_weeks,low_52_weeks_date,dividend_yield,shares_float,market_cap,pb_ratio,pe_ratio,shares_outstanding,industry,num_employees,year_founded,payable_date,ex_dividend_date
0,ARTV,2026-05-05 19:38:20.384385,2026-05-05 19:38:20.384385,11.16,11.37,10.5286,152881.0,210228.242741,210228.242741,353791.695624,14.53,2026-04-20,1.47,2025-06-27,,12146737.062447,262243900.53,2.52509,-3.09,24716673.0,Biotechnology,104.0,2019.0,,
7,UNIT,2026-05-05 19:38:20.384385,2026-05-05 19:38:20.384385,11.54,11.655,11.23,3344213.0,2907553.393324,2907553.393324,2641248.68526,12.1752,2026-04-23,3.995,2025-06-18,,221126507.109,2748146577.436737,7.20207,2.352024,239073212.478185,Real Estate Investment Trusts,,2014.0,2024-06-28 00:00:00,2024-06-14 00:00:00
15,CVGW,2026-05-05 19:38:20.384385,2026-05-05 19:38:20.384385,27.64,28.16,27.6,324266.0,367789.38897,367789.38897,351362.707804,28.98,2026-04-28,18.4,2025-11-24,2.894356,16646417.4415,501011023.0,2.40231,30.632827,17874100.0,Agricultural Commodities/Milling,1969.0,1924.0,2026-04-29 00:00:00,2026-04-24 00:00:00
19,ACHV,2026-05-05 19:38:20.384385,2026-05-05 19:38:20.384385,4.39,4.6,4.315,858691.0,895581.570233,895581.570233,1707749.22456,6.025,2026-01-16,2.0,2025-06-27,,73129754.604,469151878.799542,10.8604,-3.52,102659054.441913,Pharmaceuticals: Major,28.0,1991.0,,
20,MGNX,2026-05-05 19:38:20.384385,2026-05-05 19:38:20.384385,3.2,3.3,3.11,621573.0,527836.138994,527836.138994,752514.68271,3.88,2026-04-10,1.185,2025-06-27,,61390221.7461,199578714.0,3.64481,-2.7,63560100.0,Pharmaceuticals: Major,293.0,2000.0,,
21,TFSL,2026-05-05 19:38:20.384385,2026-05-05 19:38:20.384385,14.92,15.035,14.78,755977.0,725850.038019,725850.038019,715698.211369,15.58,2026-05-04,12.535,2025-06-17,7.573727,279226223.197,4212773565.0,2.57907,45.4324,280571000.0,Savings Banks,958.0,1938.0,2026-03-25 00:00:00,2026-03-11 00:00:00
23,LXEO,2026-05-05 19:38:20.384385,2026-05-05 19:38:20.384385,5.88,6.03,5.74,416492.0,652913.678628,652913.678628,931141.260095,10.99,2025-12-23,2.43,2025-05-15,,59136373.36107,441558937.2,1.7165,-2.65,74087070.0,Biotechnology,59.0,2017.0,,
33,TLYS,2026-05-05 19:38:20.384385,2026-05-05 19:38:20.384385,4.5774,4.6994,4.4,163551.0,340249.859328,340249.859328,438254.396814,5.54,2026-04-21,0.571,2025-05-15,,22429222.9845,102118083.894273,1.62496,-7.8,23182311.894273,Apparel/Footwear Retail,5123.0,1982.0,2021-12-15 00:00:00,2021-12-06 00:00:00
34,MDXG,2026-05-05 19:38:20.384385,2026-05-05 19:38:20.384385,3.59,3.73,3.59,1918063.0,2143746.240405,2143746.240405,1846617.24558,7.99,2025-07-31,3.025,2026-04-29,,116334571.192,545142360.0,2.21311,17.670093,148946000.0,Medical Specialties,808.0,1985.0,,
43,FFIC,2026-05-05 19:38:20.384385,2026-05-05 19:38:20.384385,15.73,16.21,15.715,154875.0,225001.403955,225001.403955,223171.565303,17.79,2025-12-19,11.125,2025-06-18,5.630198,31451502.9592,547389966.267755,0.759393,15.692771,33883625.271913,Regional Banks,567.0,1994.0,2026-04-24 00:00:00,2026-04-10 00:00:00
48,NCMI,2026-05-05 19:38:20.384385,2026-05-05 19:38:20.384385,3.44,3.49,3.4,231638.0,233762.919952,233762.919952,431898.019222,5.88,2025-05-06,2.92,2026-04-02,3.560831,64776894.7328,324149442.58902,0.838044,-32.61,93280415.133531,Advertising/Marketing Services,248.0,2006.0,2026-03-23 00:00:00,2026-03-09 00:00:00
49,BFST,2026-05-05 19:38:20.384385,2026-05-05 19:38:20.384385,27.03,27.46,26.85,182734.0,184775.557423,184775.557423,195051.276215,30.32,2026-02-04,22.515,2025-06-20,2.145764,30682125.794,896847710.0,0.867747,9.611692,32678000.0,Regional Banks,842.0,2006.0,2026-05-29 00:00:00,2026-05-15 00:00:00
50,FLYW,2026-05-05 19:38:20.384385,2026-05-05 19:38:20.384385,14.17,14.58,14.01,2994349.0,1752547.762518,1752547.762518,1700248.99777,15.25,2026-01-07,9.5,2025-05-05,,109644425.406,1761098769.6,2.07654,134.659091,121204320.0,Miscellaneous Commercial Services,1400.0,2009.0,,
52,OSG,2026-05-05 19:38:20.384385,2026-05-05 19:38:20.384385,4.22,4.385,4.15,337274.0,338888.650388,338888.650388,536425.875649,10.38,2025-11-11,3.88,2026-04-10,,42236440.9344,197159568.0,0.26659,-1.28,45013600.0,Specialty Insurance,483.0,1991.0,,
54,BOBS,2026-05-05 19:38:20.384385,2026-05-05 19:38:20.384385,10.03,10.28,9.86,1091641.0,1049257.021412,1049257.021412,991683.313831,23.4899,2026-02-24,9.86,2026-05-05,,30385826.30853,1308233547.45,7.92925,10.677948,130367070.0,Specialty Stores,5950.0,1991.0,,
60,TII,2026-05-05 19:38:20.384385,2026-05-05 19:38:20.384385,2.6637,2.72,2.55,192529.0,196819.775013,196819.775013,186544.887989,5.65,2026-01-21,0.4965,2025-05-19,,42969788.1342,250634655.0,65.1332,-3162.5,98288100.0,Other Metals/Minerals,159.0,2012.0,2023-04-14 00:00:00,2023-03-30 00:00:00
61,PN,2026-05-05 19:38:20.384385,2026-05-05 19:38:20.384385,4.85,11.87,4.8,16750911.0,8242811.328014,8242811.328014,3819470.52288,87.4,2025-07-29,2.18,2026-04-15,,1072538.29375,98042644.638931,2.61936,-24.79,14311750.184502,Electric Utilities,115.0,2022.0,,
64,OCC,2026-05-05 19:38:20.384385,2026-05-05 19:38:20.384385,10.86,11.0,9.8,296690.0,332640.983826,332640.983826,264367.340575,13.95,2026-04-24,2.44,2025-06-05,,5814778.4296,87609472.0,4.90584,-115.16,8831600.0,Telecommunications Equipment,348.0,1983.0,2015-11-20 00:00:00,2015-10-28 00:00:00
68,MSBI,2026-05-05 19:38:20.384385,2026-05-05 19:38:20.384385,26.14,27.1,25.9,207227.0,182650.978272,182650.978272,169775.291578,27.1,2026-05-05,14.24,2025-10-31,4.890258,18922410.1976,561362984.0,1.20547,21.99729,20729800.0,Regional Banks,861.0,1988.0,2026-02-20 00:00:00,2026-02-13 00:00:00
72,MCW,2026-05-05 19:38:20.384385,2026-05-05 19:38:20.384385,7.02,7.05,7.02,845297.0,2000674.726089,2000674.726089,1998434.3626,7.98,2025-05-13,4.61,2025-10-14,,101731499.135,2315420800.0,1.9662,21.225845,328895000.0,Other Consumer Services,6836.0,1996.0,,
73,ALH,2026-05-05 19:38:20.384385,2026-05-05 19:38:20.384385,25.595,25.895,25.39,395343.0,805019.937398,805019.937398,1122670.09294,27.48,2025-11-13,18.64,2026-03-20,,45822819.38189,5061446844.323166,12.8912,49.679674,197944733.841344,Industrial Machinery,3923.0,1908.0,,
74,SVAC,2026-05-05 19:38:20.384385,2026-05-05 19:38:20.384385,10.38,10.44,10.33,161631.0,217875.010863,217875.010863,218731.852871,12.0,2026-01-22,10.03,2025-09-30,,21358191.0,319240014.360921,1.41987,135.110533,30666668.046198,Financial Conglomerates,3.0,2025.0,,
76,MBLY,2026-05-05 19:38:20.384385,2026-05-05 19:38:20.384385,8.67,8.81,8.635,3475533.0,7828726.913184,7828726.913184,6577644.85877,20.18,2025-07-09,6.47,2026-03-30,,214729628.63608,7381761473.275001,0.891515,-1.74,842186135.0,Packaged Software,4200.0,1999.0,,
77,NVTS,2026-05-05 19:38:20.384385,2026-05-05 19:38:20.384385,16.2,18.14,15.7,40859077.0,45267237.441538,45267237.441538,33507795.9331,19.79,2026-04-24,1.8,2025-05-06,,208266218.442,4038877500.0,8.27202,-27.94,230793000.0,Semiconductors,190.0,2020.0,,
78,NAVN,2026-05-05 19:38:20.384385,2026-05-05 19:38:20.384385,18.97,18.99,18.0,3511115.0,2592251.714569,2592251.714569,2654890.41777,25.0,2025-10-29,8.105,2026-03-20,,71769908.76372,4654124385.67503,3.78281,-11.6,250761012.159215,Packaged Software,3400.0,2015.0,,
82,ALMS,2026-05-05 19:38:20.384385,2026-05-05 19:38:20.384385,25.7,26.33,25.27,997295.0,1207381.801507,1207381.801507,1202762.02641,30.6,2026-02-19,2.7601,2025-06-24,,82712385.71271,3324990695.32,8.77489,-8.42,127199338.0,Pharmaceuticals: Major,224.0,2021.0,,
83,PAGS,2026-05-05 19:38:20.384385,2026-05-05 19:38:20.384385,9.825,10.0,9.746,3106156.0,3136998.965193,3136998.965193,3511923.94099,12.32,2026-01-29,7.735,2025-08-01,0.004103,159705277.974,2882172169.954362,1.02079,7.590502,290981541.641026,Miscellaneous Commercial Services,,2006.0,2026-06-01 00:00:00,2026-04-22 00:00:00
84,NRIX,2026-05-05 19:38:20.384385,2026-05-05 19:38:20.384385,17.15,17.39,16.06,1307057.0,768567.720811,768567.720811,1035643.66888,22.4999,2025-12-08,8.195,2025-09-23,,97336481.424,1717573660.0,3.64023,-5.36,103406000.0,Biotechnology,317.0,2009.0,,
87,PAX,2026-05-05 19:38:20.384385,2026-05-05 19:38:20.384385,12.71,12.97,12.6301,525463.0,714692.485818,714692.485818,764837.784172,17.8,2026-01-08,10.65,2025-05-06,4.731861,57484574.1184,2065098038.5,3.30537,23.634669,159467030.0,Investment Managers,548.0,2001.0,2026-03-12 00:00:00,2026-02-20 00:00:00
91,VTEX,2026-05-05 19:38:20.384385,2026-05-05 19:38:20.384385,3.885,3.94,3.76,1730890.0,1313647.332247,1313647.332247,1123234.80074,6.82,2025-07-18,2.8414,2026-02-23,,63756005.3602,654666739.2,2.82277,38100.0,170486130.0,Information Technology Services,1139.0,2000.0,,
95,CLPT,2026-05-05 19:38:20.384385,2026-05-05 19:38:20.384385,11.31,11.35,10.71,297535.0,383825.86866,383825.86866,466025.344261,30.0999,2025-10-09,8.27,2026-04-10,,26617522.69,332544918.550985,11.7181,-12.3,29986016.100179,Medical Specialties,172.0,1998.0,,
97,ACTU,2026-05-05 19:38:20.384385,2026-05-05 19:38:20.384385,2.98,3.08,2.8101,38648.0,169670.281176,169670.281176,219076.141062,11.99,2025-05-30,1.58,2026-04-13,,10073596.487392,72552428.847459,8.65382,-2.74,23709944.067797,Pharmaceuticals: Major,12.0,2015.0,,
99,IE,2026-05-05 19:38:20.384385,2026-05-05 19:38:20.384385,12.505,12.87,12.38,1425741.0,1862091.356751,1862091.356751,1991580.30752,21.55,2026-01-29,6.01,2025-05-06,,122086586.9756,2019132648.0,4.33235,-16.08,157991600.0,Other Metals/Minerals,286.0,2020.0,,
101,IMA,2026-05-05 19:38:20.384385,2026-05-05 19:38:20.384385,5.71,5.93,5.5301,33698.0,68578.161227,68578.161227,970391.032101,18.0,2025-06-09,3.94,2026-03-27,,7008462.4658,66103432.74,0.479973,-0.89,11185014.0,Biotechnology,15.0,2016.0,,
102,IPSC,2026-05-05 19:38:20.384385,2026-05-05 19:38:20.384385,2.32,2.35,2.23,450171.0,633514.454934,633514.454934,1043492.14157,3.04,2026-03-10,0.435,2025-11-17,,114718275.954,414131740.786026,1.261,-21.75,180057278.60262,Biotechnology,78.0,2018.0,,
104,BLFS,2026-05-05 19:38:20.384385,2026-05-05 19:38:20.384385,21.27,21.6,20.6401,296277.0,358670.527014,358670.527014,366676.607652,29.62,2025-10-24,17.86,2026-03-13,,46761260.7,1054773040.910374,2.73339,-67.4,48900001.896633,Medical Specialties,155.0,1987.0,,
107,VFC,2026-05-05 19:38:20.384385,2026-05-05 19:38:20.384385,18.52,18.68,18.175,3810592.0,6160308.789374,6160308.789374,6592448.34058,22.2699,2026-04-21,11.06,2025-06-23,1.957586,366716333.169,7167944081.374663,4.03037,33.36357,391263323.219141,Apparel/Footwear,27000.0,1899.0,2026-03-19 00:00:00,2026-03-10 00:00:00
109,OGN,2026-05-05 19:38:20.384385,2026-05-05 19:38:20.384385,13.29,13.35,13.265,7239939.0,26906356.024914,26906356.024914,18242631.9501,13.39,2026-04-30,5.69,2026-03-30,0.603318,261258846.289,3505723350.0,3.85684,14.127424,262601000.0,Pharmaceuticals: Major,10000.0,2020.0,2026-06-11 00:00:00,2026-05-11 00:00:00
112,LWLG,2026-05-05 19:38:20.384385,2026-05-05 19:38:20.384385,16.02,17.42,15.0601,10643113.0,10587399.118959,10587399.118959,10068684.3853,18.28,2026-05-04,0.8221,2025-05-06,,148838308.53,2516860421.0,30.8941,-109.78,150611000.0,Chemicals: Specialty,34.0,1997.0,,
116,VENU,2026-05-05 19:38:20.384385,2026-05-05 19:38:20.384385,3.95,4.02,3.9,177777.0,233443.300242,233443.300242,300661.445875,18.17,2025-08-22,3.06,2026-03-27,,43562810.44548,235535588.350516,1.34073,-3.49,60347319.587629,Movies/Entertainment,280.0,2017.0,,
118,ARX,2026-05-05 19:38:20.384385,2026-05-05 19:38:20.384385,12.875,13.42,12.69,753593.0,1164757.582502,1164757.582502,1223405.06907,31.18,2025-07-25,9.18,2026-02-24,,56952382.46652,2965750573.12,4.12678,-1.88,223999288.0,Property/Casualty Insurance,,2018.0,,
121,SGRY,2026-05-05 19:38:20.384385,2026-05-05 19:38:20.384385,14.08,15.11,13.81,2963735.0,1274318.18053,1274318.18053,1091257.05041,24.18,2025-05-16,11.41,2026-03-30,,76888551.42,1846823400.0,1.07208,-23.16,129420000.0,Hospital/Nursing Management,16000.0,2004.0,,
124,AIP,2026-05-05 19:38:20.384385,2026-05-05 19:38:20.384385,29.25,30.75,29.21,716887.0,809836.159176,809836.159176,646444.018152,30.75,2026-05-05,6.6367,2025-05-06,,34889575.975065,1389231495.759447,-87.2841,-35.1,46092617.642981,Semiconductors,299.0,2003.0,,
129,RBBN,2026-05-05 19:38:20.384385,2026-05-05 19:38:20.384385,2.67,2.755,2.67,503171.0,1056356.759391,1056356.759391,1139208.95961,4.29,2025-06-03,1.8,2026-02-06,,142474235.256,479136840.0,1.04528,15.641476,175508000.0,Packaged Software,3080.0,1997.0,,
130,GTN,2026-05-05 19:38:20.384385,2026-05-05 19:38:20.384385,5.52,5.535,5.335,770875.0,999454.383777,999454.383777,1054525.36042,6.435,2026-04-21,3.5,2025-08-08,5.776173,86271579.0024,612420793.008122,0.262225,-3.87,111653745.306859,Broadcasting,9582.0,1897.0,2026-03-31 00:00:00,2026-03-13 00:00:00
133,TRAD,2026-05-05 19:38:20.384385,2026-05-05 19:38:20.384385,9.9,9.91,9.9,1028642.0,222649.3,222649.3,203407.9091,9.91,2026-05-05,9.85,2026-04-20,,11558068.04,141267050.0,1.25386,,14255000.0,Financial Conglomerates,,,,
134,THRY,2026-05-05 19:38:20.384385,2026-05-05 19:38:20.384385,3.75,3.955,3.72,1261456.0,1312555.542023,1312555.542023,880545.941427,15.49,2025-05-14,1.91,2026-02-27,,40720921.9648,168529240.0,0.729868,11.582891,44349800.0,Packaged Software,2729.0,2012.0,,
136,NOG,2026-05-05 19:38:20.384385,2026-05-05 19:38:20.384385,26.58,26.915,26.3,2059626.0,2328928.853709,2328928.853709,2304796.83397,32.62,2025-06-13,20.18,2025-11-07,6.716418,102483655.967,2817217510.695136,1.58889,-4.19,105791119.440298,Oil & Gas Production,64.0,2006.0,2026-04-30 00:00:00,2026-03-30 00:00:00
138,PRVA,2026-05-05 19:38:20.384385,2026-05-05 19:38:20.384385,24.24,24.42,23.86,955236.0,942793.904609,942793.904609,876609.894298,26.51,2025-11-06,18.77,2025-08-01,,117333498.75,3052687500.0,4.06417,136.332958,125625000.0,Life/Health Insurance,1226.0,2007.0,,
139,CPIX,2026-05-05 19:38:20.384385,2026-05-05 19:38:20.384385,4.55,4.75,4.4943,322554.0,5620226.69168,5620226.69168,2695724.31179,6.265,2025-06-09,1.85,2025-11-18,,8723691.2122,68202221.827815,2.72317,-23.68,14956627.593819,Pharmaceuticals: Major,93.0,1999.0,,
140,RIOT,2026-05-05 19:38:20.384385,2026-05-05 19:38:20.384385,19.2,20.42,19.0681,20934500.0,20135571.975194,20135571.975194,19726035.9237,23.935,2025-10-10,7.66,2025-05-06,,348325474.328,7687814318.27195,2.95624,-8.28,378151220.770878,Information Technology Services,816.0,2000.0,2017-10-18 00:00:00,2017-10-12 00:00:00
141,OTEX,2026-05-05 19:38:20.384385,2026-05-05 19:38:20.384385,23.16,23.555,22.92,1542899.0,1526133.465847,1526133.465847,1670990.88954,39.9,2025-10-15,19.995,2026-04-09,4.674398,246064329.067,5881652410.0,1.44087,13.586478,250603000.0,Packaged Software,21400.0,1991.0,2026-03-20 00:00:00,2026-03-06 00:00:00
142,YSWY,2026-05-05 19:38:20.384385,2026-05-05 19:38:20.384385,28.05,29.08,27.44,330653.0,1464575.4067,1464575.4067,1464575.4067,29.08,2026-05-05,20.0,2026-04-21,,13896616.154608,1711965516.8,,,60794230.0,Food Retail,,2015.0,,
144,INUV,2026-05-05 19:38:20.384385,2026-05-05 19:38:20.384385,1.8602,1.8602,1.7301,224799.0,165174.912847,165174.912847,231928.635975,6.27,2025-07-18,1.62,2026-02-04,,11834420.1881,26926115.274193,2.72827,-5.11,14713724.193548,Packaged Software,72.0,1987.0,,
146,PRCH,2026-05-05 19:38:20.384385,2026-05-05 19:38:20.384385,10.36,11.35,10.0501,3271416.0,2960578.061359,2960578.061359,2225164.12138,19.4355,2025-09-22,5.9199,2025-05-05,,85880370.373,1225316634.594595,-50.6453,-63.99,109403270.945946,Property/Casualty Insurance,803.0,2011.0,,
148,XRX,2026-05-05 19:38:20.384385,2026-05-05 19:38:20.384385,2.54,2.66,2.36,12876257.0,14102582.017889,14102582.017889,8138909.54835,6.8,2025-07-23,1.19,2026-04-13,3.846154,118857075.36,346557037.01923,1.13718,-0.32,130776240.384615,Computer Peripherals,22900.0,2019.0,2026-04-30 00:00:00,2026-03-31 00:00:00
151,FTCI,2026-05-05 19:38:20.384385,2026-05-05 19:38:20.384385,3.95,4.2,3.3,1193072.0,213677.444112,213677.444112,183756.68345,12.75,2026-01-16,2.9,2025-05-07,,11948138.7792,55179114.0,-1.2478,-0.65,15970800.0,Packaged Software,232.0,2017.0,,
155,HLX,2026-05-05 19:38:20.384385,2026-05-05 19:38:20.384385,10.35,10.35,10.17,1779074.0,2810957.835577,2810957.835577,2077000.8138,10.75,2026-02-24,5.52,2025-07-24,,137281786.848,1510521472.483905,0.969765,105.670103,147296096.780488,Oilfield Services/Equipment,2212.0,1979.0,,
156,RMIX,2026-05-05 19:38:20.384385,2026-05-05 19:38:20.384385,16.99,17.99,15.29,174006.0,164332.634642,164332.634642,526760.1941,17.99,2026-05-04,9.2,2026-04-09,,18969078.921238,448281542.135,2.10255,-322.57,29175499.0,Packaged Software,3.0,2025.0,,
158,HAYW,2026-05-05 19:38:20.384385,2026-05-05 19:38:20.384385,14.52,14.66,14.41,1370687.0,3260265.472841,3260265.472841,2510803.5011,17.73,2025-10-30,13.04,2026-03-30,,211230837.54,3152472390.0,1.9447,19.933555,216963000.0,Recreational Products,1980.0,2017.0,,
160,JOBY,2026-05-05 19:38:20.384385,2026-05-05 19:38:20.384385,8.84,8.93,8.6301,30833027.0,31307483.369954,31307483.369954,25336499.9149,20.95,2025-08-04,6.18,2025-05-06,,628221394.944,8533909293.774266,5.75123,-7.71,983169273.476298,Aerospace & Defense,2559.0,2009.0,,
161,ASTI,2026-05-05 19:38:20.384385,2026-05-05 19:38:20.384385,4.31,4.37,4.05,661122.0,1127218.059637,1127218.059637,1707768.86583,9.87,2026-02-11,1.1,2025-06-25,,8446903.59781,39645319.1,6.11783,-1.31,9461890.0,Semiconductors,18.0,2005.0,,
162,SLP,2026-05-05 19:38:20.384385,2026-05-05 19:38:20.384385,15.1,15.74,14.62,180860.0,244230.270847,244230.270847,400971.78182,34.01,2025-05-27,11.09,2026-03-30,,16685701.9,317630460.0,2.28834,-5.03,20205500.0,Packaged Software,213.0,1996.0,2024-08-05 00:00:00,2024-07-29 00:00:00
164,ULCC,2026-05-05 19:38:20.384385,2026-05-05 19:38:20.384385,3.72,4.49,3.72,9872027.0,7358456.159071,7358456.159071,6581851.29408,6.66,2026-02-09,3.02,2026-03-19,,85920916.66,1001609159.744376,1.90765,-6.78,229732140.586797,Airlines,7750.0,1994.0,,
166,AIOS,2026-05-05 19:38:20.384385,2026-05-05 19:38:20.384385,16.0,32.4497,16.0,3314668.0,1045572.158098,1045572.158098,476663.9035,119.0,2025-05-12,6.54,2026-04-27,,2309622.13725,63685398.505151,0.794546,-0.06,3249255.025773,Industrial Machinery,20.0,2012.0,,
167,TPST,2026-05-05 19:38:20.384385,2026-05-05 19:38:20.384385,2.12,2.16,2.06,122487.0,169477.784123,169477.784123,295517.055942,12.23,2025-10-15,1.5,2026-03-31,,8129017.336,30983112.682464,1.55914,-0.31,14344033.649289,Pharmaceuticals: Major,4.0,2011.0,,
174,ZYME,2026-05-05 19:38:20.384385,2026-05-05 19:38:20.384385,27.02,27.33,26.14,412700.0,566003.607515,566003.607515,552104.786358,29.75,2026-04-27,10.86,2025-05-08,,70026646.4424,1983080259.289015,7.49953,-24.73,74300496.788648,Pharmaceuticals: Major,264.0,2003.0,,
175,MOS,2026-05-05 19:38:20.384385,2026-05-05 19:38:20.384385,22.89,23.3199,22.745,6779738.0,7499053.091464,7499053.091464,8129188.79962,38.23,2025-07-08,22.74,2026-04-28,3.831084,316562580.273,7394710455.0,0.603305,13.547626,317847000.0,Chemicals: Agricultural,13249.0,2004.0,2026-06-02 00:00:00,2026-05-21 00:00:00
176,QURE,2026-05-05 19:38:20.384385,2026-05-05 19:38:20.384385,20.11,21.27,19.76,1563178.0,1555108.967466,1555108.967466,1583583.24205,71.5,2025-10-28,8.73,2026-03-03,,57618157.3476,1302304332.0,6.48124,-6.08,61603800.0,Biotechnology,221.0,2012.0,,
178,GSBD,2026-05-05 19:38:20.384385,2026-05-05 19:38:20.384385,10.07,10.155,9.865,1147087.0,1286381.847384,1286381.847384,1344237.1836,12.028,2025-07-18,8.6602,2026-04-02,12.749004,112374705.906,1140324664.167326,0.794222,9.729625,112569068.525896,Investment Trusts/Mutual Funds,,2012.0,2026-04-28 00:00:00,2026-03-31 00:00:00
181,ANGO,2026-05-05 19:38:20.384385,2026-05-05 19:38:20.384385,11.0,11.17,10.92,235993.0,273150.577925,273150.577925,432402.935219,13.99,2025-12-04,8.36,2025-08-08,,36537394.2542,452028883.570123,2.64004,-14.45,41318910.746812,Medical Specialties,675.0,1988.0,,
183,DTI,2026-05-05 19:38:20.384385,2026-05-05 19:38:20.384385,3.43,3.5,3.3788,212983.0,324092.30742,324092.30742,689332.654974,4.69,2026-04-06,1.65,2025-09-24,,21476261.95968,121742733.836735,0.995582,-32.48,35185761.22449,Finance/Rental/Leasing,432.0,1984.0,,
186,ENGN,2026-05-05 19:38:20.384385,2026-05-05 19:38:20.384385,7.72,8.03,7.485,426206.0,493753.190639,493753.190639,380899.415903,12.25,2026-01-23,2.65,2025-05-13,,35019142.15176,529216834.07359,1.81068,-3.38,66989472.667543,Miscellaneous Commercial Services,82.0,2023.0,,
188,DNLI,2026-05-05 19:38:20.384385,2026-05-05 19:38:20.384385,19.15,19.4,18.33,2535623.0,1682173.39324,1682173.39324,1476589.4711,23.77,2026-02-03,12.58,2025-09-22,,141635860.288,3002570698.477498,2.87634,-6.29,158656311.676486,Biotechnology,503.0,2013.0,,
189,EOLS,2026-05-05 19:38:20.384385,2026-05-05 19:38:20.384385,5.4725,6.665,5.4725,3918241.0,843218.442412,843218.442412,773425.147087,12.24,2025-05-05,3.86,2026-03-30,,47847531.22,414432200.0,-15.6993,-6.95,65060000.0,Pharmaceuticals: Major,334.0,2012.0,,
192,HOPE,2026-05-05 19:38:20.384385,2026-05-05 19:38:20.384385,12.41,12.64,12.3,706259.0,1144429.191838,1144429.191838,1002897.66778,13.02,2026-04-28,9.435,2025-08-01,4.527082,124231802.961,1598697765.0,0.692468,23.825116,127947000.0,Major Banks,1434.0,2000.0,2026-05-22 00:00:00,2026-05-08 00:00:00
196,SBET,2026-05-05 19:38:20.384385,2026-05-05 19:38:20.384385,7.73,7.73,7.455,4376051.0,7893664.267229,7893664.267229,8055396.71422,124.12,2025-05-30,2.4066,2025-05-08,,178578341.522,1499394195.0,0.615539,-0.82,197159000.0,Advertising/Marketing Services,15.0,2019.0,,
197,MAMA,2026-05-05 19:38:20.384385,2026-05-05 19:38:20.384385,14.06,14.94,13.7701,347899.0,301862.914681,301862.914681,402777.950805,17.85,2026-02-26,6.37,2025-05-12,,36260148.735,587493672.772203,10.7863,109.318716,40657001.575931,Food: Meat/Fish/Dairy,581.0,2009.0,,
198,GPRE,2026-05-05 19:38:20.384385,2026-05-05 19:38:20.384385,18.06,18.94,17.84,1548053.0,1187301.415671,1187301.415671,1318838.27217,18.94,2026-05-05,3.385,2025-05-08,,67411831.8612,1274209692.544267,1.64672,-9.51,69838843.110127,Chemicals: Specialty,642.0,2004.0,2019-06-14 00:00:00,2019-05-23 00:00:00
200,ELDN,2026-05-05 19:38:20.384385,2026-05-05 19:38:20.384385,3.82,3.86,3.73,729883.0,1551437.660745,1551437.660745,1708203.69404,4.6,2025-11-03,1.35,2025-11-21,,71884352.6832,286719481.000002,3.51638,-6.36,75851714.550265,Pharmaceuticals: Major,33.0,2004.0,,
202,BV,2026-05-05 19:38:20.384385,2026-05-05 19:38:20.384385,11.78,11.82,11.6,1110555.0,501226.808707,501226.808707,433071.734066,17.105,2025-07-01,11.06,2025-11-20,,68942154.0,1110618000.0,0.87546,-1422.89,94200000.0,Miscellaneous Commercial Services,18600.0,2013.0,,
204,ADPT,2026-05-05 19:38:20.384385,2026-05-05 19:38:20.384385,14.74,14.83,13.64,3187405.0,1240845.081027,1240845.081027,1536424.84363,20.76,2025-11-25,8.375,2025-05-07,,148202593.594,2121102050.0,10.1914,-36.37,153982000.0,Biotechnology,624.0,2009.0,,
209,THM,2026-05-05 19:38:20.384385,2026-05-05 19:38:20.384385,2.35,2.35,2.255,988769.0,1288347.008434,1288347.008434,1113915.26705,3.6499,2026-01-28,0.6423,2025-05-14,,228618933.874,593915990.0,8.55173,-103.57,261637000.0,Precious Metals,3.0,1978.0,2010-08-30 00:00:00,2010-08-26 00:00:00
210,MDAI,2026-05-05 19:38:20.384385,2026-05-05 19:38:20.384385,2.27,2.328,2.21,354570.0,428155.167176,428155.167176,443654.265623,3.21,2025-07-09,1.13,2025-05-07,,26790397.92,72558720.0,-12.1644,-7.19,31824000.0,Medical Specialties,65.0,2020.0,,
212,RLAY,2026-05-05 19:38:20.384385,2026-05-05 19:38:20.384385,13.15,13.3599,12.66,1951216.0,3312838.98863,3312838.98863,3548553.27889,17.32,2026-04-17,2.6701,2025-05-15,,140807445.71,2455938785.445374,4.01359,-8.12,189209459.587471,Biotechnology,192.0,2015.0,,
218,TBPH,2026-05-05 19:38:20.384385,2026-05-05 19:38:20.384385,16.98,17.17,16.65,262329.0,319398.185974,319398.185974,363841.626477,21.03,2026-01-22,8.33,2025-05-14,,48146273.4432,860961740.853927,2.91038,8.225108,51492927.084565,Pharmaceuticals: Major,90.0,2013.0,,
219,ZETA,2026-05-05 19:38:20.384385,2026-05-05 19:38:20.384385,18.14,18.2,17.65,8698023.0,9611103.951946,9611103.951946,8171664.61199,24.9,2026-01-09,12.1,2025-06-13,,217912080.579,4357605944.772481,5.21519,-170.65,244123582.340195,Packaged Software,3300.0,2012.0,,
223,PFS,2026-05-05 19:38:20.384385,2026-05-05 19:38:20.384385,22.31,22.66,22.309,686607.0,1057540.38591,1057540.38591,1003121.71699,23.9789,2026-02-09,15.92,2025-06-18,4.314607,115902916.40686,2935315871.805614,1.01277,9.47615,130313690.202247,Savings Banks,1866.0,1839.0,2026-05-29 00:00:00,2026-05-15 00:00:00
224,ALTI,2026-05-05 19:38:20.384385,2026-05-05 19:38:20.384385,3.54,3.62,3.5,89457.0,202931.836497,202931.836497,162474.343195,5.445,2025-12-11,2.96,2026-03-20,,68695857.2,542423348.717947,1.42641,-2.68,150673152.421652,Investment Managers,490.0,2020.0,,
226,CODA,2026-05-05 19:38:20.384385,2026-05-05 19:38:20.384385,11.56,11.72,11.33,109018.0,152635.356268,152635.356268,156291.739964,17.28,2026-03-10,5.98,2025-06-05,,5389877.0094,132044302.0,2.15729,31.364008,11276200.0,Aerospace & Defense,100.0,1994.0,,
227,PURR,2026-05-05 19:38:20.384385,2026-05-05 19:38:20.384385,6.65,6.87,6.48,9102143.0,5647091.73127,5647091.73127,5565650.59778,6.88,2026-04-14,3.01,2025-12-29,,103435391.15625,826863291.7,1.34243,,123967510.0,Financial Conglomerates,,2025.0,,
228,RYZ,2026-05-05 19:38:20.384385,2026-05-05 19:38:20.384385,26.45,28.51,26.14,438430.0,310608.532964,310608.532964,297810.080159,30.9,2026-02-04,19.02,2025-06-23,2.859321,24398617.5234,887684638.251244,1.12183,-14.96,31850901.982463,Steel,4300.0,1842.0,2026-03-19 00:00:00,2026-03-05 00:00:00
230,VLN,2026-05-05 19:38:20.384385,2026-05-05 19:38:20.384385,2.2347,2.5,2.12,4611718.0,5843036.841931,5843036.841931,3082358.69782,3.34,2025-07-24,1.1,2026-03-30,,75866344.118,255861990.0,2.20857,-7.35,105293000.0,Semiconductors,233.0,2006.0,,
231,ASLE,2026-05-05 19:38:20.384385,2026-05-05 19:38:20.384385,6.85,7.18,6.82,237939.0,207148.780628,207148.780628,221416.795135,9.12,2025-08-25,5.56,2025-11-07,,33446618.6544,339275293.281292,0.755444,38.601478,47252826.362297,Wholesale Distributors,704.0,2008.0,,
234,BRZE,2026-05-05 19:38:20.384385,2026-05-05 19:38:20.384385,24.3,24.55,23.675,1598491.0,2012912.411264,2012912.411264,2854756.8557,37.67,2025-06-05,15.26,2026-02-23,,84675613.8086,2761341365.049229,4.36969,-19.79,113448700.289615,Internet Software/Services,1988.0,2011.0,,
235,OCUL,2026-05-05 19:38:20.384385,2026-05-05 19:38:20.384385,9.38,9.83,9.08,4217483.0,2701453.820015,2701453.820015,3092826.78246,16.44,2025-12-08,6.2301,2026-02-17,,196838847.936,2112700860.0,3.22418,-6.75,217692000.0,Pharmaceuticals: Major,325.0,2006.0,,
240,ADT,2026-05-05 19:38:20.384385,2026-05-05 19:38:20.384385,7.15,7.16,6.985,18535700.0,13272807.012953,13272807.012953,10212382.1381,8.935,2025-09-15,6.25,2026-03-09,3.116147,623949154.5,5540461675.0,1.49569,10.002834,791494525.0,Miscellaneous Commercial Services,12200.0,1874.0,2026-07-07 00:00:00,2026-06-11 00:00:00
245,PPSI,2026-05-05 19:38:20.384385,2026-05-05 19:38:20.384385,4.05,4.45,4.0,622260.0,380398.001629,380398.001629,246002.070574,5.6999,2025-08-15,2.31,2025-05-07,,8599821.1371,47270238.0,1.46463,-7.32,11096300.0,Electrical Products,58.0,2008.0,2025-01-07 00:00:00,2024-12-17 00:00:00
247,HCAT,2026-05-05 19:38:20.384385,2026-05-05 19:38:20.384385,1.57,1.62,1.49,317396.0,619404.472474,619404.472474,615763.89299,5.062,2025-05-08,0.955099,2026-04-10,,63560742.5258,117369989.0,0.460098,-0.63,73586200.0,Packaged Software,1200.0,2008.0,,
253,OPRT,2026-05-05 19:38:20.384385,2026-05-05 19:38:20.384385,5.75,5.755,5.54,383422.0,447772.689187,447772.689187,407666.35005,7.965,2025-07-07,4.03,2026-03-19,,37748715.866,253848913.552631,0.649328,10.805687,45738542.982456,Finance/Rental/Leasing,2405.0,2005.0,,
254,INTR,2026-05-05 19:38:20.384385,2026-05-05 19:38:20.384385,7.35,7.63,7.3,3912122.0,2405393.863712,2405393.863712,3076352.82397,10.36,2026-01-29,6.4,2025-07-28,0.001569,240422943.94725,3358458013.509015,1.71454,13.511994,441321683.772538,Major Banks,,2021.0,2026-03-05 00:00:00,2026-02-20 00:00:00
257,CCOI,2026-05-05 19:38:20.384385,2026-05-05 19:38:20.384385,16.61,18.65,16.1,4008773.0,1856518.762007,1856518.762007,1212001.15631,55.89,2025-05-06,14.82,2026-05-04,12.614539,47678477.393,903346272.0,-8.6827,-5.07,50102400.0,Major Telecommunications,1833.0,1999.0,2026-06-02 00:00:00,2026-05-18 00:00:00
258,FA,2026-05-05 19:38:20.384385,2026-05-05 19:38:20.384385,12.9,12.9,12.4,838661.0,987328.737236,987328.737236,969088.73527,19.01,2025-06-10,8.82,2026-02-24,,80451007.604,2205136677.950233,1.67884,-62.54,174319104.976303,Packaged Software,9500.0,2003.0,2023-08-31 00:00:00,2023-08-18 00:00:00
262,KALV,2026-05-05 19:38:20.384385,2026-05-05 19:38:20.384385,26.69,26.72,26.66,5317102.0,10494814.439815,10494814.439815,5351268.18697,26.76,2026-04-29,9.83,2025-06-24,,37847844.2475,1368665200.0,-501.5021,-6.68,51222500.0,Pharmaceuticals: Major,275.0,2004.0,,
265,KSCP,2026-05-05 19:38:20.384385,2026-05-05 19:38:20.384385,3.31,3.31,3.1,484199.0,413656.727265,413656.727265,484433.543809,10.14,2025-07-18,2.92,2026-02-05,,14221602.413665,50991570.3508,1.49377,-0.77,16282913.0,Industrial Machinery,90.0,2013.0,,
268,MBOT,2026-05-05 19:38:20.384385,2026-05-05 19:38:20.384385,2.13,2.14,2.09,991723.0,1285846.870409,1285846.870409,1549583.39397,4.67,2025-09-08,1.6001,2026-02-05,,61018952.904,141367689.763033,1.82716,-6.91,67158047.393365,Biotechnology,43.0,1988.0,,
269,PLUG,2026-05-05 19:38:20.384385,2026-05-05 19:38:20.384385,3.14,3.4,3.14,67726957.0,69843800.292175,69843800.292175,73877445.5858,4.58,2025-10-06,0.69,2025-05-16,,1330665852.24,4614007600.0,4.45875,-2.36,1393960000.0,Electronic Production Equipment,2582.0,1997.0,,
270,STGW,2026-05-05 19:38:20.384385,2026-05-05 19:38:20.384385,6.39,6.72,6.39,1225637.0,1467281.062681,1467281.062681,1418485.88021,7.52,2026-04-17,4.03,2025-06-03,,107458588.824,1643274417.080697,2.2093,88.022284,247854361.550633,Miscellaneous Commercial Services,12629.0,2011.0,2016-08-24 00:00:00,2016-08-08 00:00:00
271,FHB,2026-05-05 19:38:20.384385,2026-05-05 19:38:20.384385,27.28,27.5899,27.02,1777815.0,2181177.012727,2181177.012727,1861838.09336,28.35,2026-01-22,22.645,2025-10-16,3.823529,121798000.625,3380291250.0,1.2309,11.900074,122875000.0,Regional Banks,2000.0,1858.0,2026-05-29 00:00:00,2026-05-18 00:00:00
273,MGPI,2026-05-05 19:38:20.384385,2026-05-05 19:38:20.384385,19.03,20.2499,18.82,185315.0,236818.443415,236818.443415,223501.152493,34.985,2025-05-12,16.45,2026-03-20,2.522333,14469563.3008,427211039.069357,0.699577,-1.71,21371237.572254,Agricultural Commodities/Milling,617.0,1941.0,2026-05-29 00:00:00,2026-05-15 00:00:00
275,EOSE,2026-05-05 19:38:20.384385,2026-05-05 19:38:20.384385,6.49,6.525,6.135,14286733.0,20374103.458495,20374103.458495,26591853.7899,19.86,2025-11-10,3.69,2025-06-04,,333143769.307,2116801205.0,-0.9607,-0.91,339503000.0,Electrical Products,787.0,2008.0,,
277,IMMX,2026-05-05 19:38:20.384385,2026-05-05 19:38:20.384385,9.7443,9.935,8.82,899560.0,696966.511256,696966.511256,682167.257667,11.6099,2026-03-17,1.87,2025-06-03,,39802486.654167,507325730.01,5.35179,-10.64,53012093.0,Pharmaceuticals: Major,21.0,2012.0,,
278,NWBI,2026-05-05 19:38:20.384385,2026-05-05 19:38:20.384385,13.82,14.095,13.81,875752.0,1143582.915997,1143582.915997,1100390.46107,14.26,2026-04-28,11.25,2025-11-19,5.805515,139251560.318,2051885965.253995,1.06504,14.915034,146302029.608128,Savings Banks,2169.0,1896.0,2026-05-20 00:00:00,2026-05-07 00:00:00
284,MED,2026-05-05 19:38:20.384385,2026-05-05 19:38:20.384385,10.97,13.41,9.921,802880.0,136303.363218,136303.363218,189406.62311,15.46,2025-07-10,9.22,2026-03-13,,10448034.8164,143191466.0,0.54416,-6.25,11031700.0,Miscellaneous Commercial Services,380.0,1980.0,2023-11-07 00:00:00,2023-09-18 00:00:00
288,SXC,2026-05-05 19:38:20.384385,2026-05-05 19:38:20.384385,6.8401,7.13,6.8401,1047916.0,1373858.369921,1373858.369921,1230261.66751,9.17,2025-05-05,5.515,2026-02-26,6.956522,83910311.2416,602457720.0,1.00651,-8.96,84853200.0,Steel,2477.0,1960.0,2026-06-02 00:00:00,2026-05-15 00:00:00
289,BGC,2026-05-05 19:38:20.384385,2026-05-05 19:38:20.384385,11.21,11.3,11.02,2048166.0,2695852.061444,2695852.061444,2811978.32958,11.905,2026-04-17,8.265,2025-11-20,0.714924,364897913.56,5317440635.378013,5.43835,36.201876,479913414.745308,Investment Banks/Brokers,4560.0,2004.0,2026-03-18 00:00:00,2026-03-04 00:00:00
291,HNRG,2026-05-05 19:38:20.384385,2026-05-05 19:38:20.384385,15.81,17.9,15.81,2415787.0,865059.524505,865059.524505,857553.191581,24.7,2025-11-11,14.11,2025-05-05,,35217343.0528,832322864.0,4.26565,16.139405,47130400.0,Coal,633.0,1951.0,2020-02-14 00:00:00,2020-01-30 00:00:00
296,COTY,2026-05-05 19:38:20.384385,2026-05-05 19:38:20.384385,2.415,2.58,2.37,13954052.0,8132276.354281,8132276.354281,7956437.65706,5.34,2025-06-16,1.954,2026-04-02,,373825668.794,2261616384.280993,0.60217,-3.89,880006375.206612,Household/Personal Care,11636.0,1904.0,2020-03-27 00:00:00,2020-02-14 00:00:00
301,ABOS,2026-05-05 19:38:20.384385,2026-05-05 19:38:20.384385,2.5,2.55,2.47,271732.0,300017.591531,300017.591531,368107.322582,3.6,2026-03-16,0.9586,2025-05-08,,54389910.766,183458104.0,2.133,-1.24,72227600.0,Pharmaceuticals: Major,61.0,1996.0,,
304,DYN,2026-05-05 19:38:20.384385,2026-05-05 19:38:20.384385,17.9,18.1299,16.97,1048873.0,1534275.585623,1534275.585623,1686712.52852,25.0,2025-10-28,8.06,2025-07-07,,129071185.76,2888045600.0,3.00503,-4.93,165220000.0,Biotechnology,258.0,2017.0,,
309,XP,2026-05-05 19:38:20.384385,2026-05-05 19:38:20.384385,18.86,18.955,18.66,3950008.0,3305321.610295,3305321.610295,4337576.58657,23.13,2026-02-20,15.51,2025-05-07,0.000973,397429436.404,9953937454.47514,2.23334,10.541911,526942162.756757,Investment Banks/Brokers,8069.0,2001.0,2025-12-18 00:00:00,2025-12-10 00:00:00
311,GLND,2026-05-05 19:38:20.384385,2026-05-05 19:38:20.384385,2.92,3.03,2.87,1401330.0,3963895.835454,3963895.835454,2520975.7785,23.0,2026-03-26,2.6901,2026-05-04,,9321567.397014,122127062.905264,0.38776,27.377522,42405230.175439,Financial Conglomerates,3.0,2024.0,,
314,CERS,2026-05-05 19:38:20.384385,2026-05-05 19:38:20.384385,2.75,2.75,2.55,2611206.0,3833015.159403,3833015.159403,2393963.33561,3.15,2026-05-01,1.15,2025-08-20,,189069390.614,517953865.0,8.06571,-54.73,200369000.0,Medical Specialties,275.0,1991.0,,
316,DMAC,2026-05-05 19:38:20.384385,2026-05-05 19:38:20.384385,6.14,6.34,6.07,154154.0,143930.492351,143930.492351,169297.02732,10.4195,2025-12-10,3.475,2025-07-02,,26965820.42,336496269.272727,5.79463,-8.95,53882509.090909,Biotechnology,35.0,2000.0,,
319,NGEN,2026-05-05 19:38:20.384385,2026-05-05 19:38:20.384385,3.67,3.82,3.55,185263.0,165132.326375,165132.326375,215789.71885,6.3,2026-01-08,1.5,2025-06-02,,63573464.44936,305514041.263659,114.914,-8.66,80930871.857923,Pharmaceuticals: Major,8.0,2017.0,,
320,RAIL,2026-05-05 19:38:20.384385,2026-05-05 19:38:20.384385,8.19,8.72,7.45,339870.0,165010.311828,165010.311828,152594.574462,14.9,2026-02-26,6.02,2025-05-07,,12567357.4885,147247420.0,-1.4326,10.733786,19073500.0,Trucks/Construction/Farm Machinery,1986.0,1901.0,2017-08-23 00:00:00,2017-08-15 00:00:00
323,BTMD,2026-05-05 19:38:20.384385,2026-05-05 19:38:20.384385,2.12,2.275,2.12,184204.0,142418.590605,142418.590605,243456.756364,4.7498,2025-07-29,1.27,2026-03-27,,29241667.0256,86648185.791469,-1.107,2.860629,39296229.383886,Hospital/Nursing Management,223.0,2012.0,,
325,FVRR,2026-05-05 19:38:20.384385,2026-05-05 19:38:20.384385,11.685,11.76,11.43,452551.0,1180852.13737,1180852.13737,939697.926593,34.13,2025-05-27,9.67,2026-03-30,,29856337.336,415949884.000003,0.988718,14.801075,35950724.632671,Data Processing Services,528.0,2009.0,,
328,ALT,2026-05-05 19:38:20.384385,2026-05-05 19:38:20.384385,3.07,3.15,3.0,3470366.0,8288398.21496,8288398.21496,5081454.68008,7.73,2025-06-25,2.56,2026-05-01,,193150970.775,593755067.211921,1.489,-2.97,194355177.483444,Biotechnology,57.0,1997.0,2017-02-03 00:00:00,2017-02-06 00:00:00
331,BTG,2026-05-05 19:38:20.384385,2026-05-05 19:38:20.384385,4.375,4.3999,4.19,32372231.0,35780565.321021,35780565.321021,30435487.2815,6.285,2026-02-27,2.86,2025-05-14,1.863617,1262618735.2,5673899250.672898,1.59671,14.116095,1344525888.785047,Precious Metals,6327.0,2006.0,2026-03-19 00:00:00,2026-03-06 00:00:00
333,PYXS,2026-05-05 19:38:20.384385,2026-05-05 19:38:20.384385,1.88,1.955,1.72,1098441.0,356974.252731,356974.252731,378195.075688,5.55,2025-11-26,0.97,2025-08-11,,51302465.51744,115295334.575,2.0659,-1.37,62831245.0,Pharmaceuticals: Major,56.0,2018.0,,
342,HOG,2026-05-05 19:38:20.384385,2026-05-05 19:38:20.384385,23.33,25.12,23.04,6450754.0,3412534.997046,3412534.997046,3217244.82592,31.25,2025-09-17,17.09,2026-03-19,3.134425,107947000.928,2740492003.784573,0.825179,8.33453,109096019.25894,Motor Vehicles,5500.0,1903.0,2026-03-17 00:00:00,2026-03-02 00:00:00
343,WYFI,2026-05-05 19:38:20.384385,2026-05-05 19:38:20.384385,18.06,19.85,17.25,1387602.0,813768.337482,813768.337482,815456.761238,40.75,2025-10-13,10.5101,2026-03-27,,9479620.07168,749275570.154359,179.4,-3159.65,38365364.575236,Data Processing Services,83.0,,,
349,VMD,2026-05-05 19:38:20.384385,2026-05-05 19:38:20.384385,9.48,9.775,9.48,252431.0,210977.100009,210977.100009,250256.49708,10.18,2026-05-01,5.93,2025-08-01,,33212873.1984,373290774.5,2.54633,25.915801,38483585.0,Hospital/Nursing Management,1382.0,2006.0,,
352,LZ,2026-05-05 19:38:20.384385,2026-05-05 19:38:20.384385,6.8,6.865,6.6575,2250576.0,1916112.688458,1916112.688458,2437138.0298,12.4,2025-11-06,5.28,2026-04-10,,113296419.336,1159444541.902795,7.01685,81.317365,172922377.614138,Internet Software/Services,1196.0,1999.0,,
354,FWRG,2026-05-05 19:38:20.384385,2026-05-05 19:38:20.384385,12.53,13.2,12.15,2151527.0,1233734.334556,1233734.334556,1291629.24452,19.53,2025-08-25,10.09,2026-03-30,,60283453.103568,750594407.302216,1.18341,39.489004,61625156.592957,Restaurants,17500.0,1983.0,,
356,GFR,2026-05-05 19:38:20.384385,2026-05-05 19:38:20.384385,6.53,6.66,6.37,218646.0,291178.326126,291178.326126,310690.275641,7.02,2026-03-24,3.81,2025-05-07,,34348612.8078,831585343.506932,0.956109,13.820273,125427653.620955,Integrated Oil,227.0,2022.0,,
357,ARQQ,2026-05-05 19:38:20.384385,2026-05-05 19:38:20.384385,14.53,14.83,13.9525,246767.0,306266.434969,306266.434969,377196.26729,62.0,2025-10-08,11.52,2026-03-30,,9929111.4549,229769892.0,8.09617,-5.86,15651900.0,Packaged Software,91.0,2021.0,,
364,PRLD,2026-05-05 19:38:20.384385,2026-05-05 19:38:20.384385,4.82,5.13,4.6512,406706.0,615718.882807,615718.882807,552654.071374,5.54,2026-04-15,0.73,2025-05-06,,33149438.2772,294220482.869196,4.34751,-3.5,63002244.725738,Biotechnology,79.0,2016.0,,
366,ASPI,2026-05-05 19:38:20.384385,2026-05-05 19:38:20.384385,5.26,5.31,5.005,2503180.0,3272904.191335,3272904.191335,3989779.68078,14.49,2025-10-14,3.92,2026-04-02,,112867532.69045,645255181.25,2.8227,-2.42,125903450.0,Pharmaceuticals: Major,271.0,2021.0,,
372,GALT,2026-05-05 19:38:20.384385,2026-05-05 19:38:20.384385,2.31,2.3789,2.19,320091.0,229759.806727,229759.806727,324926.846765,7.13,2025-12-17,1.21,2025-05-16,,46508440.4754,146268582.741485,-1.1628,-4.72,65827444.978166,Biotechnology,9.0,2000.0,,
375,KLC,2026-05-05 19:38:20.384385,2026-05-05 19:38:20.384385,4.0,4.07,3.905,796824.0,832672.722501,832672.722501,967688.602126,13.877,2025-05-12,1.75,2026-03-16,,30475746.5805,470752492.5,0.623616,-4.18,118428300.0,Other Consumer Services,43700.0,1969.0,,
376,CLMB,2026-05-05 19:38:20.384385,2026-05-05 19:38:20.384385,18.9,20.2699,18.71,230489.0,273416.511494,273416.511494,189148.159702,36.255,2025-10-06,15.245,2026-04-30,0.906425,16232101.09,366643798.0,2.92467,16.438776,18597200.0,Electronics Distributors,412.0,1982.0,2025-11-17 00:00:00,2025-11-10 00:00:00
380,ACVA,2026-05-05 19:38:20.384385,2026-05-05 19:38:20.384385,5.33,5.51,5.2314,4002722.0,2640546.132316,2640546.132316,2409188.26224,17.54,2025-05-12,4.065,2026-03-27,,163012627.008,941183460.0,2.13611,-13.69,174132000.0,Internet Software/Services,3200.0,2014.0,,
382,AKTS,2026-05-05 19:38:20.384385,2026-05-05 19:38:20.384385,19.01,19.92,18.75,145664.0,252107.302552,252107.302552,254478.902493,29.16,2026-01-09,0.0372,2026-01-08,,29264403.1283,1039225717.90211,-6.9426,,53403171.526316,Pharmaceuticals: Major,79.0,2020.0,,
388,SIGA,2026-05-05 19:38:20.384385,2026-05-05 19:38:20.384385,4.65,4.705,4.61,360082.0,384500.064337,384500.064337,554906.737872,9.62,2025-08-11,4.29,2026-04-13,,40551088.622,333146475.064796,1.66763,14.294535,71644403.239741,Pharmaceuticals: Major,49.0,1995.0,2026-04-23 00:00:00,2026-04-07 00:00:00
392,BEEM,2026-05-05 19:38:20.384385,2026-05-05 19:38:20.384385,1.9,1.92,1.8201,507390.0,1321203.327008,1321203.327008,820502.232179,4.04,2025-10-15,1.335,2026-03-30,,19255405.397,39843245.0,1.45481,-1.11,21137000.0,Electrical Products,220.0,2006.0,,
400,GNLX,2026-05-05 19:38:20.384385,2026-05-05 19:38:20.384385,2.88,2.9692,2.72,71440.0,137606.977309,137606.977309,206041.030841,8.535,2025-11-05,2.255,2025-05-07,,40020776.200665,123888072.945,9.30886,-3.29,44805813.0,Pharmaceuticals: Major,26.0,2001.0,,
402,AZTA,2026-05-05 19:38:20.384385,2026-05-05 19:38:20.384385,24.67,25.35,23.955,1848968.0,789493.260825,789493.260825,816293.323343,41.73,2026-01-22,19.87,2026-03-27,,45576196.036,1133574182.595568,0.652902,-19.19,46061527.127004,Medical/Nursing Services,3000.0,1978.0,2021-12-23 00:00:00,2021-12-02 00:00:00
403,CDRE,2026-05-05 19:38:20.384385,2026-05-05 19:38:20.384385,29.885,30.22,29.27,266630.0,390174.563596,390174.563596,397787.961626,48.7599,2026-03-05,27.32,2026-04-29,1.310415,30413947.4982,1274534478.0,3.89762,28.908787,42726600.0,Aerospace & Defense,2533.0,2012.0,2026-05-15 00:00:00,2026-05-01 00:00:00
414,TRVI,2026-05-05 19:38:20.384385,2026-05-05 19:38:20.384385,14.49,14.78,14.28,1019082.0,1551974.441948,1551974.441948,1830902.45029,16.12,2026-04-20,5.3801,2025-06-03,,91134023.313,2079230550.0,10.0688,-45.7,141927000.0,Biotechnology,34.0,2011.0,,
416,PRAA,2026-05-05 19:38:20.384385,2026-05-05 19:38:20.384385,21.6,21.86,21.28,336804.0,348159.915116,348159.915116,307847.59018,22.55,2026-05-01,10.25,2026-02-23,,37250711.4958,822132437.586718,0.839423,-2.74,38453341.327723,Miscellaneous Commercial Services,2615.0,1996.0,2007-06-08 00:00:00,2007-05-07 00:00:00
419,CMBT,2026-05-05 19:38:20.384385,2026-05-05 19:38:20.384385,15.12,15.23,14.92,2411808.0,1525853.205486,1525853.205486,1465587.32633,15.23,2026-05-05,7.78,2025-08-21,,85611212.454636,4869016851.850883,1.57622,20.345517,321918469.54386,Marine Shipping,2500.0,2003.0,2026-04-22 00:00:00,2026-04-15 00:00:00
420,CRNT,2026-05-05 19:38:20.384385,2026-05-05 19:38:20.384385,2.58,2.805,2.58,886108.0,432191.303038,432191.303038,416164.651194,2.839,2025-10-30,1.82,2025-08-06,,83099889.18,249444750.0,1.32729,-118.3,89890000.0,Telecommunications Equipment,1741.0,1996.0,,
426,PHAT,2026-05-05 19:38:20.384385,2026-05-05 19:38:20.384385,12.87,12.95,12.21,1073847.0,1957899.629136,1957899.629136,1447038.38073,18.31,2025-12-23,2.21,2025-05-08,,50018593.6614,1004924972.44755,-2.9695,-5.97,79755950.19425,Pharmaceuticals: Major,371.0,2018.0,,
427,MATW,2026-05-05 19:38:20.384385,2026-05-05 19:38:20.384385,27.77,29.13,27.47,277125.0,215044.163979,215044.163979,174544.731441,30.93,2026-05-01,18.615,2025-05-06,3.686131,28724336.5944,891453651.366058,1.6691,94.222834,31202437.919708,Miscellaneous Manufacturing,5500.0,1850.0,2026-05-25 00:00:00,2026-05-11 00:00:00
429,ARCO,2026-05-05 19:38:20.384385,2026-05-05 19:38:20.384385,8.71,8.87,8.66,491488.0,1199673.023462,1199673.023462,1120919.42616,9.75,2026-04-20,6.505,2025-08-01,2.890173,120203426.85,1853834805.919079,2.36504,8.590724,210663046.127168,Restaurants,96782.0,2007.0,2026-06-26 00:00:00,2026-06-22 00:00:00
436,SKIL,2026-05-05 19:38:20.384385,2026-05-05 19:38:20.384385,7.51,8.735,7.0201,231554.0,137899.052817,137899.052817,293967.197872,24.01,2025-05-16,3.43,2026-03-18,,4488523.66157,76226505.926164,-2.2465,-0.47,8812312.823834,Packaged Software,2247.0,1998.0,,
444,LFST,2026-05-05 19:38:20.384385,2026-05-05 19:38:20.384385,7.27,7.455,7.175,3300329.0,6792501.110562,6792501.110562,4036367.33675,8.09,2026-02-25,3.74,2025-08-01,,183451951.872,2850535800.0,1.85605,294.331984,387828000.0,Medical/Nursing Services,10961.0,2017.0,,
449,LTBR,2026-05-05 19:38:20.384385,2026-05-05 19:38:20.384385,12.62,13.0899,12.53,718780.0,789800.212671,789800.212671,798868.468934,31.335,2025-10-16,8.85,2025-05-06,,33050259.1611,456560829.0,1.99408,-17.77,35147100.0,Chemicals: Specialty,13.0,1992.0,,
451,BGDE,2026-05-05 19:38:20.384385,2026-05-05 19:38:20.384385,4.6,4.9,4.45,104008.0,298591.590489,298591.590489,1489957.51483,40.0,2025-10-15,1.695,2026-04-02,,3604134.17586,25897365.6,-5.4529,-0.19,5486730.0,Internet Software/Services,33.0,2012.0,,
452,TPVG,2026-05-05 19:38:20.384385,2026-05-05 19:38:20.384385,5.5,5.555,5.445,204224.0,274471.734373,274471.734373,356588.900649,7.53,2025-06-11,4.48,2026-03-27,17.647059,37863511.0477,221891485.882356,0.64237,4.591962,40491147.058824,Investment Trusts/Mutual Funds,,2013.0,2026-03-31 00:00:00,2026-03-17 00:00:00
453,LC,2026-05-05 19:38:20.384385,2026-05-05 19:38:20.384385,16.92,17.2,16.67,1647441.0,3932426.556879,3932426.556879,2897586.66381,21.67,2026-01-22,9.7,2025-05-23,,111472091.923,1969041570.0,1.26147,11.137885,115351000.0,Major Banks,1075.0,2006.0,,
454,DNUT,2026-05-05 19:38:20.384385,2026-05-05 19:38:20.384385,3.77,3.82,3.635,1957706.0,2056972.231337,2056972.231337,2015338.9768,5.73,2025-07-23,2.5,2025-06-24,0.938338,90401211.6,630252000.0,0.981571,-1.22,172200000.0,Food Distributors,17000.0,1937.0,2025-05-07 00:00:00,2025-04-23 00:00:00
463,WTTR,2026-05-05 19:38:20.384385,2026-05-05 19:38:20.384385,16.605,17.36,16.59,1488635.0,2217984.561159,2217984.561159,1919453.74695,17.36,2026-05-05,7.2,2025-05-08,1.685731,107877599.026,2385756230.781462,2.16249,80.984885,138064596.688742,Oil & Gas Production,3300.0,2016.0,2026-05-13 00:00:00,2026-04-30 00:00:00
466,AGBK,2026-05-05 19:38:20.384385,2026-05-05 19:38:20.384385,6.71,6.8,6.42,1205672.0,502271.426756,502271.426756,544872.188075,12.21,2026-02-25,6.42,2026-05-05,,29395026.24031,1053939154.71,3.2695,8.519955,159930069.0,Regional Banks,4700.0,1999.0,,
467,XERS,2026-05-05 19:38:20.384385,2026-05-05 19:38:20.384385,6.39,6.46,6.21,1418718.0,1282978.936154,1282978.936154,1324666.32668,10.08,2025-11-05,4.255,2025-05-06,,160567402.338,1072522647.738168,76.9791,1981.25,172431293.84858,Biotechnology,435.0,2005.0,,
469,TYGO,2026-05-05 19:38:20.384385,2026-05-05 19:38:20.384385,4.7,5.315,4.61,859583.0,824323.715706,824323.715706,577468.490865,5.3265,2026-04-29,0.8056,2025-05-06,,43406005.687275,391815996.125,11.8805,-82.92,75859825.0,Electronic Production Equipment,138.0,2019.0,,
474,GSM,2026-05-05 19:38:20.384385,2026-05-05 19:38:20.384385,4.74,4.9399,4.73,1519817.0,1113220.868346,1113220.868346,854121.347497,5.74,2025-10-15,3.0392,2025-05-08,1.215352,117133817.85,891326970.0,1.47137,-5.26,186861000.0,Other Metals/Minerals,2920.0,2015.0,2026-03-30 00:00:00,2026-03-23 00:00:00
486,AMPL,2026-05-05 19:38:20.384385,2026-05-05 19:38:20.384385,8.01,8.02,7.69,1615823.0,1332148.767598,1332148.767598,1597364.22834,14.49,2025-08-07,5.51,2026-04-13,,84706156.07376,1060883294.575,4.39227,-11.84,133360565.0,Packaged Software,780.0,2011.0,,
487,AGRO,2026-05-05 19:38:20.384385,2026-05-05 19:38:20.384385,15.025,15.1,14.22,1124969.0,1391814.359521,1391814.359521,1459110.10686,15.89,2026-03-31,6.89,2025-12-12,2.304677,31573147.32,2054952677.902503,1.10738,-173.24,144308474.571805,Agricultural Commodities/Milling,10283.0,2010.0,2026-05-19 00:00:00,2026-05-04 00:00:00
493,CNTN,2026-05-05 19:38:20.384385,2026-05-05 19:38:20.384385,3.16,3.24,3.13,227386.0,448752.185827,448752.185827,621122.249243,9.08,2025-08-25,1.0805,2025-08-19,,48963257.626968,183566324.52,0.294715,-1.17,56656273.0,Biotechnology,12.0,2017.0,,
494,CION,2026-05-05 19:38:20.384385,2026-05-05 19:38:20.384385,7.87,7.9,7.69,604762.0,461190.098343,461190.098343,549899.325154,10.93,2025-08-27,6.5,2026-03-16,17.669654,50067759.006225,397912617.0,0.567492,-19.71,50496525.0,Investment Trusts/Mutual Funds,,2011.0,2026-05-29 00:00:00,2026-05-15 00:00:00
495,AVTR,2026-05-05 19:38:20.384385,2026-05-05 19:38:20.384385,8.145,8.26,7.93,5471249.0,9900547.072303,9900547.072303,9269662.01404,15.93,2025-10-21,7.265,2026-03-27,,662195881.44,5496180580.093871,0.976321,-9.96,682755351.564456,Medical Specialties,13500.0,1904.0,,
500,BWIN,2026-05-05 19:38:20.384385,2026-05-05 19:38:20.384385,23.95,23.95,21.12,2257541.0,1285096.925093,1285096.925093,1328891.86146,45.16,2025-06-24,15.88,2026-02-12,,95741878.1382,3063613306.161136,2.20277,-44.56,144102225.125171,Insurance Brokers/Services,5020.0,2011.0,,
501,NNBR,2026-05-05 19:38:20.384385,2026-05-05 19:38:20.384385,2.48,2.565,2.45,419694.0,1094825.441157,1094825.441157,1446114.63188,2.88,2026-04-23,1.1,2025-12-08,,43865545.1188,124471510.759183,3.6173,-2.31,50190125.306122,Metal Fabrication,2550.0,1980.0,2019-09-23 00:00:00,2019-09-06 00:00:00
502,TTGT,2026-05-05 19:38:20.384385,2026-05-05 19:38:20.384385,5.93,6.08,5.69,393137.0,596013.344736,596013.344736,534433.188397,9.465,2025-05-13,3.41,2026-02-25,,29153820.8484,432671551.700171,0.719731,-0.42,72292656.925676,Data Processing Services,1850.0,1999.0,,
504,FWDI,2026-05-05 19:38:20.384385,2026-05-05 19:38:20.384385,4.58,4.76,4.48,752203.0,703614.194376,703614.194376,698437.484478,46.0,2025-09-12,4.03,2026-02-24,,63618794.19,394079020.463253,0.432883,-0.48,83139033.853007,Other Consumer Specialties,60.0,1961.0,1985-03-22 00:00:00,1985-03-04 00:00:00
505,CLF,2026-05-05 19:38:20.384385,2026-05-05 19:38:20.384385,10.43,10.73,10.26,12045568.0,21510536.845364,21510536.845364,17907635.2946,16.7,2025-10-20,5.63,2025-05-30,,564463289.89,6072067675.0,1.00422,-4.55,570415000.0,Steel,25000.0,1847.0,2020-04-15 00:00:00,2020-04-02 00:00:00
507,ARDT,2026-05-05 19:38:20.384385,2026-05-05 19:38:20.384385,9.842,10.27,9.7,487480.0,391022.041593,391022.041593,368381.670607,15.48,2025-10-29,8.07,2026-01-30,,22424807.06992,1450274514.1,1.10706,10.394751,143095660.0,Hospital/Nursing Management,25200.0,1993.0,,
508,TRAK,2026-05-05 19:38:20.384385,2026-05-05 19:38:20.384385,10.5362,10.5362,10.0,102151.0,278233.702821,278233.702821,184258.849114,23.72,2025-05-16,6.94,2026-03-27,0.783852,12142304.919,185037679.268809,3.65197,26.895063,18203411.634905,Packaged Software,69.0,1990.0,2026-05-15 00:00:00,2026-03-31 00:00:00
511,NXDR,2026-05-05 19:38:20.384385,2026-05-05 19:38:20.384385,1.66,1.67,1.63,1491957.0,1834643.937766,1834643.937766,2133347.42134,3.72,2025-12-11,1.3201,2025-05-13,,227959779.158,625108881.57,1.49255,-11.72,377709294.0,Internet Software/Services,463.0,2011.0,,
513,ASAN,2026-05-05 19:38:20.384385,2026-05-05 19:38:20.384385,7.17,7.445,7.1,8377055.0,6743057.497052,6743057.497052,7518822.60121,19.0,2025-06-03,5.38,2026-04-13,,90561306.924,1752329740.8,11.1458,-9.21,238088280.0,Packaged Software,1767.0,2008.0,,
514,ACRV,2026-05-05 19:38:20.384385,2026-05-05 19:38:20.384385,2.21,2.24,2.04,531029.0,1167326.764649,1167326.764649,891957.864236,3.56,2026-01-07,1.05,2025-05-30,,29409862.858558,80782172.004608,0.610384,-1.03,38744447.004608,Pharmaceuticals: Major,76.0,2018.0,,
516,TENB,2026-05-05 19:38:20.384385,2026-05-05 19:38:20.384385,20.98,21.31,20.7,2403734.0,3762547.551872,3762547.551872,3705758.31205,35.69,2025-07-10,15.725,2026-04-10,,111965902.36,2407427461.016809,9.61468,-214.3,114530326.404225,Packaged Software,1995.0,2002.0,,
517,CCRN,2026-05-05 19:38:20.384385,2026-05-05 19:38:20.384385,10.36,10.76,10.36,810434.0,289121.849883,289121.849883,326993.439969,14.99,2025-09-26,7.43,2025-12-04,,29808021.7905,345164166.611062,1.01309,-3.52,32318742.192047,Personnel Services,1106.0,1986.0,,
519,ERII,2026-05-05 19:38:20.384385,2026-05-05 19:38:20.384385,11.11,11.476,11.07,585875.0,925874.481941,925874.481941,840982.60745,18.32,2025-10-27,9.35,2026-03-20,,51328470.5774,597756740.5,2.81715,25.943396,52828700.0,Industrial Machinery,230.0,1992.0,,
520,SGHT,2026-05-05 19:38:20.384385,2026-05-05 19:38:20.384385,4.25,4.361,4.18,144154.0,451725.169989,451725.169989,319991.355665,9.2362,2025-12-26,2.74,2025-05-06,,32187467.988,234386040.0,3.53044,-5.7,54006000.0,Medical Specialties,186.0,2011.0,,
522,DRDB,2026-05-05 19:38:20.384385,2026-05-05 19:38:20.384385,10.52,10.52,10.515,296279.0,380216.844009,380216.844009,189085.544766,10.55,2026-01-22,10.15,2025-05-05,,23000000.0,322613343.676496,1.34065,41.656758,30666667.649857,Financial Conglomerates,3.0,,,
523,IAUX,2026-05-05 19:38:20.384385,2026-05-05 19:38:20.384385,1.52,1.53,1.46,5046068.0,8005040.308485,8005040.308485,15454181.9173,2.24,2026-02-12,0.4822,2025-05-14,,741587703.7905,1230749869.5,3.57824,-4.87,840102300.0,Precious Metals,133.0,2020.0,,
527,CNTB,2026-05-05 19:38:20.384385,2026-05-05 19:38:20.384385,2.51,2.59,2.4299,219759.0,156665.580714,156665.580714,284039.40846,3.82,2026-03-27,0.7,2025-05-15,,12861873.9854,140172824.0,3.33436,-2.48,56521300.0,Pharmaceuticals: Major,64.0,2015.0,,
528,HSDT,2026-05-05 19:38:20.384385,2026-05-05 19:38:20.384385,2.16,2.1809,2.1,127843.0,166828.902425,166828.902425,281610.92804,258.5,2025-05-19,1.59,2026-04-02,,31875778.35,125207640.0,0.314003,,57966500.0,Medical Specialties,21.0,2014.0,,
529,CDZI,2026-05-05 19:38:20.384385,2026-05-05 19:38:20.384385,4.46,4.6,4.41,726680.0,962430.07451,962430.07451,797867.357832,6.96,2026-01-16,2.58,2025-05-21,,55331566.9976,383752240.0,15.7452,-9.06,83424400.0,Real Estate Development,31.0,1983.0,,
534,IMRX,2026-05-05 19:38:20.384385,2026-05-05 19:38:20.384385,5.45,5.51,5.16,682170.0,799202.899289,799202.899289,800205.965532,10.08,2025-09-22,1.1,2025-05-07,,52380163.2575,345246486.0,1.59339,-3.9,64652900.0,Pharmaceuticals: Major,37.0,2008.0,,
537,RXT,2026-05-05 19:38:20.384385,2026-05-05 19:38:20.384385,2.01,2.46,1.92,11933091.0,5259964.962495,5259964.962495,6630477.88611,2.74,2026-03-03,0.393,2026-02-12,,98171031.088,602471166.348259,-0.4043,-2.12,246914412.437811,Data Processing Services,5000.0,1998.0,,
538,NESR,2026-05-05 19:38:20.384385,2026-05-05 19:38:20.384385,24.32,24.52,23.78,2371672.0,1592011.163469,1592011.163469,1819178.89351,26.85,2026-02-25,5.47,2025-06-05,,83732773.479,2460454947.177519,2.51053,46.733863,100797007.258399,Oilfield Services/Equipment,7352.0,2017.0,,
541,WBTN,2026-05-05 19:38:20.384385,2026-05-05 19:38:20.384385,13.17,13.4,12.67,276573.0,299672.289595,299672.289595,286764.531556,22.47,2025-09-19,7.825,2025-05-14,,20473725.9065,1733018882.524751,1.46703,-4.86,134655701.827875,Internet Software/Services,1800.0,2005.0,,
549,ANRO,2026-05-05 19:38:20.384385,2026-05-05 19:38:20.384385,26.09,26.778,24.8,266267.0,233602.16962,233602.16962,297499.523022,28.441,2026-04-22,2.12,2025-05-07,,28717550.289218,812374497.31,5.32052,-11.22,31945517.0,Biotechnology,68.0,2019.0,,
550,AQN,2026-05-05 19:38:20.384385,2026-05-05 19:38:20.384385,6.3,6.365,6.26,2862517.0,3078595.667718,3078595.667718,3560941.9666,7.105,2026-02-27,5.315,2025-06-02,4.143473,767710380.316,5011410360.0,1.1133,28.306998,791692000.0,Electric Utilities,3233.0,1988.0,2026-04-15 00:00:00,2026-03-31 00:00:00
553,PAYS,2026-05-05 19:38:20.384385,2026-05-05 19:38:20.384385,6.86,6.91,6.585,710315.0,556018.942615,556018.942615,750390.208822,8.88,2025-07-24,2.28,2025-05-07,,42688886.9116,372777377.0,7.78188,54.107425,55185400.0,Miscellaneous Commercial Services,226.0,1995.0,,
554,AVNW,2026-05-05 19:38:20.384385,2026-05-05 19:38:20.384385,14.25,16.104,13.92,1106087.0,168496.615374,168496.615374,192846.721947,27.0199,2026-02-04,13.92,2026-05-05,,11482111.1755,194437797.455384,1.0586,32.519391,12902309.05477,Telecommunications Equipment,923.0,1984.0,,
558,QUAD,2026-05-05 19:38:20.384385,2026-05-05 19:38:20.384385,8.02,8.18,7.32,330871.0,290942.790939,290942.790939,244313.95168,8.64,2026-05-01,5.01,2025-05-05,4.082915,28878076.685,377415700.929651,3.24436,14.456956,51559521.984925,Commercial Printing/Forms,10100.0,1971.0,2026-06-05 00:00:00,2026-05-21 00:00:00
560,BKD,2026-05-05 19:38:20.384385,2026-05-05 19:38:20.384385,14.09,14.095,13.91,1732766.0,2546515.67098,2546515.67098,2725999.98784,17.09,2026-02-17,6.07,2025-05-07,,214561623.936,3337416501.178674,-74.5325,-12.57,237792411.911555,Hospital/Nursing Management,33000.0,1978.0,2008-10-17 00:00:00,2008-10-08 00:00:00
562,SPT,2026-05-05 19:38:20.384385,2026-05-05 19:38:20.384385,6.75,6.799,6.4898,895053.0,1244957.818791,1244957.818791,1412248.31774,25.48,2025-05-12,4.92,2026-04-13,,52082629.6871,403157312.47,1.97623,-9.13,60083057.0,Packaged Software,1362.0,2010.0,,
566,FBIO,2026-05-05 19:38:20.384385,2026-05-05 19:38:20.384385,2.41,2.47,2.38,318640.0,239206.048208,239206.048208,366601.273741,4.53,2026-01-09,1.6,2025-05-13,,24680233.653,79057383.0,1.49683,-19.92,32202600.0,Pharmaceuticals: Major,78.0,2006.0,,
567,HFWA,2026-05-05 19:38:20.384385,2026-05-05 19:38:20.384385,27.03,27.57,27.02,210880.0,312986.224113,312986.224113,260088.157981,28.98,2026-02-18,21.32,2025-11-18,3.555556,40491675.9194,1131927872.0,0.998257,13.248283,41131100.0,Regional Banks,755.0,1997.0,2026-05-20 00:00:00,2026-05-06 00:00:00
571,MNKD,2026-05-05 19:38:20.384385,2026-05-05 19:38:20.384385,2.84,2.89,2.83,3022276.0,3523830.353111,3523830.353111,3552348.50671,6.51,2026-01-08,2.23,2026-03-27,,295969231.752,881612580.0,-17.2549,150.26738,308796000.0,Pharmaceuticals: Major,592.0,1991.0,,
575,CXDO,2026-05-05 19:38:20.384385,2026-05-05 19:38:20.384385,8.25,8.9,8.16,774961.0,346104.4718,346104.4718,169310.88751,8.9,2026-05-05,5.0746,2025-05-07,,17419500.0,257645957.37,4.037,51.36,31004327.0,Internet Software Or Services,193.0,1995.0,,
577,OSUR,2026-05-05 19:38:20.384385,2026-05-05 19:38:20.384385,2.95,3.05,2.95,282528.0,381048.173556,381048.173556,338227.250985,3.82,2025-07-14,2.08,2025-11-21,,67138003.6208,215536995.350847,0.609264,-3.21,71965607.79661,Medical Specialties,501.0,2000.0,,
578,KLXE,2026-05-05 19:38:20.384385,2026-05-05 19:38:20.384385,4.0,4.07,3.73,249243.0,388344.075273,388344.075273,309293.796599,4.07,2026-05-05,1.46,2025-07-16,,16337259.3184,73403961.6,-0.925,-0.89,19668800.0,Oil & Gas Production,1548.0,2018.0,,
580,FERA,2026-05-05 19:38:20.384385,2026-05-05 19:38:20.384385,10.365,10.365,10.365,602.0,74452.0,74452.0,176396.380952,10.5,2025-10-15,9.94,2025-05-05,,23219992.8,323922670.12,1.1839,64.354438,31266667.0,Financial Conglomerates,4.0,2024.0,,
583,HOLO,2026-05-05 19:38:20.384385,2026-05-05 19:38:20.384385,1.72,1.7543,1.64,416680.0,787242.549513,787242.549513,711177.943494,11.82,2025-05-28,1.535,2026-04-29,,22304835.672,37805460.0,0.101159,0.39,22912400.0,Semiconductors,74.0,2020.0,,
588,MQ,2026-05-05 19:38:20.384385,2026-05-05 19:38:20.384385,4.49,4.645,4.455,6985835.0,3435810.832701,3435810.832701,3041049.10819,7.04,2025-08-08,3.7,2026-02-25,,345454643.412,1899309177.54,2.56419,-153.95,424901382.0,Miscellaneous Commercial Services,938.0,2010.0,,
590,WSC,2026-05-05 19:38:20.384385,2026-05-05 19:38:20.384385,22.08,22.99,22.0,1979626.0,3197552.111393,3197552.111393,2476392.74473,31.88,2025-07-29,14.91,2025-11-19,1.279707,175579754.798,4128906505.011889,4.62983,-72.55,180854424.223035,Finance/Rental/Leasing,4700.0,1944.0,2026-03-18 00:00:00,2026-03-04 00:00:00
594,NTSK,2026-05-05 19:38:20.384385,2026-05-05 19:38:20.384385,10.38,10.845,10.25,3220911.0,3346694.889238,3346694.889238,4274194.88918,27.99,2025-09-22,7.665,2026-03-27,,200627245.19764,4307381975.6,21.1345,-6.19,400314310.0,Packaged Software,3281.0,2012.0,,
602,AGH,2026-05-05 19:38:20.384385,2026-05-05 19:38:20.384385,5.03,5.42,4.73,944638.0,964171.957432,964171.957432,735512.040849,8.25,2025-10-28,0.54,2025-05-16,,9508743.226497,101374688.415,2.31091,-20.25,20254683.0,Movies/Entertainment,47.0,,,
604,AYA,2026-05-05 19:38:20.384385,2026-05-05 19:38:20.384385,18.31,18.31,16.94,191370.0,223990.42353,223990.42353,189727.783423,22.0,2026-01-26,6.639,2025-05-06,,136635374.473,2455086790.0,6.20719,54.457831,142987000.0,Precious Metals,,2007.0,,
606,INVE,2026-05-05 19:38:20.384385,2026-05-05 19:38:20.384385,4.82,5.13,4.76,264624.0,498226.623884,498226.623884,331744.121312,5.13,2026-05-05,3.0101,2025-05-14,,19955675.0194,120494558.0,0.817526,-6.35,24002900.0,Semiconductors,155.0,1990.0,,
610,MAAS,2026-05-05 19:38:20.384385,2026-05-05 19:38:20.384385,9.47,9.68,9.01,92021.0,492194.057261,492194.057261,521519.822268,548.1,2025-05-06,2.85,2025-10-14,,126696971.753,4121076198.751053,0.985512,-0.02,442175557.805907,Investment Managers,78.0,2010.0,,
612,DOUG,2026-05-05 19:38:20.384385,2026-05-05 19:38:20.384385,1.915,2.0,1.9,590334.0,484253.089069,484253.089069,474263.832134,3.2,2025-05-23,1.53,2026-04-02,,68383075.753425,175111628.325,0.911503,10.561423,88217445.0,Real Estate Development,580.0,1911.0,2023-03-31 00:00:00,2023-03-22 00:00:00
614,LION,2026-05-05 19:38:20.384385,2026-05-05 19:38:20.384385,12.745,12.84,12.43,2210659.0,3533937.608434,3533937.608434,3995307.48676,12.84,2026-05-05,5.545,2025-07-09,,197136683.77018,3656359476.0,-2.8637,-14.4,290187260.0,Movies/Entertainment,1032.0,2025.0,,
620,BTGO,2026-05-05 19:38:20.384385,2026-05-05 19:38:20.384385,11.72,12.39,11.63,776291.0,451046.1279,451046.1279,481866.510439,24.5,2026-01-22,7.25,2026-03-30,,65098736.53328,1362510240.869561,14.109,,115466969.565217,Data Processing Services,566.0,2013.0,,
622,RXST,2026-05-05 19:38:20.384385,2026-05-05 19:38:20.384385,7.38,7.45,7.11,385995.0,519257.598468,519257.598468,626903.251215,16.74,2025-05-20,5.9,2026-03-31,,38613413.3719,299799925.448507,1.10404,-7.74,41266335.230352,Electronic Components,461.0,1997.0,,
625,ABSI,2026-05-05 19:38:20.384385,2026-05-05 19:38:20.384385,5.6,5.75,5.32,5699254.0,5786052.820772,5786052.820772,4816720.13641,5.75,2026-05-05,2.24,2026-03-12,,134365588.754,871282761.773131,4.49471,-6.62,155447415.124555,Biotechnology,140.0,2011.0,,
626,EFXT,2026-05-05 19:38:20.384385,2026-05-05 19:38:20.384385,27.53,28.18,27.38,502878.0,513480.91079,513480.91079,595688.80624,28.34,2026-05-04,6.46,2025-05-08,0.422072,120721859.864,3390200966.12941,3.05674,52.65886,121905824.02479,Industrial Machinery,4400.0,1980.0,2026-03-25 00:00:00,2026-03-11 00:00:00
628,EXK,2026-05-05 19:38:20.384385,2026-05-05 19:38:20.384385,9.22,9.27,8.4907,8491232.0,6249492.147567,6249492.147567,6754689.15533,15.15,2026-01-26,3.14,2025-05-16,,295068513.12,2537620800.0,4.63697,-21.52,295760000.0,Precious Metals,,1981.0,,
633,LZM,2026-05-05 19:38:20.384385,2026-05-05 19:38:20.384385,5.68,5.76,5.42,575185.0,1029335.227171,1029335.227171,971286.22465,6.4,2026-04-20,3.06,2025-05-23,,38214167.25691,495369001.3,6.18468,-33.89,89903630.0,Other Metals/Minerals,93.0,2008.0,,
636,AVEX,2026-05-05 19:38:20.384385,2026-05-05 19:38:20.384385,26.3,26.38,24.452,1775062.0,2783083.667599,2783083.667599,4574376.6923,42.34,2026-04-20,20.0,2026-04-16,,17225617.6455,2871570069.723101,11.9532,,114041702.530703,Aerospace & Defense,650.0,2017.0,,
640,SWIM,2026-05-05 19:38:20.384385,2026-05-05 19:38:20.384385,5.84,5.97,5.785,620323.0,473645.666185,473645.666185,477111.9892,8.9662,2026-03-04,5.04,2026-04-02,,49729563.292,685382442.672416,1.66867,62.5,116959461.206897,Miscellaneous Manufacturing,1804.0,2018.0,,
641,BETA,2026-05-05 19:38:20.384385,2026-05-05 19:38:20.384385,17.0,17.505,16.78,2357762.0,1259423.478018,1259423.478018,1250466.09015,39.5,2025-11-06,13.43,2026-03-30,,110304487.30631,3947118126.993443,2.11721,,229750764.085765,Aerospace & Defense,1008.0,2017.0,,
643,CCIX,2026-05-05 19:38:20.384385,2026-05-05 19:38:20.384385,10.8,10.8,10.78,303314.0,644841.169597,644841.169597,337462.753713,11.66,2025-05-23,10.45,2025-09-11,,26973338.85,395221750.0,1.32828,46.186804,36662500.0,Financial Conglomerates,2.0,,,
644,EVER,2026-05-05 19:38:20.384385,2026-05-05 19:38:20.384385,19.15,23.97,18.15,6856563.0,978379.567964,978379.567964,780301.953105,28.7299,2025-12-12,13.88,2026-05-01,,27024712.847,843652680.3,2.22467,4.981757,35373278.0,Internet Software/Services,356.0,2008.0,,
648,ALKT,2026-05-05 19:38:20.384385,2026-05-05 19:38:20.384385,17.2,17.236,16.61,2074920.0,1790111.073994,1790111.073994,1585788.56657,31.66,2025-05-14,14.11,2026-02-26,,65908614.321,1805413451.054738,4.9575,-36.1,107019173.150844,Packaged Software,1225.0,2007.0,,
650,MGTX,2026-05-05 19:38:20.384385,2026-05-05 19:38:20.384385,9.8,10.08,9.63,480409.0,765837.731574,765837.731574,1033704.0653,11.8499,2026-04-15,4.55,2025-05-14,,66625264.1616,901044672.187116,-135.8353,-6.81,92557233.917526,Biotechnology,403.0,2018.0,,
651,DV,2026-05-05 19:38:20.384385,2026-05-05 19:38:20.384385,11.23,11.54,11.23,2294314.0,1871342.077427,1871342.077427,2116095.70532,16.82,2025-08-06,7.64,2025-11-07,,138093947.46,1801218565.0,1.63141,37.51234,157243000.0,Packaged Software,1231.0,2017.0,,
660,RWAY,2026-05-05 19:38:20.384385,2026-05-05 19:38:20.384385,6.85,6.87,6.73,403960.0,493888.605204,493888.605204,719023.574293,11.405,2025-07-18,6.3625,2026-04-23,19.88389,33540087.36846,289396766.94,0.51336,7.426169,42464676.0,Finance/Rental/Leasing,,2015.0,2026-03-24 00:00:00,2026-03-10 00:00:00
662,HQ,2026-05-05 19:38:20.384385,2026-05-05 19:38:20.384385,10.0,10.3919,9.34,135178.0,111951.173118,111951.173118,190752.794687,15.5279,2025-06-09,8.29,2026-04-02,,21514290.93135,493086975.594029,157.82,-2.13,51578135.522388,Packaged Software,,,,
664,ARLO,2026-05-05 19:38:20.384385,2026-05-05 19:38:20.384385,14.85,14.95,14.6,728091.0,1083721.75378,1083721.75378,1104497.22206,19.94,2025-10-29,10.0,2025-05-06,,105657106.464,1603876699.552539,12.1183,108.856089,108959014.915254,Telecommunications Equipment,376.0,2018.0,,
665,TH,2026-05-05 19:38:20.384385,2026-05-05 19:38:20.384385,15.25,15.785,15.18,1089970.0,1944956.23801,1944956.23801,1415687.19418,16.12,2026-04-21,5.97,2025-11-07,,40648303.0862,1558123390.0,3.88414,-41.96,99560600.0,Hotels/Resorts/Cruise lines,902.0,1978.0,,
670,ALLO,2026-05-05 19:38:20.384385,2026-05-05 19:38:20.384385,2.3,2.325,2.14,5831796.0,6652110.718887,6652110.718887,16184052.9397,4.46,2026-04-13,0.8621,2025-05-14,,207129250.554,718873260.0,1.77231,-2.5,331278000.0,Biotechnology,152.0,2017.0,,
672,INR,2026-05-05 19:38:20.384385,2026-05-05 19:38:20.384385,17.29,17.39,16.51,255352.0,276556.350085,276556.350085,290562.060808,19.899,2025-06-20,11.13,2025-11-06,,3547169.918842,1067015863.703454,0.877983,19.490002,63531757.291066,Integrated Oil,101.0,2017.0,,
675,PICS,2026-05-05 19:38:20.384385,2026-05-05 19:38:20.384385,11.75,11.97,11.255,354081.0,296331.947432,296331.947432,357208.158446,19.95,2026-01-29,9.88,2026-03-30,,22231561.962512,1536908248.12,2.13613,7766.666667,129587542.0,Miscellaneous Commercial Services,4000.0,2012.0,,
683,FSM,2026-05-05 19:38:20.384385,2026-05-05 19:38:20.384385,9.4,9.449,9.18,2704874.0,4321249.527122,4321249.527122,5217990.18852,13.85,2026-03-02,5.23,2025-05-16,,301748070.789,2812583895.0,1.68101,9.528731,304557000.0,Precious Metals,,1990.0,,
688,MTA,2026-05-05 19:38:20.384385,2026-05-05 19:38:20.384385,6.87,7.0091,6.735,277116.0,357245.837806,357245.837806,364272.541817,9.25,2026-03-02,2.75,2025-05-16,,69507987.4368,630738900.0,2.49451,-147.6,93442800.0,Financial Conglomerates,9.0,1983.0,2023-09-15 00:00:00,2023-07-31 00:00:00
691,BAX,2026-05-05 19:38:20.384385,2026-05-05 19:38:20.384385,16.76,16.95,16.48,7641320.0,9359392.934584,9359392.934584,7776211.58301,32.68,2025-05-12,15.73,2026-03-30,2.166065,511236136.092,8650856088.62815,1.42038,-8.58,516469020.216606,Medical Specialties,37500.0,1931.0,2026-07-01 00:00:00,2026-05-29 00:00:00
692,JFB,2026-05-05 19:38:20.384385,2026-05-05 19:38:20.384385,5.84,6.2254,5.7,227133.0,300311.470444,300311.470444,215148.719987,17.5498,2026-02-17,2.06,2025-05-06,,5848326.8375,84821163.0,3.84436,-23.02,14207900.0,Engineering & Construction,22.0,,,
694,KLRA,2026-05-05 19:38:20.384385,2026-05-05 19:38:20.384385,24.555,25.5,23.8,425197.0,1089743.388801,1089743.388801,1565595.8828,28.2271,2026-04-20,16.0,2026-04-16,,87438072.86193,3111486186.2,,,129537310.0,Biotechnology,145.0,2024.0,,
697,ENR,2026-05-05 19:38:20.384385,2026-05-05 19:38:20.384385,21.01,21.235,17.495,2018536.0,1111772.947741,1111772.947741,1019116.41106,30.29,2025-09-17,16.0,2026-03-31,6.204757,60555039.1584,1222168080.0,9.37147,6.51727,68468800.0,Household/Personal Care,6050.0,2000.0,2026-06-10 00:00:00,2026-05-20 00:00:00
699,FIP,2026-05-05 19:38:20.384385,2026-05-05 19:38:20.384385,5.34,5.555,5.295,945094.0,1268389.813753,1268389.813753,946697.225741,7.935,2025-08-06,3.9,2025-09-10,2.264151,108367319.0508,647536285.018866,28.9049,-2.31,118163555.660377,Other Consumer Services,1110.0,2021.0,2026-04-01 00:00:00,2026-03-13 00:00:00
704,OMDA,2026-05-05 19:38:20.384385,2026-05-05 19:38:20.384385,15.68,16.005,15.29,964591.0,773686.149673,773686.149673,736316.42389,28.4,2025-06-06,10.28,2026-02-11,,24369321.990156,921004610.496188,3.99906,-68.74,58925438.931298,Internet Software/Services,916.0,2011.0,,
705,EVLV,2026-05-05 19:38:20.384385,2026-05-05 19:38:20.384385,7.17,7.29,7.13,1662403.0,2255567.599957,2255567.599957,2315528.6457,8.91,2025-08-15,4.0,2025-05-07,,165748482.107,1297604485.0,10.4867,-34.66,179351000.0,Electronic Equipment/Instruments,286.0,2013.0,,
708,SRTA,2026-05-05 19:38:20.384385,2026-05-05 19:38:20.384385,4.95,5.04,4.8,1029230.0,697642.716252,697642.716252,681905.535957,6.02,2025-09-19,2.725,2025-05-06,,64700341.0414,418402028.0,1.52233,-25.56,86446700.0,Medical/Nursing Services,601.0,2014.0,,
710,KEEL,2026-05-05 19:38:20.384385,2026-05-05 19:38:20.384385,3.33,3.56,3.24,32238093.0,30461452.657308,30461452.657308,28976417.353,6.6,2025-10-15,0.7,2025-06-23,,224039537.5,2002312500.0,3.48896,-6.78,565625000.0,Data Processing Services,274.0,2026.0,,
711,APAD,2026-05-05 19:38:20.384385,2026-05-05 19:38:20.384385,11.37,12.05,9.92,21839.0,137803.07775,137803.07775,494151.030221,12.05,2026-05-05,8.82,2026-04-29,,20200009.8,292844003.58,12.0929,921.487603,27266667.0,Financial Conglomerates,1.0,2022.0,,
713,TTEC,2026-05-05 19:38:20.384385,2026-05-05 19:38:20.384385,2.83,2.98,2.755,271245.0,326903.400256,326903.400256,503803.170094,5.6,2025-05-20,1.98,2026-02-25,,19937494.7904,144375264.0,1.42005,-0.75,48611200.0,Information Technology Services,51000.0,1982.0,2024-04-30 00:00:00,2024-04-02 00:00:00
720,CLFD,2026-05-05 19:38:20.384385,2026-05-05 19:38:20.384385,29.3,30.135,28.6301,102301.0,180885.149883,180885.149883,176189.714179,46.76,2025-07-23,23.76,2026-03-31,,11219769.909,409467522.516844,1.62806,-63.07,13685411.848825,Telecommunications Equipment,618.0,1979.0,,
721,SSP,2026-05-05 19:38:20.384385,2026-05-05 19:38:20.384385,4.89,5.02,4.82,379269.0,510700.196529,510700.196529,549067.369813,5.39,2026-04-21,2.02,2025-05-22,,53323883.4335,449276533.530865,0.523147,-2.61,91409264.197531,Broadcasting,4600.0,1878.0,2020-12-24 00:00:00,2020-12-14 00:00:00
722,VET,2026-05-05 19:38:20.384385,2026-05-05 19:38:20.384385,13.42,13.745,13.29,1929010.0,1369442.705442,1369442.705442,1625126.98055,14.82,2026-03-20,5.895,2025-05-08,2.782968,151199793.15,2087179396.833338,1.27387,-4.45,153187478.666667,Oil & Gas Production,636.0,1994.0,2026-03-31 00:00:00,2026-03-13 00:00:00
725,PRMB,2026-05-05 19:38:20.384385,2026-05-05 19:38:20.384385,19.98,20.395,19.8,4007294.0,3628041.648082,3628041.648082,3558827.71987,33.7,2025-05-08,14.36,2025-11-07,2.090592,242331992.27664,7357964878.421106,2.44322,125.327511,363176943.653559,Beverages: Non-Alcoholic,12600.0,2024.0,2026-06-15 00:00:00,2026-06-04 00:00:00
728,IBIO,2026-05-05 19:38:20.384385,2026-05-05 19:38:20.384385,1.61,1.65,1.55,796177.0,1211656.142791,1211656.142791,912075.496596,3.82,2025-12-10,0.5562,2025-08-08,,33465648.3888,58371914.0,0.839532,-1.57,36143600.0,Pharmaceuticals: Other,20.0,1993.0,,
731,JBI,2026-05-05 19:38:20.384385,2026-05-05 19:38:20.384385,4.94,5.13,4.915,4272018.0,1370184.653328,1370184.653328,1354077.60313,10.8,2025-09-17,4.745,2026-04-02,,129106484.928,692191690.441174,1.19574,12.805195,136392451.318458,Building Products,2243.0,2002.0,,
736,AMPX,2026-05-05 19:38:20.384385,2026-05-05 19:38:20.384385,20.66,21.69,20.47,6702149.0,8067445.029908,8067445.029908,7764079.23835,22.8,2026-04-22,2.16,2025-05-06,,120942971.787,2929466220.0,26.4109,-58.7,137019000.0,Electrical Products,109.0,2008.0,,
740,CNTX,2026-05-05 19:38:20.384385,2026-05-05 19:38:20.384385,2.34,2.45,2.31,598015.0,1116104.316987,1116104.316987,948476.675214,3.62,2026-03-16,0.49,2025-05-30,,64997459.3016,223266456.0,3.49443,-5.98,91879200.0,Pharmaceuticals: Major,15.0,2015.0,,
742,PCT,2026-05-05 19:38:20.384385,2026-05-05 19:38:20.384385,7.38,7.7,7.29,2776553.0,3390347.880059,3390347.880059,3516379.10694,17.37,2025-07-18,4.93,2026-03-31,,175663434.925,1386162885.077552,28.8768,-6.11,180725278.367347,Environmental Services,174.0,2015.0,,
743,KURA,2026-05-05 19:38:20.384385,2026-05-05 19:38:20.384385,9.3,9.415,9.035,816868.0,1095137.843468,1095137.843468,1216651.60168,12.49,2025-11-14,5.45,2025-08-11,,86524726.0449,825049323.631352,4.66684,-2.91,88762702.918919,Biotechnology,260.0,2014.0,,
744,KDK,2026-05-05 19:38:20.384385,2026-05-05 19:38:20.384385,8.48,8.5594,8.15,258809.0,401391.303357,401391.303357,629294.70762,11.62,2025-06-02,5.43,2025-12-02,,95943263.10223,1504256413.6,-5.1073,-1.94,182555390.0,Auto Parts: OEM,342.0,2018.0,,
748,ECVT,2026-05-05 19:38:20.384385,2026-05-05 19:38:20.384385,14.16,14.875,14.155,2062900.0,1308284.838401,1308284.838401,1939445.65226,14.875,2026-05-05,6.48,2025-05-05,,106923784.55,1611108433.72238,2.61615,-22.22,109450301.203966,Chemicals: Specialty,617.0,1831.0,2021-08-23 00:00:00,2021-08-11 00:00:00
750,AMPG,2026-05-05 19:38:20.384385,2026-05-05 19:38:20.384385,2.24,2.275,2.12,661675.0,463735.179121,463735.179121,460498.135318,4.8895,2025-09-22,1.64,2026-03-30,,22094542.4799,57375394.5,1.38464,-6.38,25331300.0,Electronic Production Equipment,46.0,2002.0,,
753,AIRS,2026-05-05 19:38:20.384385,2026-05-05 19:38:20.384385,3.49,3.725,3.4,1773315.0,1425488.924196,1425488.924196,1361645.26215,12.0,2025-10-27,1.51,2026-03-02,,39538881.16332,248673539.625,2.52791,-18.43,70545685.0,Medical Specialties,363.0,2012.0,2022-09-14 00:00:00,2022-08-25 00:00:00
754,JCAP,2026-05-05 19:38:20.384385,2026-05-05 19:38:20.384385,20.29,20.6172,20.183,109933.0,201952.949551,201952.949551,279200.093803,23.8,2026-01-13,15.0,2025-06-25,2.386872,24826078.96428,1265704745.678274,2.46231,3.211229,61711591.695674,Financial Conglomerates,1120.0,2002.0,2026-04-02 00:00:00,2026-03-24 00:00:00
757,FG,2026-05-05 19:38:20.384385,2026-05-05 19:38:20.384385,28.56,29.51,28.48,542457.0,484186.943785,484186.943785,542270.990824,36.7,2025-08-07,20.57,2026-03-12,3.316867,132034759.1862,3986937627.798153,0.799999,15.084096,135610123.394495,Multi-Line Insurance,1173.0,1959.0,2026-03-31 00:00:00,2026-03-17 00:00:00
761,FRMI,2026-05-05 19:38:20.384385,2026-05-05 19:38:20.384385,5.11,5.1185,4.72,12726621.0,17520163.42167,17520163.42167,19072088.9676,36.9899,2025-10-02,4.47,2026-04-09,,245568078.872,3146429177.313611,2.91393,,637574301.380671,Real Estate Investment Trusts,,2025.0,,
763,IMSR,2026-05-05 19:38:20.384385,2026-05-05 19:38:20.384385,7.35,7.42,6.8812,2042569.0,2822166.910847,2822166.910847,2447415.88791,31.5,2025-10-15,5.33,2026-03-30,,65632617.17181,760615202.7,2.59258,-39.5,105935265.0,Engineering & Construction,74.0,,,
764,VOXR,2026-05-05 19:38:20.384385,2026-05-05 19:38:20.384385,5.36,5.4226,5.31,210851.0,305590.513958,305590.513958,318330.876028,6.59,2026-03-02,2.97,2025-05-13,0.988767,60261153.766,370673002.598869,3.39124,49.952963,69414419.962335,Precious Metals,,2014.0,2026-04-14 00:00:00,2026-03-31 00:00:00
771,ADTN,2026-05-05 19:38:20.384385,2026-05-05 19:38:20.384385,15.8075,16.03,14.2805,6203559.0,3380325.279666,3380325.279666,2932056.50229,18.69,2026-05-01,7.11,2025-11-18,,74035353.117,1234682531.744821,10.0517,-38.61,80698204.689204,Computer Peripherals,3338.0,1985.0,2023-09-05 00:00:00,2023-08-18 00:00:00
772,LMRI,2026-05-05 19:38:20.384385,2026-05-05 19:38:20.384385,10.3,10.335,9.545,688438.0,483670.070781,483670.070781,723898.238413,19.45,2025-12-15,7.23,2026-03-27,,24173020.60056,937072890.0,1.67091,,96110040.0,Medical/Nursing Services,5019.0,,,
774,LOCL,2026-05-05 19:38:20.384385,2026-05-05 19:38:20.384385,1.91,1.91,1.6623,79796.0,417281.576462,417281.576462,3948206.02922,3.995,2025-10-15,0.9801,2026-03-06,,22401300.0,38082210.0,-0.2259,-0.23,22401300.0,Financial Conglomerates,286.0,2018.0,,
779,DOMO,2026-05-05 19:38:20.384385,2026-05-05 19:38:20.384385,3.93,3.9584,3.79,482133.0,803842.493547,803842.493547,1208211.97219,18.4892,2025-09-22,2.39,2026-04-13,,37683331.0845,174490836.993572,-0.8875,-2.67,45146400.257069,Packaged Software,876.0,2010.0,,
781,CODI,2026-05-05 19:38:20.384385,2026-05-05 19:38:20.384385,11.8493,11.8493,11.47,349215.0,824803.578795,824803.578795,1096667.48685,17.67,2025-05-05,4.58,2026-01-06,4.248088,66558956.884,874242320.0,-24.731,-3.1,75236000.0,Investment Managers,4097.0,1998.0,2025-04-24 00:00:00,2025-04-17 00:00:00
784,KBDC,2026-05-05 19:38:20.384385,2026-05-05 19:38:20.384385,15.11,15.2299,14.96,245342.0,247233.163377,247233.163377,266939.173443,16.4,2025-05-16,13.06,2025-09-30,10.540184,47774511.1955,1006464495.0,0.929979,11.381017,66433300.0,Investment Managers,,2018.0,2026-04-16 00:00:00,2026-03-31 00:00:00
789,JACK,2026-05-05 19:38:20.384385,2026-05-05 19:38:20.384385,12.06,12.925,12.05,849593.0,700677.131575,700677.131575,742049.75317,29.4,2025-05-12,8.915,2026-03-31,3.651452,16866295.756,244422455.243147,-0.2449,-3.28,19036016.763485,Restaurants,5046.0,1951.0,2025-04-08 00:00:00,2025-03-20 00:00:00
791,QUBT,2026-05-05 19:38:20.384385,2026-05-05 19:38:20.384385,9.58,9.615,9.15,9078889.0,11945578.641947,11945578.641947,14684461.8726,25.84,2025-10-03,6.18,2026-03-30,,197795423.232,2153735421.684215,1.33242,-68.33,225522033.684211,Information Technology Services,77.0,2001.0,,
798,TNGX,2026-05-05 19:38:20.384385,2026-05-05 19:38:20.384385,22.99,24.25,22.3601,2224174.0,3199664.268612,3199664.268612,2984069.52155,28.41,2026-04-21,1.03,2025-05-08,,101439628.92,3490662643.408191,8.91795,-28.0,144242257.992074,Biotechnology,137.0,2017.0,,
799,YORW,2026-05-05 19:38:20.384385,2026-05-05 19:38:20.384385,29.28,29.62,29.11,131752.0,189379.452249,189379.452249,183931.606177,35.26,2025-05-06,28.26,2026-04-16,3.069321,15781946.2818,465055136.0,1.75152,20.926391,15970300.0,Water Utilities,129.0,1816.0,2026-04-15 00:00:00,2026-02-27 00:00:00
801,GTE,2026-05-05 19:38:20.384385,2026-05-05 19:38:20.384385,9.3,9.47,9.2,450923.0,361452.767993,361452.767993,436592.731067,9.7401,2026-03-31,3.09,2025-10-31,,33982366.5528,331102744.0,1.46754,-1.72,35298800.0,Oil & Gas Production,406.0,2003.0,,
803,UROY,2026-05-05 19:38:20.384385,2026-05-05 19:38:20.384385,3.85,3.935,3.765,1262005.0,1587546.299288,1587546.299288,1955309.91093,5.52,2026-01-28,1.805,2025-05-19,,125421201.588,560101065.154854,1.98339,164.224138,146623315.485564,Other Metals/Minerals,14.0,2017.0,,
805,FIGS,2026-05-05 19:38:20.384385,2026-05-05 19:38:20.384385,14.27,14.635,13.96,3380224.0,3410314.181073,3410314.181073,3062090.98729,17.48,2026-03-04,4.25,2025-06-02,,150898661.849,2418291654.155687,5.29608,73.218029,166377134.788833,Apparel/Footwear,388.0,2013.0,,
810,CLSK,2026-05-05 19:38:20.384385,2026-05-05 19:38:20.384385,13.128,13.5693,13.0,16912278.0,20155925.41136,20155925.41136,20345757.176,23.61,2025-10-15,7.82,2025-05-06,,246273515.055,3427090200.0,2.372,-12.52,255753000.0,Data Processing Services,314.0,1987.0,,
812,ACAD,2026-05-05 19:38:20.384385,2026-05-05 19:38:20.384385,22.4,22.69,22.12,1027313.0,1305830.908442,1305830.908442,1715118.30692,28.35,2025-12-23,14.45,2025-05-07,,168656020.61,3824093169.892977,3.07902,9.643214,171215275.12393,Pharmaceuticals: Major,798.0,1993.0,,
816,TSSI,2026-05-05 19:38:20.384385,2026-05-05 19:38:20.384385,14.76,16.43,14.6545,1527727.0,1421067.023288,1421067.023288,1527282.38673,31.94,2025-06-26,6.67,2025-05-06,,23733457.7288,441600240.0,5.24245,26.205904,27773600.0,Information Technology Services,350.0,2004.0,,
824,CTNM,2026-05-05 19:38:20.384385,2026-05-05 19:38:20.384385,14.23,14.7269,13.84,133181.0,227146.499441,227146.499441,279698.608804,16.33,2026-02-24,3.35,2025-05-28,,29109014.80827,558874094.24,2.02338,-6.48,38756872.0,Biotechnology,51.0,2017.0,,
837,NAMM,2026-05-05 19:38:20.384385,2026-05-05 19:38:20.384385,1.94,1.9592,1.75,842715.0,484203.123702,484203.123702,457016.090174,55.0,2025-06-06,0.9138,2026-01-14,,3741378.74486,96706721.5,3.13066,-1.54,54482660.0,Precious Metals,,2025.0,,
842,UPBD,2026-05-05 19:38:20.384385,2026-05-05 19:38:20.384385,18.63,18.9403,18.505,710563.0,980021.32052,980021.32052,880595.340995,28.025,2025-09-17,15.82,2025-11-19,8.441558,52385983.2672,1091841495.601724,1.50655,12.887928,58293726.406926,Finance/Rental/Leasing,12050.0,1986.0,2026-04-28 00:00:00,2026-04-07 00:00:00
843,LRMR,2026-05-05 19:38:20.384385,2026-05-05 19:38:20.384385,4.23,4.285,4.0,1952086.0,1446766.460342,1446766.460342,1404287.29375,6.42,2026-02-25,1.73,2025-05-15,,50233144.065,418093995.0,4.50402,-1.91,104133000.0,Biotechnology,71.0,2005.0,,
844,ATLX,2026-05-05 19:38:20.384385,2026-05-05 19:38:20.384385,5.38,5.435,4.95,811886.0,933407.419384,933407.419384,706390.558363,8.25,2025-10-15,3.6,2025-07-02,,18965336.8605,144531997.08396,2.75133,-3.67,27767914.90566,Other Metals/Minerals,64.0,2011.0,,
849,EVAC,2026-05-05 19:38:20.384385,2026-05-05 19:38:20.384385,10.14,10.14,10.14,237863.0,288828.8278,288828.8278,152778.990571,10.17,2025-11-10,9.9,2025-08-22,,46547861.25836,592076810.411246,1.3108,66.448231,58447858.87574,Financial Conglomerates,7.0,2024.0,,
852,CMTL,2026-05-05 19:38:20.384385,2026-05-05 19:38:20.384385,3.685,3.78,3.66,157917.0,182302.489196,182302.489196,198184.203699,6.21,2026-02-04,1.36,2025-05-07,,26768123.525,110759598.020549,1.65099,-1.64,29734120.273973,Telecommunications Equipment,1385.0,1967.0,2023-02-17 00:00:00,2023-01-17 00:00:00
856,EVC,2026-05-05 19:38:20.384385,2026-05-05 19:38:20.384385,3.92,4.005,3.8,5873814.0,345584.039906,345584.039906,339393.043026,4.045,2026-05-04,1.81,2025-05-21,5.235602,61477412.75,365395739.13,6.33541,-4.43,92039229.0,Broadcasting,1025.0,1996.0,2026-03-31 00:00:00,2026-03-17 00:00:00
862,UA,2026-05-05 19:38:20.384385,2026-05-05 19:38:20.384385,5.965,6.105,5.9301,2356737.0,2218330.351916,2218330.351916,2403926.44837,7.9067,2026-02-20,3.95,2025-11-20,,115846666.498,2632784504.781727,1.75345,-4.84,432312726.565144,Apparel/Footwear,14400.0,1996.0,,
865,PDYN,2026-05-05 19:38:20.384385,2026-05-05 19:38:20.384385,5.96,6.24,5.85,2729512.0,1178587.16789,1178587.16789,1097208.63822,13.0,2025-07-21,4.14,2025-12-17,,34126186.4512,289843340.13497,4.02656,27.36047,47244228.220859,Industrial Machinery,161.0,2015.0,,
867,SIRI,2026-05-05 19:38:20.384385,2026-05-05 19:38:20.384385,26.78,26.8,25.915,4669066.0,7499611.540378,7499611.540378,6209361.8908,28.77,2026-04-23,19.765,2026-01-29,4.034367,324651947.85,8881563188.885332,0.766748,11.127276,336550329.24916,Broadcasting,5119.0,1990.0,2026-05-27 00:00:00,2026-05-11 00:00:00
874,IMTX,2026-05-05 19:38:20.384385,2026-05-05 19:38:20.384385,11.2,11.53,10.86,628837.0,337034.254674,337034.254674,318565.292487,12.41,2025-12-04,3.94,2025-05-07,,112361719.68,1468000800.0,2.62696,-6.13,134064000.0,Pharmaceuticals: Major,407.0,2020.0,,
878,VIR,2026-05-05 19:38:20.384385,2026-05-05 19:38:20.384385,10.33,10.45,9.9,1038340.0,1441216.612677,1441216.612677,1741915.36818,11.66,2026-04-20,4.155,2025-08-11,,116104603.4,1615565428.055014,1.85535,-3.16,161234074.656189,Biotechnology,367.0,2016.0,,
879,CAST,2026-05-05 19:38:20.384385,2026-05-05 19:38:20.384385,1.88,2.09,1.7,344668.0,2523481.993857,2523481.993857,1177439.65066,33.0,2026-03-09,1.63,2026-04-23,,16334472.01184,82123494.6,-23.0309,-6.68,40857460.0,Internet Software/Services,128.0,2011.0,,
881,CSWC,2026-05-05 19:38:20.384385,2026-05-05 19:38:20.384385,24.23,24.32,23.935,477425.0,683253.738644,683253.738644,716955.315951,24.42,2026-04-17,19.37,2025-10-10,12.036515,58464348.684,1461034625.469716,1.4392,13.469707,60162018.755187,Investment Trusts/Mutual Funds,30.0,1961.0,2026-05-29 00:00:00,2026-05-15 00:00:00
885,BCAX,2026-05-05 19:38:20.384385,2026-05-05 19:38:20.384385,22.97,23.19,22.22,486452.0,402642.410729,402642.410729,478719.414498,24.25,2026-04-17,7.8,2025-05-23,,41259188.231222,1514910684.04,3.20329,-9.01,65467186.0,Pharmaceuticals: Major,103.0,2018.0,,
886,NTLA,2026-05-05 19:38:20.384385,2026-05-05 19:38:20.384385,14.13,14.3295,13.2,4882346.0,11799835.341745,11799835.341745,6970099.45712,28.25,2025-10-20,6.83,2025-05-30,,111857068.044,1572954210.0,2.40294,-3.48,118134000.0,Biotechnology,377.0,2014.0,,
887,OTF,2026-05-05 19:38:20.384385,2026-05-05 19:38:20.384385,11.535,11.63,11.3,1212873.0,2039781.375613,2039781.375613,1832864.49672,21.3827,2025-06-12,10.67,2026-04-28,12.216405,386135883.288792,5392233379.259999,0.66131,6.513214,464047623.0,Finance/Rental/Leasing,,2018.0,2026-07-07 00:00:00,2026-06-22 00:00:00
891,SVV,2026-05-05 19:38:20.384385,2026-05-05 19:38:20.384385,8.345,8.64,8.32,860234.0,935552.558845,935552.558845,970239.449387,13.89,2025-09-26,6.905,2026-03-27,,38006727.9228,1310229284.0,2.9411,59.309849,155056720.0,Specialty Stores,24000.0,1954.0,,
893,BTQ,2026-05-05 19:38:20.384385,2026-05-05 19:38:20.384385,3.01,3.02,2.78,2858240.0,1813415.199768,1813415.199768,2455639.21237,16.0,2025-10-08,1.6665,2025-05-05,,95696198.392,400844855.0,18.204,-23.04,140401000.0,Packaged Software,35.0,2021.0,,
894,TCPC,2026-05-05 19:38:20.384385,2026-05-05 19:38:20.384385,4.4,4.415,4.26,729432.0,485953.09651,485953.09651,831451.488073,8.055,2025-06-09,3.43,2026-04-02,20.95672,83932192.4225,368923493.917997,0.620787,-4.2,84229108.200456,Financial Conglomerates,24900.0,2012.0,2026-03-31 00:00:00,2026-03-17 00:00:00
896,ZBIO,2026-05-05 19:38:20.384385,2026-05-05 19:38:20.384385,21.68,22.15,20.27,397990.0,581364.983584,581364.983584,542007.411178,44.6,2025-12-24,8.51,2025-05-07,,25898035.2774,1189672571.263441,4.85128,-2.55,57361261.87384,Biotechnology,167.0,2019.0,,
898,GOGO,2026-05-05 19:38:20.384385,2026-05-05 19:38:20.384385,4.35,4.37,4.205,924799.0,1308289.775537,1308289.775537,1387009.28931,16.82,2025-07-30,3.845,2026-02-12,,77279486.531,580175310.0,5.78588,45.983087,135239000.0,Wireless Telecommunications,680.0,1991.0,,
900,PPTA,2026-05-05 19:38:20.384385,2026-05-05 19:38:20.384385,27.45,27.835,26.97,901462.0,1143662.803615,1143662.803615,1203691.57774,37.37,2026-03-02,11.22,2025-05-14,,115898084.55702,3416124524.6,3.87806,-29.65,124949690.0,Precious Metals,47.0,1899.0,,
901,QUIK,2026-05-05 19:38:20.384385,2026-05-05 19:38:20.384385,18.39,18.825,17.6,697209.0,817872.650819,817872.650819,485679.265549,18.88,2026-05-04,4.8,2025-09-02,,16143337.5612,321803109.666851,14.0909,-20.15,17720435.554342,Semiconductors,51.0,1988.0,,
902,PEPG,2026-05-05 19:38:20.384385,2026-05-05 19:38:20.384385,1.78,1.93,1.73,902856.0,883513.826749,883513.826749,1182809.87858,7.8,2026-01-02,1.01,2025-08-11,,65957762.747925,133046942.875,0.840827,-0.74,69115295.0,Biotechnology,56.0,2018.0,,
913,SBH,2026-05-05 19:38:20.384385,2026-05-05 19:38:20.384385,13.525,13.97,13.515,2001265.0,1347303.330942,1347303.330942,1249085.66548,17.92,2026-01-21,7.895,2025-05-06,,95698599.1472,1332901038.120889,1.58627,7.608881,97008809.179104,Specialty Stores,27000.0,1964.0,2006-08-18 00:00:00,2006-08-03 00:00:00
921,EBS,2026-05-05 19:38:20.384385,2026-05-05 19:38:20.384385,8.7,9.5401,8.67,1180999.0,716979.840032,716979.840032,639065.442345,14.06,2026-01-07,4.71,2025-05-06,,49731609.718,467204496.5,0.845673,-32.0,51596300.0,Pharmaceuticals: Major,900.0,1998.0,2016-08-01 00:00:00,2016-08-01 00:00:00
922,EIKN,2026-05-05 19:38:20.384385,2026-05-05 19:38:20.384385,10.28,10.66,10.05,148515.0,188431.740285,188431.740285,269884.582196,18.0,2026-02-04,7.9,2026-04-28,,27034357.63267,557085741.119761,-0.6331,,54138555.988315,Pharmaceuticals: Major,,2019.0,,
924,SOC,2026-05-05 19:38:20.384385,2026-05-05 19:38:20.384385,14.4,14.59,14.245,1972914.0,2659300.022181,2659300.022181,3481249.22127,35.0,2025-05-19,3.72,2025-11-17,,125426414.788,2099700792.241376,3.934,-3.42,147244094.827586,Integrated Oil,200.0,2020.0,,
927,FRMM,2026-05-05 19:38:20.384385,2026-05-05 19:38:20.384385,5.58,5.6,4.91,431351.0,1149792.051186,1149792.051186,3016790.36345,174.6,2025-08-13,1.76,2026-04-13,,9120114.6987,99940508.459017,0.435962,-0.14,20313111.47541,Pharmaceuticals: Major,8.0,2016.0,,
929,CWH,2026-05-05 19:38:20.384385,2026-05-05 19:38:20.384385,7.3,7.54,7.275,2427384.0,4291851.693644,4291851.693644,3746835.84177,19.64,2025-06-16,5.7,2026-03-19,6.729475,59559912.1482,759005238.872142,2.19561,-4.99,102985785.464334,Specialty Stores,11427.0,1966.0,2025-12-29 00:00:00,2025-12-15 00:00:00
934,ACEL,2026-05-05 19:38:20.384385,2026-05-05 19:38:20.384385,12.18,12.51,12.135,195346.0,297058.121668,297058.121668,300907.751277,13.31,2026-03-04,9.55,2025-11-20,,52410845.25,1017219051.0,3.72559,20.486577,81573300.0,Movies/Entertainment,1600.0,2010.0,,
938,SLI,2026-05-05 19:38:20.384385,2026-05-05 19:38:20.384385,3.8625,3.9099,3.77,986947.0,1700805.484443,1700805.484443,1734368.97753,6.4,2025-10-16,1.37,2025-05-06,,221110288.88,925906200.0,2.58018,-17.85,243020000.0,Other Metals/Minerals,53.0,1998.0,2010-10-18 00:00:00,2010-10-05 00:00:00
940,TRIN,2026-05-05 19:38:20.384385,2026-05-05 19:38:20.384385,16.83,16.995,16.65,1244064.0,1031731.651035,1031731.651035,1168934.53138,17.2014,2026-01-29,13.75,2025-05-07,12.135634,79389943.0006,1413557576.139805,1.25258,8.5888,83174908.863772,Investment Trusts/Mutual Funds,106.0,2008.0,2026-05-29 00:00:00,2026-05-15 00:00:00
947,MAT,2026-05-05 19:38:20.384385,2026-05-05 19:38:20.384385,14.86,14.98,14.575,3739407.0,5108861.573665,5108861.573665,4672795.55857,22.48,2026-02-10,14.1,2026-03-30,,287925898.8,4276179199.172734,2.04867,9.370859,290600013.535354,Recreational Products,31000.0,1945.0,2017-09-15 00:00:00,2017-08-21 00:00:00
949,ACDC,2026-05-05 19:38:20.384385,2026-05-05 19:38:20.384385,7.48,7.8,7.475,983852.0,1436687.50378,1436687.50378,1250121.36581,10.7,2025-06-18,3.08,2025-11-25,,29144885.459,1359619436.25,1.89094,-3.44,180920750.0,Oilfield Services/Equipment,2280.0,2016.0,,
950,FWRD,2026-05-05 19:38:20.384385,2026-05-05 19:38:20.384385,16.18,17.12,16.0,1243236.0,992062.048192,992062.048192,734347.385825,32.47,2025-07-28,14.815,2026-03-19,,21442688.1642,537210998.1381,4.48297,-4.84,31554243.649815,Trucking,6062.0,1981.0,2023-12-07 00:00:00,2023-11-21 00:00:00
953,BNAI,2026-05-05 19:38:20.384385,2026-05-05 19:38:20.384385,23.235,23.28,21.2001,398952.0,561250.684676,561250.684676,712675.659776,86.28,2026-01-28,1.18,2025-12-26,,3595393.24552,133210010.4,39.2213,-12.56,5857960.0,Packaged Software,29.0,2018.0,,
955,APPN,2026-05-05 19:38:20.384385,2026-05-05 19:38:20.384385,22.54,22.82,21.76,687871.0,1088636.473233,1088636.473233,960548.069388,46.059,2025-11-12,19.79,2026-04-30,,38828988.8244,1688055393.848536,-35.7553,1368.484848,74363673.737821,Packaged Software,2149.0,1999.0,,
959,HYLN,2026-05-05 19:38:20.384385,2026-05-05 19:38:20.384385,2.1399,2.33,2.125,1689530.0,804076.905841,804076.905841,769188.811196,2.5599,2025-10-08,1.11,2025-05-23,,123311198.376,410129433.554503,1.94802,-6.47,178317145.023697,Auto Parts: OEM,113.0,2015.0,,
963,ITRG,2026-05-05 19:38:20.384385,2026-05-05 19:38:20.384385,2.75,2.78,2.65,1675562.0,2595750.116317,2595750.116317,2566411.48173,4.87,2026-01-26,1.41,2025-06-27,,186077049.391,536732145.0,2.67346,-210.85,202159000.0,Precious Metals,329.0,1997.0,,
967,TLRY,2026-05-05 19:38:20.384385,2026-05-05 19:38:20.384385,5.91,5.96,5.6629,6266300.0,12083708.436235,12083708.436235,7248026.08369,23.2,2025-10-09,3.507,2025-06-23,,118709840.496,681146073.440678,0.440314,-0.42,119604227.118644,Agricultural Commodities/Milling,2842.0,2018.0,,
969,NEO,2026-05-05 19:38:20.384385,2026-05-05 19:38:20.384385,9.01,9.085,8.74,1516410.0,3039004.557838,3039004.557838,2641558.65577,13.74,2026-01-12,4.72,2025-08-01,,127918706.256,1152376200.0,1.40799,-11.46,130212000.0,Medical/Nursing Services,2500.0,1998.0,,
972,BOC,2026-05-05 19:38:20.384385,2026-05-05 19:38:20.384385,12.2,12.28,11.92,202470.0,149316.67976,149316.67976,157431.843624,15.75,2025-05-12,11.03,2026-03-31,,29266347.8485,367379608.153471,0.728842,-30.64,30666077.475248,Advertising/Marketing Services,422.0,2009.0,,
974,VFS,2026-05-05 19:38:20.384385,2026-05-05 19:38:20.384385,4.21,4.27,4.09,590744.0,1192477.914541,1192477.914541,1144296.57872,5.285,2026-04-21,2.78,2026-03-19,,49625743.3924,9732372901.16865,-1.4893,-2.65,2339512716.627079,Motor Vehicles,29878.0,2017.0,,
975,FLG,2026-05-05 19:38:20.384385,2026-05-05 19:38:20.384385,13.85,13.9651,13.7557,6923078.0,5438840.362068,5438840.362068,4748424.93586,14.92,2026-04-24,10.38,2025-06-25,0.2886,300811610.181,5784383954.172082,0.758374,-62.26,415993092.712843,Major Banks,5631.0,1859.0,2026-06-17 00:00:00,2026-06-05 00:00:00
983,CLAR,2026-05-05 19:38:20.384385,2026-05-05 19:38:20.384385,2.62,2.83,2.595,322735.0,211459.173854,211459.173854,185588.806542,4.03,2025-09-09,2.575,2026-05-04,3.846154,29028995.8704,108293142.161537,0.508395,-2.14,38401823.461538,Recreational Products,390.0,1989.0,2026-03-25 00:00:00,2026-03-16 00:00:00
984,ASB,2026-05-05 19:38:20.384385,2026-05-05 19:38:20.384385,28.025,28.485,27.93,923966.0,2151550.668837,2151550.668837,2176354.97729,29.515,2026-02-06,22.4,2025-05-23,3.370384,141565120.2,4711923090.0,0.960514,9.69952,165942000.0,Major Banks,,1964.0,2026-06-15 00:00:00,2026-06-01 00:00:00
985,NMRA,2026-05-05 19:38:20.384385,2026-05-05 19:38:20.384385,2.36,2.405,2.23,701455.0,1563210.385319,1563210.385319,1415694.9366,3.65,2026-02-18,0.611,2025-05-14,,60877148.8984,419269143.6,3.87538,-1.59,182688080.0,Pharmaceuticals: Major,96.0,2019.0,,
991,CVV,2026-05-05 19:38:20.384385,2026-05-05 19:38:20.384385,7.41,8.3121,6.88,265725.0,215684.266105,215684.266105,169759.577268,8.455,2026-05-04,2.46,2025-05-19,,5346254.13366,51405689.4,2.07068,-32.21,6937340.0,Electronic Production Equipment,85.0,1982.0,,
993,REPL,2026-05-05 19:38:20.384385,2026-05-05 19:38:20.384385,2.99,3.09,2.52,7635507.0,7992126.841338,7992126.841338,10955862.3574,13.24,2025-07-21,1.5,2026-04-13,,76116578.6964,236570544.386138,1.14602,-0.85,82572615.841584,Biotechnology,479.0,2015.0,,
995,WKHS,2026-05-05 19:38:20.384385,2026-05-05 19:38:20.384385,3.25,3.28,3.11,78097.0,330845.014871,330845.014871,225379.731117,67.32,2025-07-11,2.31,2026-04-29,,8116643.1452,34640449.080744,0.725653,-0.04,10893222.981366,Motor Vehicles,148.0,2007.0,,
996,AGIO,2026-05-05 19:38:20.384385,2026-05-05 19:38:20.384385,27.42,28.0,26.9311,870476.0,1401758.149886,1401758.149886,1366024.77203,46.0,2025-11-18,22.24,2025-11-19,,54414848.7952,1618817220.644415,1.47455,-3.8,59471609.869376,Pharmaceuticals: Major,540.0,2007.0,,
997,LTRX,2026-05-05 19:38:20.384385,2026-05-05 19:38:20.384385,6.809,6.94,6.68,396425.0,545814.287117,545814.287117,523340.499325,8.24,2026-01-28,2.03,2025-05-13,,34563396.68,274271904.540056,3.59384,-28.49,39692026.706231,Computer Peripherals,352.0,1989.0,,
998,CLOV,2026-05-05 19:38:20.384385,2026-05-05 19:38:20.384385,2.65,2.66,2.59,4201767.0,6211929.268119,6211929.268119,5552156.69781,3.92,2025-10-24,1.58,2026-04-01,,395726600.295,1369381709.139623,4.16876,-15.94,524667321.509434,Life/Health Insurance,724.0,2014.0,,
999,SENS,2026-05-05 19:38:20.384385,2026-05-05 19:38:20.384385,5.01,5.02,4.79,1807699.0,1202630.972937,1202630.972937,709255.167405,14.962,2025-05-08,4.79,2026-05-05,,48260103.06,249263842.172655,3.38665,-2.95,49802965.469062,Electronic Components,130.0,2014.0,,
1001,NEXN,2026-05-05 19:38:20.384385,2026-05-05 19:38:20.384385,7.66,7.72,7.44,163947.0,244947.341157,244947.341157,256342.360918,12.6,2025-05-14,5.6,2026-02-03,,32712957.3096,421249248.0,0.910655,18.333731,55720800.0,Packaged Software,909.0,2007.0,,
1003,IMNM,2026-05-05 19:38:20.384385,2026-05-05 19:38:20.384385,23.49,24.01,22.46,638826.0,806806.456452,806806.456452,921425.00892,27.65,2026-02-04,7.15,2025-05-07,,102676003.677,2615073770.373116,4.16083,-9.52,113133193.613373,Biotechnology,177.0,2006.0,,
1007,ANTX,2026-05-05 19:38:20.384385,2026-05-05 19:38:20.384385,4.82,5.17,4.69,317538.0,259610.242093,259610.242093,324007.311651,6.9099,2026-03-09,1.0,2026-01-05,,29319378.463232,169179073.85567,2.50572,-4.03,35995547.628866,Pharmaceuticals: Major,21.0,2017.0,,
1008,ANGI,2026-05-05 19:38:20.384385,2026-05-05 19:38:20.384385,7.34,7.46,7.075,1230416.0,747885.388971,747885.388971,701595.492185,19.42,2025-08-07,6.43,2026-03-27,,28286847.5275,297176190.355374,0.31363,7.693938,40104749.035813,Internet Software/Services,2300.0,2017.0,,
1010,MAN,2026-05-05 19:38:20.384385,2026-05-05 19:38:20.384385,29.96,30.135,29.2405,581767.0,1024240.184961,1024240.184961,1195064.4767,47.335,2025-07-17,25.15,2026-02-25,4.841964,45621871.616,1377953010.72628,0.668519,-84.06,46489642.737054,Personnel Services,25400.0,1948.0,2025-12-15 00:00:00,2025-12-01 00:00:00
1011,CDNA,2026-05-05 19:38:20.384385,2026-05-05 19:38:20.384385,21.21,21.285,20.39,422970.0,792423.217148,792423.217148,844427.474367,23.2399,2026-04-17,10.96,2025-07-17,,46096391.764,1069351650.0,3.42774,-136.02,51659500.0,Medical Specialties,765.0,1998.0,,
1023,VSTM,2026-05-05 19:38:20.384385,2026-05-05 19:38:20.384385,6.0,6.08,5.825,1077387.0,1904313.386106,1904313.386106,1950350.1437,11.245,2025-09-05,4.01,2025-06-30,,75359721.1668,523982898.5,8.08699,-1.79,87842900.0,Biotechnology,102.0,2010.0,,
1024,STIM,2026-05-05 19:38:20.384385,2026-05-05 19:38:20.384385,2.06,2.475,2.02,5806989.0,1911727.782438,1911727.782438,2189473.41496,4.8495,2025-08-05,0.8,2026-03-17,,25764732.214,151683321.871288,6.22784,-3.38,69579505.445545,Medical Specialties,658.0,1998.0,,
1026,CCAP,2026-05-05 19:38:20.384385,2026-05-05 19:38:20.384385,13.85,13.92,13.605,135782.0,180596.789847,180596.789847,195510.196779,17.02,2025-05-13,11.8,2026-04-01,12.086331,31517807.022,514242963.0,0.727826,14.920567,36969300.0,Finance/Rental/Leasing,,2015.0,2026-04-15 00:00:00,2026-03-31 00:00:00
1027,NG,2026-05-05 19:38:20.384385,2026-05-05 19:38:20.384385,8.17,8.17,7.92,1643778.0,3211114.261071,3211114.261071,2837288.1552,14.398,2026-03-02,3.365,2025-05-14,,329600001.332,3486362598.120753,7.85146,-29.55,439642193.962264,Precious Metals,12.0,1984.0,2012-04-30 00:00:00,2012-05-01 00:00:00
1028,VERX,2026-05-05 19:38:20.384385,2026-05-05 19:38:20.384385,13.31,13.66,13.13,1212025.0,1190642.137164,1190642.137164,1153640.57522,42.44,2025-06-06,10.59,2026-04-10,,72385862.7122,2181816869.55023,8.22989,300.45045,159957248.50075,Packaged Software,2100.0,1978.0,,
1032,FUBO,2026-05-05 19:38:20.384385,2026-05-05 19:38:20.384385,12.665,12.71,12.35,1455591.0,1430926.243876,1430926.243876,2223791.07405,56.64,2025-09-23,8.31,2026-03-30,,28699962.3825,1345063473.61323,1.36794,2.977846,108385453.151751,Internet Software/Services,590.0,2009.0,,
1034,HIVE,2026-05-05 19:38:20.384385,2026-05-05 19:38:20.384385,2.64,2.85,2.61,18730389.0,15304693.363334,15304693.363334,18170846.5847,7.84,2025-10-10,1.6,2025-06-23,,252055517.792,721342960.0,1.13009,-4.66,253994000.0,Information Technology Services,24.0,1987.0,,
1043,MRAM,2026-05-05 19:38:20.384385,2026-05-05 19:38:20.384385,18.81,19.6594,17.48,2890748.0,3069430.169199,3069430.169199,1577426.5664,22.69,2026-05-01,5.49,2025-05-28,,18802349.0688,446207828.0,6.22491,1893.939394,23447600.0,Semiconductors,85.0,2008.0,,
1046,WRN,2026-05-05 19:38:20.384385,2026-05-05 19:38:20.384385,2.8499,2.905,2.75,908637.0,1820614.166736,1820614.166736,2012372.38559,4.26,2026-01-29,1.02,2025-05-15,,183348381.69,625592077.420579,3.97617,-249.55,226253915.884477,Other Metals/Minerals,16.0,2006.0,2011-10-20 00:00:00,2011-10-20 00:00:00
1048,FCF,2026-05-05 19:38:20.384385,2026-05-05 19:38:20.384385,18.52,18.68,18.46,404265.0,735230.704172,735230.704172,754263.671652,19.14,2026-04-17,15.0,2025-11-03,2.926829,100182116.788,1901034398.569113,1.20821,12.173397,102206150.460705,Regional Banks,1522.0,1982.0,2026-05-22 00:00:00,2026-05-08 00:00:00
1051,IHS,2026-05-05 19:38:20.384385,2026-05-05 19:38:20.384385,8.225,8.23,8.16,1110678.0,936135.033676,936135.033676,831205.733475,8.95,2026-02-03,4.87,2025-05-05,,162714696.6732,2741208296.546892,-10.9616,19.15539,335521211.327649,Engineering & Construction,2762.0,2001.0,,
1052,TOYO,2026-05-05 19:38:20.384385,2026-05-05 19:38:20.384385,11.53,11.91,11.11,231594.0,250313.039959,250313.039959,291582.917742,14.33,2026-04-22,2.9,2025-05-06,,1644662.67996,410440610.852964,3.83766,8.895518,36712040.326741,Semiconductors,2552.0,,,
1056,ORN,2026-05-05 19:38:20.384385,2026-05-05 19:38:20.384385,14.93,15.8,14.93,556386.0,319929.847372,319929.847372,266876.20656,15.8,2026-05-05,6.44,2025-08-20,,38140527.4839,625809978.0,3.55081,68.031643,40479300.0,Engineering & Construction,2076.0,1994.0,,
1060,CRBU,2026-05-05 19:38:20.384385,2026-05-05 19:38:20.384385,1.95,1.985,1.89,992462.0,1469624.310682,1469624.310682,1459091.42316,3.535,2025-11-03,0.7301,2025-05-08,,86304794.8256,186146364.314137,1.48741,-1.2,96951231.413613,Biotechnology,97.0,2011.0,,
1061,SB,2026-05-05 19:38:20.384385,2026-05-05 19:38:20.384385,6.808,7.13,6.77,817968.0,417710.529683,417710.529683,387310.709686,7.13,2026-05-05,3.33,2025-05-08,2.980626,53336206.495,726450725.0,0.826035,22.623061,102245000.0,Marine Shipping,1107.0,2007.0,2026-03-18 00:00:00,2026-03-02 00:00:00
1062,NVST,2026-05-05 19:38:20.384385,2026-05-05 19:38:20.384385,26.15,26.34,25.44,2049339.0,2541941.769598,2541941.769598,2228134.77246,30.4199,2026-02-11,16.29,2025-05-05,,159397862.715,4269287295.0,1.361,92.908567,162981000.0,Medical Specialties,12000.0,2018.0,,
1063,VUZI,2026-05-05 19:38:20.384385,2026-05-05 19:38:20.384385,2.66,2.76,2.62,787751.0,1068831.044178,1068831.044178,923222.248211,4.29,2025-10-07,1.71,2025-05-07,,70372877.6916,224527410.0,8.74023,-6.52,83158300.0,Electronic Equipment/Instruments,88.0,1997.0,,
1066,SWBI,2026-05-05 19:38:20.384385,2026-05-05 19:38:20.384385,15.1,15.25,14.98,320048.0,446486.368771,446486.368771,519048.855005,15.79,2026-05-04,7.73,2025-08-01,3.473614,43300823.903,674970164.699399,1.8328,55.879059,44493748.496994,Aerospace & Defense,1416.0,1852.0,2026-04-02 00:00:00,2026-03-19 00:00:00
1070,PLBY,2026-05-05 19:38:20.384385,2026-05-05 19:38:20.384385,1.76,1.805,1.74,627050.0,558008.219048,558008.219048,730732.831789,2.75,2026-02-12,1.0,2025-05-05,,52703625.86,203876500.0,10.7448,-12.19,114860000.0,Specialty Stores,588.0,1953.0,,
1073,CNOB,2026-05-05 19:38:20.384385,2026-05-05 19:38:20.384385,29.65,30.15,29.6,460460.0,406867.583351,406867.583351,369316.131908,30.15,2026-04-28,21.79,2025-06-23,2.444822,47402090.9655,1511672310.0,1.00025,16.976999,50288500.0,Regional Banks,756.0,1982.0,2026-06-01 00:00:00,2026-05-15 00:00:00
1075,AI,2026-05-05 19:38:20.384385,2026-05-05 19:38:20.384385,9.31,9.45,9.0501,4382080.0,4175968.250364,4175968.250364,4531885.30663,30.24,2025-05-29,7.675,2026-03-30,,133158480.338,1366463975.715289,1.84768,-2.98,145291225.488069,Packaged Software,1181.0,2009.0,,
1076,IMMR,2026-05-05 19:38:20.384385,2026-05-05 19:38:20.384385,6.54,6.59,6.29,840597.0,574726.77579,574726.77579,675154.288854,8.15,2025-07-02,5.25,2026-03-30,3.692308,27150387.2205,210022672.5,0.69623,11.21,33100500.0,Computer Peripherals,,1993.0,2026-05-01 00:00:00,2026-04-20 00:00:00
1080,TNXP,2026-05-05 19:38:20.384385,2026-05-05 19:38:20.384385,13.11,13.55,12.725,268183.0,340643.34396,340643.34396,399895.970579,69.97,2025-08-14,11.6028,2026-03-30,,14174787.363,192057023.564089,0.6797,-0.91,14205401.15119,Pharmaceuticals: Major,142.0,2007.0,,
1082,RUM,2026-05-05 19:38:20.384385,2026-05-05 19:38:20.384385,7.25,7.39,7.012,2036905.0,3031512.522573,3031512.522573,3132317.60016,10.99,2025-07-21,4.6197,2026-03-30,,108230485.85,3179359527.855636,8.76846,-23.2,435230599.295775,Internet Software/Services,156.0,2013.0,,
1096,GTES,2026-05-05 19:38:20.384385,2026-05-05 19:38:20.384385,25.0,25.18,24.525,2332804.0,2220642.447652,2220642.447652,2145477.619,28.47,2026-02-13,19.56,2025-05-05,,248822090.468,6235194560.0,1.85785,25.610643,253876000.0,Industrial Machinery,13000.0,2017.0,,
1103,EYE,2026-05-05 19:38:20.384385,2026-05-05 19:38:20.384385,22.12,22.505,21.82,1399121.0,1510810.733424,1510810.733424,1341542.86516,30.02,2026-01-15,12.98,2025-05-05,,77420289.492,1782173582.0,2.00108,59.635275,79437200.0,Specialty Stores,13138.0,1990.0,,
1105,DDD,2026-05-05 19:38:20.384385,2026-05-05 19:38:20.384385,2.33,2.6,2.33,3351897.0,2610705.47618,2610705.47618,2391363.11997,3.8,2025-10-20,1.32,2025-06-23,,140305882.049,379023105.0,1.4173,12.560386,146059000.0,Information Technology Services,1418.0,1986.0,,
1111,BLND,2026-05-05 19:38:20.384385,2026-05-05 19:38:20.384385,1.549,1.615,1.535,3715216.0,2188211.503714,2188211.503714,2925095.58442,4.49,2025-09-17,1.33,2026-04-13,,177384039.074,397241643.990197,-12.855,-14.96,257114332.679739,Packaged Software,419.0,2012.0,,
1112,ACTG,2026-05-05 19:38:20.384385,2026-05-05 19:38:20.384385,5.19,5.22,5.115,208024.0,210489.744592,210489.744592,228289.00086,5.27,2026-05-04,2.99,2025-05-06,,95229133.0155,494919315.0,0.720979,23.11828,96475500.0,Miscellaneous Commercial Services,1062.0,1993.0,2015-11-30 00:00:00,2015-11-04 00:00:00
1115,DHT,2026-05-05 19:38:20.384385,2026-05-05 19:38:20.384385,19.05,19.28,18.7,3390202.0,2672071.854499,2672071.854499,3353027.36852,20.55,2026-03-02,10.61,2025-07-22,5.271651,142822835.414,3077512620.0,2.63793,14.150872,161042000.0,Marine Shipping,737.0,2005.0,2026-02-26 00:00:00,2026-02-19 00:00:00
1119,GT,2026-05-05 19:38:20.384385,2026-05-05 19:38:20.384385,6.89,7.13,6.8,5984667.0,7737877.724755,7737877.724755,7627174.3199,12.03,2025-06-11,6.14,2026-03-20,,274819656.958,2031407288.030614,0.607379,-1.18,286517247.959184,Automotive Aftermarket,63000.0,1898.0,2020-03-02 00:00:00,2020-01-31 00:00:00
1120,SRG,2026-05-05 19:38:20.384385,2026-05-05 19:38:20.384385,2.705,2.705,2.64,166544.0,312637.982759,312637.982759,252158.514076,4.56,2025-09-10,2.43,2026-04-16,,37553244.2334,149823450.943821,0.453808,-2.04,56324605.617978,Real Estate Development,5.0,2015.0,2019-04-11 00:00:00,2019-03-28 00:00:00
1121,BBAI,2026-05-05 19:38:20.384385,2026-05-05 19:38:20.384385,4.16,4.18,3.98,43394935.0,40674363.432907,40674363.432907,33400509.6126,9.39,2025-10-14,2.96,2025-05-07,,473661403.04,1987592286.230933,2.97793,-4.16,478949441.247002,Packaged Software,579.0,2020.0,,
1122,VNDA,2026-05-05 19:38:20.384385,2026-05-05 19:38:20.384385,7.56,7.58,7.35,895613.0,1132139.906989,1132139.906989,1092525.99221,9.94,2026-03-10,3.8092,2025-05-15,,54057753.372,437103894.761907,1.36561,-1.98,59108031.746032,Pharmaceuticals: Major,533.0,2002.0,,
1126,GEO,2026-05-05 19:38:20.384385,2026-05-05 19:38:20.384385,18.71,18.88,18.365,1733099.0,1371979.063885,1371979.063885,1506794.76188,31.26,2025-05-06,12.51,2026-02-20,,126227448.018,2437832639.278262,1.68109,10.205987,132707274.865447,Miscellaneous Commercial Services,17600.0,1984.0,2021-02-01 00:00:00,2021-01-22 00:00:00
1128,TENX,2026-05-05 19:38:20.384385,2026-05-05 19:38:20.384385,13.36,13.39,12.47,416789.0,630776.136025,630776.136025,600447.162214,18.38,2026-01-14,5.335,2025-05-06,,16530057.9584,215486083.213959,1.27808,-9.97,17197612.387387,Pharmaceuticals: Major,16.0,1967.0,,
1129,ALVO,2026-05-05 19:38:20.384385,2026-05-05 19:38:20.384385,3.57,3.61,3.465,208207.0,430620.394577,430620.394577,370118.825775,11.85,2025-06-04,3.03,2026-03-24,,123681785.04,1092168969.460226,-3.8607,36.514523,312048276.988636,Biotechnology,1460.0,2021.0,,
1134,CPS,2026-05-05 19:38:20.384385,2026-05-05 19:38:20.384385,29.355,30.96,28.925,156215.0,183002.081806,183002.081806,175225.449199,47.98,2026-02-17,19.32,2025-06-23,,16767004.4914,537452931.0,-6.4031,-126.03,17755300.0,Auto Parts: OEM,22000.0,2004.0,,
1135,AMPY,2026-05-05 19:38:20.384385,2026-05-05 19:38:20.384385,6.21,6.325,6.1,567609.0,639663.711653,639663.711653,732174.471538,6.79,2026-03-13,2.595,2025-05-22,,33335075.1734,258459365.683545,0.561014,6.135922,41287438.607595,Integrated Oil,184.0,2011.0,2020-03-30 00:00:00,2020-03-13 00:00:00
1137,GANX,2026-05-05 19:38:20.384385,2026-05-05 19:38:20.384385,1.9,1.91,1.8699,467841.0,537770.283447,537770.283447,558456.637753,4.34,2025-12-11,1.41,2025-08-01,,41334071.97,79976319.078947,4.30605,-3.1,42654036.842105,Biotechnology,21.0,2017.0,,
1140,LPRO,2026-05-05 19:38:20.384385,2026-05-05 19:38:20.384385,1.8,1.82,1.67,1126407.0,530989.205674,530989.205674,575892.818255,2.7,2025-07-28,1.175,2026-03-27,,101445435.993,198013605.593221,2.77826,-49.17,118217077.966102,Packaged Software,164.0,2000.0,,
1145,ENOV,2026-05-05 19:38:20.384385,2026-05-05 19:38:20.384385,23.94,24.59,23.225,838011.0,920582.675554,920582.675554,825959.789155,37.85,2025-05-13,21.0,2026-01-29,,56264375.9496,1381804669.512849,0.896137,-1.17,57300629.048843,Medical Specialties,7802.0,1995.0,2022-04-04 00:00:00,2022-04-05 00:00:00
1146,SHMD,2026-05-05 19:38:20.384385,2026-05-05 19:38:20.384385,5.39,5.69,5.2505,559066.0,1207822.939138,1207822.939138,923457.25245,10.65,2026-02-06,2.0,2025-09-16,,4629641.63428,257799931.26,-3.9839,-11.36,48687428.0,Electronic Components,,1864.0,,
1153,VNCE,2026-05-05 19:38:20.384385,2026-05-05 19:38:20.384385,5.32,5.83,5.19,470443.0,333597.324028,333597.324028,293913.076715,5.83,2026-05-05,1.02,2025-06-24,,4660036.8925,71944880.0,1.34107,10.721607,12847300.0,Apparel/Footwear,558.0,2002.0,,
1157,RIGL,2026-05-05 19:38:20.384385,2026-05-05 19:38:20.384385,29.54,30.0603,27.7,466704.0,299723.847676,299723.847676,350314.399056,52.24,2025-11-28,16.88,2025-05-08,,17912737.92,520397340.511854,1.38169,1.516341,18480019.194313,Pharmaceuticals: Major,174.0,1996.0,,
1159,INFQ,2026-05-05 19:38:20.384385,2026-05-05 19:38:20.384385,12.41,12.59,11.48,6635824.0,9108339.059591,9108339.059591,10453416.4148,21.28,2026-04-17,8.52,2026-03-30,,188339662.22064,2619310232.0,1.84695,-9.41,216471920.0,Computer Processing Hardware,205.0,2007.0,,
1161,VZLA,2026-05-05 19:38:20.384385,2026-05-05 19:38:20.384385,3.4,3.455,3.23,3995372.0,6370790.331118,6370790.331118,6951875.07743,7.19,2026-01-26,2.19,2025-05-06,,330023867.223,1130629265.0,3.30091,-9.37,349499000.0,Precious Metals,87.0,2017.0,2024-06-27 00:00:00,2024-06-24 00:00:00
1163,WATT,2026-05-05 19:38:20.384385,2026-05-05 19:38:20.384385,28.21,28.91,25.1,815358.0,514662.696041,514662.696041,542130.961706,36.9799,2026-04-30,3.6201,2025-12-26,,4924331.6694,150290052.0,4.96806,-3.61,5501100.0,Semiconductors,27.0,2012.0,,
1167,BUR,2026-05-05 19:38:20.384385,2026-05-05 19:38:20.384385,5.26,5.535,5.16,4184109.0,2916244.403437,2916244.403437,3083533.13392,15.1,2025-07-10,3.59,2026-03-27,2.341692,198133890.084,1142444835.0,0.470339,18.880115,219069000.0,Finance/Rental/Leasing,172.0,2009.0,2026-06-12 00:00:00,2026-05-22 00:00:00
1168,NEWT,2026-05-05 19:38:20.384385,2026-05-05 19:38:20.384385,12.96,13.25,12.925,127040.0,183459.56212,183459.56212,204375.217912,14.91,2026-01-16,9.5101,2025-05-06,5.928237,24913673.9595,373367925.0,1.03729,5.665797,28831500.0,Finance/Rental/Leasing,572.0,1998.0,2026-04-01 00:00:00,2026-03-24 00:00:00
1175,PSIG,2026-05-05 19:38:20.384385,2026-05-05 19:38:20.384385,6.26,6.48,6.2,529159.0,283567.165123,283567.165123,435129.073197,7.3,2026-04-16,2.1416,2025-05-09,,4653301.778464,53635694.44,-14.4284,-1.65,8623102.0,Air Freight/Couriers,28.0,2023.0,,
1176,SUPX,2026-05-05 19:38:20.384385,2026-05-05 19:38:20.384385,7.53,7.79,7.02,242032.0,393507.793322,393507.793322,391779.007993,76.5,2025-10-06,6.61,2026-04-07,,8767758.402554,199819169.126006,8.34088,-5.3,26893562.466488,Miscellaneous Commercial Services,40.0,,,
1177,PRA,2026-05-05 19:38:20.384385,2026-05-05 19:38:20.384385,24.666,24.725,24.65,617987.0,889018.823593,889018.823593,961230.370731,24.85,2026-03-26,22.72,2025-06-16,,50707506.8889,1272388490.63125,0.939378,25.015222,51607726.247465,Property/Casualty Insurance,972.0,1976.0,2023-04-13 00:00:00,2023-03-28 00:00:00
1179,HLMN,2026-05-05 19:38:20.384385,2026-05-05 19:38:20.384385,7.57,7.795,7.5316,1013529.0,1551595.037737,1551595.037737,1377057.73256,10.85,2026-02-05,6.55,2025-06-23,,192664485.3,1522589600.0,1.21109,41.643531,196210000.0,Wholesale Distributors,3986.0,1964.0,,
1180,TG,2026-05-05 19:38:20.384385,2026-05-05 19:38:20.384385,9.545,9.93,9.545,88586.0,160518.358656,160518.358656,169152.483195,10.12,2026-05-04,6.2501,2025-11-05,,31398848.174,339228320.0,1.5203,13.869039,34757000.0,Aluminum,1700.0,1988.0,2023-07-03 00:00:00,2023-06-15 00:00:00
1186,VIA,2026-05-05 19:38:20.384385,2026-05-05 19:38:20.384385,17.08,17.23,16.22,1358681.0,576228.761339,576228.761339,492008.589379,56.31,2025-09-15,13.11,2026-03-20,,35810241.94097,1348530138.717339,2.17625,-13.74,81236755.344418,Packaged Software,973.0,2012.0,,
1187,BATL,2026-05-05 19:38:20.384385,2026-05-05 19:38:20.384385,3.59,3.59,3.37,4805348.0,11497792.782584,11497792.782584,10963047.6044,29.7,2026-03-03,1.0,2025-10-17,,16750129.5104,74174829.208447,-1.8418,-1.64,21468836.239782,Oil & Gas Production,40.0,1987.0,,
1188,NUCL,2026-05-05 19:38:20.384385,2026-05-05 19:38:20.384385,10.89,11.32,9.89,421121.0,575304.509216,575304.509216,611595.703743,14.8,2025-10-14,4.55,2026-02-27,,15744210.509823,296088923.13,5.25525,-32.98,29579313.0,Alternative Power Generation,2.0,,,
1189,CAAP,2026-05-05 19:38:20.384385,2026-05-05 19:38:20.384385,24.75,25.0205,24.39,183972.0,261984.448517,261984.448517,262850.864017,30.5,2026-01-29,17.36,2025-10-08,,31704669.51,4046822428.844232,2.45604,15.644654,163178323.743719,Other Transportation,6300.0,2012.0,,
1192,WSHP,2026-05-05 19:38:20.384385,2026-05-05 19:38:20.384385,8.22,8.22,7.04,129076.0,349948.155362,349948.155362,2293840.78386,250.0,2025-11-19,4.95,2026-04-07,,1340568.336451,170435579.018341,23.9742,-2.03,23443683.496333,Internet Software/Services,,2012.0,,
1198,IMDX,2026-05-05 19:38:20.384385,2026-05-05 19:38:20.384385,5.27,5.27,4.39,851320.0,499885.395938,499885.395938,441224.690305,8.51,2025-11-12,2.33,2025-08-15,,27946722.032,147972800.0,-4.7677,-3.23,32168000.0,Biotechnology,58.0,2009.0,,
1199,BMBL,2026-05-05 19:38:20.384385,2026-05-05 19:38:20.384385,4.28,4.365,4.055,4144587.0,2709544.173747,2709544.173747,2760959.16823,8.64,2025-07-25,2.61,2026-02-19,,88646283.576,554963400.0,0.970975,-0.73,129816000.0,Packaged Software,580.0,2014.0,,
1209,ARIS,2026-05-05 19:38:20.384385,2026-05-05 19:38:20.384385,17.8,17.88,17.27,825671.0,1032890.378109,1032890.378109,1164169.60042,23.29,2026-02-27,5.3705,2025-05-05,,199611341.4,3568990000.0,2.49016,42.176216,206300000.0,Precious Metals,3578.0,1982.0,2022-09-15 00:00:00,2022-08-30 00:00:00
1210,HRTG,2026-05-05 19:38:20.384385,2026-05-05 19:38:20.384385,28.81,29.04,28.39,256659.0,306202.627989,306202.627989,270021.800038,31.98,2025-11-17,16.825,2025-08-06,,24631341.7602,891521069.20646,1.72223,4.498631,30720918.99402,Property/Casualty Insurance,542.0,2012.0,2022-07-05 00:00:00,2022-06-13 00:00:00
1211,ASM,2026-05-05 19:38:20.384385,2026-05-05 19:38:20.384385,6.45,6.56,6.2,2114406.0,4218856.834696,4218856.834696,4349680.48539,11.9883,2026-01-29,2.185,2025-05-14,,156444762.9,1044393460.0,4.39664,35.144124,168044000.0,Precious Metals,,1968.0,,
1214,LABT,2026-05-05 19:38:20.384385,2026-05-05 19:38:20.384385,2.91,3.25,2.91,397980.0,5989417.1961,5989417.1961,5989417.1961,9.82,2026-04-23,2.58,2026-04-30,,3652999.829013,43808353.144172,-11.5907,-4.72,14018673.006135,Biotechnology,5.0,2006.0,,
1215,ELVA,2026-05-05 19:38:20.384385,2026-05-05 19:38:20.384385,9.55,10.34,9.5,464513.0,304012.829491,304012.829491,351809.570843,11.88,2026-02-03,2.62,2025-05-05,,32414552.7468,486346281.022225,7.51425,81.255374,47587698.730159,Electrical Products,123.0,1996.0,,
1217,OPTU,2026-05-05 19:38:20.384385,2026-05-05 19:38:20.384385,1.51,1.515,1.415,1702197.0,2537394.502829,2537394.502829,2514895.65942,2.98,2025-07-24,1.2,2026-03-23,,255446952.678,668016040.02,-0.3049,-0.38,470433831.0,Major Telecommunications,9500.0,2001.0,2018-06-06 00:00:00,2018-06-07 00:00:00
1219,SFIX,2026-05-05 19:38:20.384385,2026-05-05 19:38:20.384385,3.62,3.815,3.61,1134913.0,1358925.904531,1358925.904531,1618231.42249,5.94,2025-09-22,2.95,2026-03-03,,112639054.212,507864138.96,2.35429,-19.59,136522618.0,Apparel/Footwear Retail,4165.0,2011.0,,
1222,SDST,2026-05-05 19:38:20.384385,2026-05-05 19:38:20.384385,2.5,2.5,2.31,85066.0,97136.695558,97136.695558,270798.760398,8.432,2025-05-13,1.425,2025-06-17,,5671635.31116,23797001.332,-3.9895,-1.06,9996220.0,Chemicals: Specialty,10.0,2023.0,,
1225,DXC,2026-05-05 19:38:20.384385,2026-05-05 19:38:20.384385,11.49,11.88,11.32,4385626.0,3656637.049603,3656637.049603,3319458.11124,17.26,2025-05-12,11.07,2026-04-30,,165783372.0,2012504800.0,0.621216,4.942998,169760000.0,Data Processing Services,120000.0,1959.0,2020-04-14 00:00:00,2020-03-24 00:00:00
1228,MLKN,2026-05-05 19:38:20.384385,2026-05-05 19:38:20.384385,15.65,15.95,15.54,568841.0,759172.898811,759172.898811,814663.193905,23.18,2026-02-10,13.7733,2025-11-19,4.841833,67326242.3502,1081688259.545518,0.793092,109.936125,68374731.956101,Office Equipment/Supplies,10382.0,1905.0,2026-07-15 00:00:00,2026-05-29 00:00:00
1230,HLIT,2026-05-05 19:38:20.384385,2026-05-05 19:38:20.384385,11.95,12.145,11.825,1185712.0,1127105.238854,1127105.238854,1025636.10791,12.18,2026-02-20,7.8,2025-07-29,,108081256.8,1309679293.179665,3.42338,-30.32,110242364.745763,Telecommunications Equipment,534.0,1988.0,,
1232,FTEK,2026-05-05 19:38:20.384385,2026-05-05 19:38:20.384385,1.62,1.64,1.58,259868.0,341228.328891,341228.328891,231440.208564,3.65,2025-09-12,0.93,2025-05-09,,23893390.1895,49538835.0,1.27086,-21.65,31156500.0,Chemicals: Major Diversified,77.0,1987.0,,
1234,LODE,2026-05-05 19:38:20.384385,2026-05-05 19:38:20.384385,3.26,3.3,3.17,941776.0,810932.833705,810932.833705,892506.140401,4.7999,2026-01-26,2.24,2025-08-20,,72943079.9409,235264783.065016,1.55686,-2.68,74099144.272446,Chemicals: Specialty,45.0,1999.0,,
1237,PLX,2026-05-05 19:38:20.384385,2026-05-05 19:38:20.384385,2.135,2.1725,1.925,1927377.0,639590.384169,639590.384169,631189.4786,3.19,2026-02-23,1.32,2025-06-23,,72072907.632,158726138.938966,3.55189,-23.2,80571644.131455,Pharmaceuticals: Major,226.0,1993.0,,
1240,GTX,2026-05-05 19:38:20.384385,2026-05-05 19:38:20.384385,25.0,26.195,25.0,3453576.0,2932079.053128,2932079.053128,2250063.72727,26.38,2026-05-01,9.57,2025-06-24,1.12,184759661.158,4893120460.0,-6.0097,14.520532,187189000.0,Auto Parts: OEM,6700.0,2018.0,2026-06-15 00:00:00,2026-06-01 00:00:00
1242,QDEL,2026-05-05 19:38:20.384385,2026-05-05 19:38:20.384385,12.435,12.8,11.58,3186114.0,2125919.322606,2125919.322606,2784575.83246,38.99,2025-05-12,10.86,2026-04-23,,67366124.1184,795195424.0,0.439114,-0.7,68081800.0,Medical Specialties,6500.0,2022.0,,
1246,MBI,2026-05-05 19:38:20.384385,2026-05-05 19:38:20.384385,5.845,5.925,5.78,184157.0,236929.068061,236929.068061,221495.816529,8.26,2025-08-27,4.105,2025-06-23,,45147046.932,300049385.073356,-0.1332,-1.65,50933523.183391,Specialty Insurance,57.0,1973.0,2023-12-22 00:00:00,2023-12-26 00:00:00
1247,MCS,2026-05-05 19:38:20.384385,2026-05-05 19:38:20.384385,17.12,18.15,17.12,158088.0,151547.901952,151547.901952,153847.474347,20.02,2026-04-17,12.85,2025-10-20,1.80758,22004764.9536,543869722.839354,1.16681,38.392657,30039752.71137,Movies/Entertainment,8390.0,1935.0,2026-03-16 00:00:00,2026-02-25 00:00:00
1255,CTKB,2026-05-05 19:38:20.384385,2026-05-05 19:38:20.384385,4.73,4.97,4.73,787560.0,657440.561314,657440.561314,565125.124977,6.18,2025-11-17,2.37,2025-05-23,,117685082.55,614469651.351929,1.75293,-9.2,128550136.266094,Medical Specialties,700.0,1992.0,,
1259,CLNN,2026-05-05 19:38:20.384385,2026-05-05 19:38:20.384385,7.32,7.42,6.55,1313227.0,2291400.7778,2291400.7778,1132095.38733,13.5,2025-11-03,2.2801,2025-05-23,,8891002.8729,77324586.56675,-4.9895,-3.11,11778307.169345,Pharmaceuticals: Major,79.0,2013.0,,
1260,CVGI,2026-05-05 19:38:20.384385,2026-05-05 19:38:20.384385,4.38,4.5,4.01,483844.0,416568.98484,416568.98484,492732.687322,4.5,2026-04-27,0.8811,2025-05-06,,28363809.5448,153863652.816901,1.01508,-6.27,36634203.051643,Trucks/Construction/Farm Machinery,6500.0,2000.0,,
1263,RCKT,2026-05-05 19:38:20.384385,2026-05-05 19:38:20.384385,3.63,3.67,3.495,1275753.0,1908781.197462,1908781.197462,2182373.71166,8.19,2025-05-05,2.19,2025-05-27,,102507309.002,385749805.0,1.41055,-1.8,109123000.0,Biotechnology,202.0,1999.0,,
1266,VTIX,2026-05-05 19:38:20.384385,2026-05-05 19:38:20.384385,4.0,4.465,3.75,1039294.0,466706.028685,466706.028685,280194.307076,92.74,2026-01-27,3.14,2026-04-30,,14832507.639851,123098113.789173,-37.86,-11.75,31849447.293447,Computer Peripherals,42.0,2013.0,,
1267,EU,2026-05-05 19:38:20.384385,2026-05-05 19:38:20.384385,1.86,1.9,1.82,1926418.0,2004130.27417,2004130.27417,2223200.22449,4.185,2025-10-16,1.52,2025-05-06,,190413056.504,361526205.833333,1.52012,-6.11,194892833.333333,Other Metals/Minerals,251.0,2009.0,,
1272,STUB,2026-05-05 19:38:20.384385,2026-05-05 19:38:20.384385,7.41,7.8,7.26,4511984.0,3079975.396188,3079975.396188,3624516.2656,27.89,2025-09-17,5.74,2026-04-09,,238590132.01812,2714670582.044358,2.17539,-1.32,356724123.790323,Internet Software/Services,895.0,2000.0,,
1273,OOMA,2026-05-05 19:38:20.384385,2026-05-05 19:38:20.384385,17.71,18.7,17.71,439164.0,252716.697252,252716.697252,260174.566316,18.7,2026-05-05,9.7925,2025-11-21,,23739884.5178,512782837.573192,5.28669,77.927732,27509808.882682,Major Telecommunications,1420.0,2003.0,,
1274,MAKO,2026-05-05 19:38:20.384385,2026-05-05 19:38:20.384385,7.56,7.7,7.51,66335.0,191531.518129,191531.518129,207420.965482,8.78,2026-03-02,3.04,2025-05-20,,85337044.1406,658485792.0,4.35817,18.285299,87564600.0,Precious Metals,,2004.0,,
1275,ABAT,2026-05-05 19:38:20.384385,2026-05-05 19:38:20.384385,3.26,3.3,3.13,3300975.0,4322170.337035,4322170.337035,3862520.3974,11.49,2025-10-15,1.2,2025-06-23,,126937841.475,421469584.099379,3.54626,-7.96,131709245.031056,Other Metals/Minerals,163.0,2011.0,,
1286,YEXT,2026-05-05 19:38:20.384385,2026-05-05 19:38:20.384385,4.14,4.195,4.07,1039939.0,1734375.774005,1734375.774005,2052411.44422,9.2,2025-08-28,3.29,2026-04-10,,107776024.065,502014638.004856,3.17703,57.703081,123345119.902913,Data Processing Services,1120.0,2006.0,,
1288,LXU,2026-05-05 19:38:20.384385,2026-05-05 19:38:20.384385,14.535,15.51,14.4,1356153.0,1325638.254648,1325638.254648,1414572.86587,17.215,2026-03-26,6.34,2025-05-06,,53841531.3589,1100408130.0,1.90295,22.651324,71922100.0,Chemicals: Agricultural,513.0,1968.0,1999-01-15 00:00:00,1998-12-29 00:00:00
1293,APPS,2026-05-05 19:38:20.384385,2026-05-05 19:38:20.384385,3.96,4.01,3.8501,1772385.0,1638322.293902,1638322.293902,1981251.69977,8.2799,2025-11-05,2.74,2026-04-02,,106102027.9,467010500.0,2.42915,-8.5,119900000.0,Packaged Software,647.0,1998.0,,
1296,ALOY,2026-05-05 19:38:20.384385,2026-05-05 19:38:20.384385,9.61,9.78,9.3301,1394712.0,1748145.074435,1748145.074435,1812714.29422,26.9,2026-03-04,2.82,2025-05-08,,55152657.2284,564801831.974607,7.20038,-8.23,59830702.539683,Other Metals/Minerals,17.0,2011.0,,
1297,RELY,2026-05-05 19:38:20.384385,2026-05-05 19:38:20.384385,23.82,24.17,23.645,3845997.0,3079743.822352,3079743.822352,3341688.70577,24.705,2025-05-13,12.08,2025-11-14,,176940418.80684,5005148413.110176,5.76513,76.169122,210654394.491169,Miscellaneous Commercial Services,3200.0,2018.0,,
1302,AVXL,2026-05-05 19:38:20.384385,2026-05-05 19:38:20.384385,3.45,3.49,3.33,480385.0,698457.925279,698457.925279,909896.133917,13.99,2025-07-24,2.61,2026-03-25,,89783405.3376,311377248.0,2.49577,-7.33,92671800.0,Biotechnology,34.0,2004.0,,
1305,DFH,2026-05-05 19:38:20.384385,2026-05-05 19:38:20.384385,14.25,14.53,14.155,795176.0,575267.173642,575267.173642,587311.862931,31.4952,2025-09-08,13.22,2026-04-15,,27780497.7726,1304034338.294869,0.912143,8.376589,91768778.205128,Homebuilding,1911.0,2008.0,,
1318,MH,2026-05-05 19:38:20.384385,2026-05-05 19:38:20.384385,11.31,11.78,11.07,375195.0,433384.50508,433384.50508,353987.712979,18.0,2025-11-25,10.695,2025-11-06,,24927991.68336,2229942862.75,2.79848,-30.47,191001530.0,Miscellaneous Commercial Services,4200.0,1888.0,,
1324,LIND,2026-05-05 19:38:20.384385,2026-05-05 19:38:20.384385,16.62,20.925,16.62,1222345.0,635829.034938,635829.034938,630229.403508,21.595,2026-04-17,8.9717,2025-05-05,,48687975.556,1333750880.0,-3.9802,-32.55,65252000.0,Hotels/Resorts/Cruise lines,1550.0,2010.0,,
1325,CGCT,2026-05-05 19:38:20.384385,2026-05-05 19:38:20.384385,10.385,10.39,10.3624,8648.0,322694.253938,322694.253938,231010.756584,10.43,2026-04-30,10.0,2025-06-24,,19229002.8,358110015.984598,1.32673,57.626179,34500001.539942,Financial Conglomerates,2.0,,,
1326,AIOT,2026-05-05 19:38:20.384385,2026-05-05 19:38:20.384385,3.27,3.355,3.24,1424161.0,1670804.74585,1670804.74585,1490916.95484,6.065,2025-05-14,2.775,2026-03-20,,124791856.514,448051903.591463,0.90645,-14.41,134147276.52439,Packaged Software,2518.0,1993.0,,
1335,NUAI,2026-05-05 19:38:20.384385,2026-05-05 19:38:20.384385,4.15,4.38,4.0,5177144.0,4518436.329882,4518436.329882,6449799.76847,9.445,2026-01-22,0.3208,2025-09-09,,73853010.76419,421248969.966264,-85.0061,-4.3,99000933.012048,Financial Conglomerates,5.0,2023.0,,
1337,CARS,2026-05-05 19:38:20.384385,2026-05-05 19:38:20.384385,10.94,11.24,10.94,455196.0,720537.758833,720537.758833,919662.089702,13.97,2025-09-05,7.4,2026-03-12,,49471972.5676,636623834.0,1.35878,34.542587,57019600.0,Internet Software/Services,1700.0,1998.0,,
1339,PGEN,2026-05-05 19:38:20.384385,2026-05-05 19:38:20.384385,4.2,4.4,4.17,3866152.0,2804896.350848,2804896.350848,2873730.08035,5.465,2026-02-17,1.225,2025-05-08,,153795245.873,1530742925.0,70.0626,-3.09,353929000.0,Biotechnology,160.0,1998.0,2017-01-18 00:00:00,2017-01-19 00:00:00
1346,TMQ,2026-05-05 19:38:20.384385,2026-05-05 19:38:20.384385,4.35,4.39,4.19,2444206.0,2615593.74552,2615593.74552,2459844.04563,11.29,2025-10-14,1.125,2025-05-16,,108562035.05,743543827.105567,6.12155,-15.66,175986704.640371,Other Metals/Minerals,13.0,2011.0,,
1348,HELE,2026-05-05 19:38:20.384385,2026-05-05 19:38:20.384385,23.63,24.165,23.11,500823.0,966126.246977,966126.246977,768600.005782,33.76,2025-05-12,13.85,2026-03-27,,22651092.6686,555975456.295687,0.677112,-0.6,23257705.764304,Home Furnishings,1854.0,1968.0,1977-08-03 00:00:00,1977-07-14 00:00:00
1349,FOSL,2026-05-05 19:38:20.384385,2026-05-05 19:38:20.384385,4.4,4.46,4.26,473240.0,557510.689677,557510.689677,703321.904996,5.745,2026-04-17,1.1201,2025-05-06,,52474908.1032,255210949.824883,2.35724,-2.94,59076608.75576,Other Consumer Specialties,4500.0,1984.0,,
1354,EBF,2026-05-05 19:38:20.384385,2026-05-05 19:38:20.384385,20.515,20.89,20.31,109491.0,208363.971738,208363.971738,183434.957931,22.36,2026-04-09,16.3,2025-10-30,4.878049,24260671.4581,519769095.0,1.69847,12.356097,25292900.0,Commercial Printing/Forms,1856.0,1909.0,2026-05-04 00:00:00,2026-04-13 00:00:00
1355,CNXC,2026-05-05 19:38:20.384385,2026-05-05 19:38:20.384385,23.43,23.965,22.85,1511228.0,1795727.601988,1795727.601988,1618089.70151,62.14,2025-07-23,22.85,2026-04-30,6.009145,41384314.2144,1454965104.908542,0.51281,-1.11,61004826.201616,Information Technology Services,455000.0,1973.0,2026-05-05 00:00:00,2026-04-24 00:00:00
1356,PWP,2026-05-05 19:38:20.384385,2026-05-05 19:38:20.384385,19.58,20.07,18.96,1341090.0,1173372.491671,1173372.491671,1057562.1275,25.925,2026-02-09,15.74,2026-03-09,1.447028,66779934.3,1806148037.69303,-8.8247,80.357143,92480698.294574,Investment Managers,736.0,2006.0,2026-06-15 00:00:00,2026-06-01 00:00:00
1358,ADMA,2026-05-05 19:38:20.384385,2026-05-05 19:38:20.384385,10.43,10.56,10.05,6503833.0,5490003.134072,5490003.134072,5775392.43605,23.98,2025-05-07,7.2101,2026-03-26,,224608519.96,2376677478.861304,5.13804,17.183333,232324289.233754,Biotechnology,647.0,2004.0,,
1359,NFBK,2026-05-05 19:38:20.384385,2026-05-05 19:38:20.384385,13.99,14.205,13.96,183797.0,180915.726478,180915.726478,219605.980045,14.205,2026-05-05,9.905,2025-11-07,3.738318,39776701.824,591795880.0,0.836251,120.537262,41764000.0,Savings Banks,372.0,1887.0,2026-05-20 00:00:00,2026-05-06 00:00:00
1363,NRGV,2026-05-05 19:38:20.384385,2026-05-05 19:38:20.384385,4.76,5.185,4.6001,7661306.0,4380392.842915,4380392.842915,3559238.54092,6.35,2026-01-15,0.6535,2025-06-27,,138994061.25,866605020.81081,11.1158,-7.71,172975054.054054,Electrical Products,142.0,,,
1365,DFTX,2026-05-05 19:38:20.384385,2026-05-05 19:38:20.384385,21.75,22.58,21.6988,1042506.0,1615744.165098,1615744.165098,1877649.98035,26.25,2026-04-20,6.03,2025-05-09,,105095222.27308,2443095874.059769,6.46467,-10.83,109066780.091954,Pharmaceuticals: Major,106.0,2010.0,,
1371,MIST,2026-05-05 19:38:20.384385,2026-05-05 19:38:20.384385,1.92,1.98,1.855,1317563.0,967236.802265,967236.802265,2294433.67599,3.06,2025-12-12,1.0,2026-03-30,,116457736.241,221213960.0,4.8198,-2.38,117667000.0,Pharmaceuticals: Major,38.0,2003.0,,
1372,VOR,2026-05-05 19:38:20.384385,2026-05-05 19:38:20.384385,14.82,15.6,14.71,677965.0,835205.002724,835205.002724,1097541.1396,65.8,2025-07-08,2.622,2025-05-09,,34318739.2275,758601734.121685,-3.4664,-0.04,48847503.806934,Biotechnology,76.0,2015.0,,
1376,AVD,2026-05-05 19:38:20.384385,2026-05-05 19:38:20.384385,2.7782,2.95,2.72,181287.0,170546.853041,170546.853041,255417.58446,5.92,2025-09-29,2.05,2026-03-27,,26699366.592,84191820.0,0.402566,-1.54,28539600.0,Chemicals: Agricultural,739.0,1969.0,2024-07-10 00:00:00,2024-06-26 00:00:00
1381,GEOS,2026-05-05 19:38:20.384385,2026-05-05 19:38:20.384385,9.13,9.355,8.8001,256986.0,183212.435045,183212.435045,207345.533492,29.8927,2025-10-27,5.51,2025-05-30,,12429632.0518,114509145.726532,1.01877,-4.21,12887917.358079,Oilfield Services/Equipment,519.0,1980.0,,
1385,FUFU,2026-05-05 19:38:20.384385,2026-05-05 19:38:20.384385,2.176,2.25,2.09,167977.0,291354.652523,291354.652523,275569.093853,5.38,2025-08-15,1.56,2026-03-20,,18525792.094202,373752786.36574,2.49746,-10.72,166482310.185185,Data Processing Services,29.0,2020.0,,
1387,RCEL,2026-05-05 19:38:20.384385,2026-05-05 19:38:20.384385,4.32,4.36,4.175,111378.0,160790.510186,160790.510186,227616.844461,9.845,2025-05-08,3.22,2026-01-07,,24555939.6621,130185403.443924,-7.7852,-2.42,30776691.121495,Medical Specialties,226.0,2020.0,,
1391,KRNT,2026-05-05 19:38:20.384385,2026-05-05 19:38:20.384385,16.18,16.35,16.08,100333.0,164249.482665,164249.482665,203137.231435,23.48,2025-05-20,11.93,2025-11-05,,43984543.0558,727466275.783985,1.01881,-53.74,44794721.41527,Chemicals: Specialty,633.0,2002.0,,
1392,MBC,2026-05-05 19:38:20.384385,2026-05-05 19:38:20.384385,8.3899,8.55,8.14,3319320.0,1933237.490195,1933237.490195,1953517.85691,14.22,2025-09-17,7.38,2026-03-19,,124727354.11236,1078252235.605872,0.772887,39.525883,127982461.19951,Home Furnishings,12000.0,1954.0,,
1393,QS,2026-05-05 19:38:20.384385,2026-05-05 19:38:20.384385,7.22,7.385,7.13,10978105.0,34568054.559655,34568054.559655,22624161.5646,19.0699,2025-10-15,3.77,2025-05-06,,472697624.244,4469029055.509037,3.98559,-10.16,615145086.787204,Electrical Products,700.0,2010.0,,
1396,OCFC,2026-05-05 19:38:20.384385,2026-05-05 19:38:20.384385,18.54,19.1,18.48,538747.0,877769.171967,877769.171967,702908.583356,20.61,2025-12-18,16.09,2025-08-05,4.345464,55521657.9916,1096993904.5,0.635221,15.684103,57600100.0,Savings Banks,954.0,1995.0,2026-05-08 00:00:00,2026-04-27 00:00:00
1397,LCUT,2026-05-05 19:38:20.384385,2026-05-05 19:38:20.384385,5.95,6.58,5.95,64521.0,86476.570695,86476.570695,158699.68328,8.199,2026-04-15,2.8905,2025-05-08,2.857143,12772324.689,147139071.57227,0.666376,-4.76,22654206.554622,Home Furnishings,1080.0,1945.0,2026-05-15 00:00:00,2026-05-01 00:00:00
1400,NABL,2026-05-05 19:38:20.384385,2026-05-05 19:38:20.384385,5.5,5.51,5.34,701417.0,813702.959655,813702.959655,1017000.99448,9.04,2025-08-07,4.145,2026-04-10,,67441396.158,1031371166.711956,1.28067,-60.24,188378295.289855,Packaged Software,1852.0,2000.0,,
1406,ALXO,2026-05-05 19:38:20.384385,2026-05-05 19:38:20.384385,1.91,1.98,1.855,672072.0,1063586.544644,1063586.544644,1266952.78031,2.66,2026-02-19,0.404,2025-06-27,,106020246.208,254662014.183511,3.93552,-0.99,131608276.06383,Biotechnology,43.0,2015.0,,
1409,DOCS,2026-05-05 19:38:20.384385,2026-05-05 19:38:20.384385,24.89,25.85,24.55,2963808.0,2859441.581072,2859441.581072,3072925.59503,76.51,2025-09-29,20.55,2026-04-09,,129717218.988,4759037974.415,4.7018,20.90016,184709411.0,Packaged Software,830.0,2010.0,,
1411,GTM,2026-05-05 19:38:20.384385,2026-05-05 19:38:20.384385,6.54,6.6,6.405,4367629.0,6356181.333932,6356181.333932,9411640.82915,12.51,2025-09-15,5.15,2026-04-10,,234753482.99,1953752471.392636,1.328,17.010175,298055296.932515,Packaged Software,3180.0,2007.0,,
1412,TE,2026-05-05 19:38:20.384385,2026-05-05 19:38:20.384385,5.2,5.475,5.09,14970836.0,13305923.719182,13305923.719182,17673572.584,9.78,2026-01-28,0.93,2025-05-15,,202073523.552,1490244480.0,5.4238,-2.47,279072000.0,Electrical Products,562.0,2023.0,,
1414,DSX,2026-05-05 19:38:20.384385,2026-05-05 19:38:20.384385,2.6,2.735,2.589,1499884.0,478150.201899,478150.201899,441339.717849,2.735,2026-05-05,1.38,2025-05-08,1.544402,61894281.24,334793400.0,0.59693,23.739688,123540000.0,Marine Shipping,939.0,1999.0,2026-03-18 00:00:00,2026-03-11 00:00:00
1415,TROO,2026-05-05 19:38:20.384385,2026-05-05 19:38:20.384385,3.98,4.2,3.82,247810.0,457871.542117,457871.542117,268538.734332,5.283191,2026-01-12,0.53,2025-05-14,,44505859.92,438927254.904524,9.91752,-17.39,108110161.306533,Finance/Rental/Leasing,47.0,2007.0,,
1416,SRPT,2026-05-05 19:38:20.384385,2026-05-05 19:38:20.384385,22.36,22.66,21.035,2191319.0,2536353.240941,2536353.240941,2442221.52247,64.8,2025-05-05,10.415,2025-07-24,,99452302.45,2287732100.0,2.0282,-2.58,104990000.0,Pharmaceuticals: Major,835.0,1980.0,,
1418,RILY,2026-05-05 19:38:20.384385,2026-05-05 19:38:20.384385,8.7,8.94,8.61,681969.0,904482.602029,904482.602029,798782.856829,10.97,2026-01-15,2.75,2025-05-08,,24034041.2151,311437247.723578,-1.5358,1.131243,35150930.894309,Investment Banks/Brokers,1380.0,1973.0,2024-06-11 00:00:00,2024-05-23 00:00:00
1420,KYTX,2026-05-05 19:38:20.384385,2026-05-05 19:38:20.384385,9.1,9.38,9.0,748328.0,1563466.676919,1563466.676919,1213969.74718,13.67,2025-12-15,1.92,2025-05-06,,36454671.610715,558391952.925,2.33993,-2.52,60530293.0,Biotechnology,130.0,2018.0,,
1422,RVLV,2026-05-05 19:38:20.384385,2026-05-05 19:38:20.384385,23.74,24.025,23.32,1763952.0,935929.073289,935929.073289,891640.475348,31.68,2026-01-08,16.8,2025-05-07,,41118613.536,1677808246.227611,3.26687,27.406542,71563584.825234,Internet Retail,1664.0,2003.0,,
1426,DSP,2026-05-05 19:38:20.384385,2026-05-05 19:38:20.384385,11.54,12.07,11.3,153395.0,170066.664574,170066.664574,190817.18617,16.25,2025-05-16,8.11,2025-10-10,,16529602.2078,737429106.24,8.8795,85.714286,63353016.0,Packaged Software,380.0,1999.0,,
1428,TALK,2026-05-05 19:38:20.384385,2026-05-05 19:38:20.384385,5.2,5.2,5.185,3023120.0,1245516.988363,1245516.988363,1622756.98982,5.2,2026-04-06,2.22,2025-08-05,,137211740.943,870230035.0,7.40878,115.812918,167513000.0,Medical/Nursing Services,598.0,2012.0,,
1429,SEER,2026-05-05 19:38:20.384385,2026-05-05 19:38:20.384385,1.95,1.98,1.82,1020725.0,480873.5287,480873.5287,533386.252677,2.41,2025-10-24,1.65,2026-03-27,,31190095.2896,105224792.0,0.422773,-1.52,56420800.0,Biotechnology,124.0,2017.0,,
1430,STNE,2026-05-05 19:38:20.384385,2026-05-05 19:38:20.384385,11.0,11.09,10.845,5535896.0,6371581.540659,6371581.540659,5630364.52061,19.95,2025-09-30,10.74,2026-05-04,,238871739.337,3002462839.196952,1.34471,6.967029,270858172.232472,Miscellaneous Commercial Services,16367.0,2000.0,2026-05-04 00:00:00,2026-04-24 00:00:00
1432,SHLS,2026-05-05 19:38:20.384385,2026-05-05 19:38:20.384385,9.3,9.3197,7.79,10825762.0,5377914.475026,5377914.475026,5703831.10241,11.36,2025-10-29,3.81,2025-05-22,,166530990.516,1366502940.0,2.30813,41.474423,167772000.0,Semiconductors,1480.0,1996.0,,
1433,CING,2026-05-05 19:38:20.384385,2026-05-05 19:38:20.384385,5.3,5.35,4.83,434980.0,527838.737793,527838.737793,456213.917429,11.89,2026-03-17,3.2,2025-11-17,,9779012.713,61252822.857145,15.1717,-1.21,12250564.571429,Pharmaceuticals: Major,14.0,2012.0,,
1436,BRBR,2026-05-05 19:38:20.384385,2026-05-05 19:38:20.384385,11.575,11.93,9.215,26687090.0,3337230.824355,3337230.824355,3160104.04312,79.57,2025-05-05,9.215,2026-05-05,,115185643.02,1246580100.0,-3.9863,11.922258,117270000.0,Pharmaceuticals: Other,530.0,2019.0,,
1438,PTRN,2026-05-05 19:38:20.384385,2026-05-05 19:38:20.384385,13.64,14.045,13.64,855257.0,606728.415572,606728.415572,587930.438508,20.1,2025-11-06,8.92,2026-02-24,,32765936.67952,2477381516.45,4.13513,-15.21,176766430.0,Advertising/Marketing Services,2100.0,2013.0,,
1439,IRWD,2026-05-05 19:38:20.384385,2026-05-05 19:38:20.384385,4.64,4.73,4.555,4452703.0,1778564.654073,1778564.654073,1719864.26051,5.78,2026-01-02,0.5271,2025-05-16,,156389580.032,763112959.215684,-2.8584,31.139756,163058324.618736,Pharmaceuticals: Major,100.0,1998.0,2019-04-01 00:00:00,2019-04-02 00:00:00
1443,MRTN,2026-05-05 19:38:20.384385,2026-05-05 19:38:20.384385,14.57,14.7,14.41,652512.0,1076649.37732,1076649.37732,955148.958098,15.42,2026-02-20,9.35,2025-11-19,1.64722,57653632.0894,1198952302.566572,1.55554,81.992122,81589132.532601,Trucking,3502.0,1946.0,2026-03-31 00:00:00,2026-03-17 00:00:00
1452,MEI,2026-05-05 19:38:20.384385,2026-05-05 19:38:20.384385,9.0025,9.42,8.97,744806.0,512987.779076,512987.779076,466968.483632,10.775,2025-07-08,4.88,2026-03-19,2.477477,33960428.1344,318873817.905408,0.465946,-4.91,35430424.211712,Electronic Components,7300.0,1946.0,2026-05-01 00:00:00,2026-04-17 00:00:00
1453,EYPT,2026-05-05 19:38:20.384385,2026-05-05 19:38:20.384385,13.86,14.07,13.32,727383.0,887145.173915,887145.173915,867194.324188,19.11,2025-12-08,5.3,2025-05-14,,73602351.872,1151346137.285199,3.74746,-4.38,83795206.498195,Pharmaceuticals: Major,214.0,1987.0,,
1457,HTGC,2026-05-05 19:38:20.384385,2026-05-05 19:38:20.384385,16.48,16.57,16.27,2063159.0,1762003.139737,1762003.139737,1793113.16245,19.67,2025-08-11,13.7001,2026-03-27,9.73236,179999975.075,3043649753.825913,1.35534,8.865879,183695440.510949,Finance/Rental/Leasing,100.0,2003.0,2026-05-21 00:00:00,2026-05-14 00:00:00
1458,KRNY,2026-05-05 19:38:20.384385,2026-05-05 19:38:20.384385,7.98,8.16,7.98,315904.0,310598.548466,310598.548466,281644.384258,8.5,2026-01-22,5.76,2025-08-01,5.520703,57487373.7728,526006000.0,0.67621,14.00703,64739200.0,Savings Banks,504.0,1884.0,2026-05-20 00:00:00,2026-05-06 00:00:00
1464,VWAV,2026-05-05 19:38:20.384385,2026-05-05 19:38:20.384385,5.71,5.99,5.6201,472740.0,685132.881462,685132.881462,699138.443686,18.41,2025-06-16,2.0607,2025-07-25,,12791747.369622,137597980.49,30.9634,-10.46,23847137.0,Packaged Software,12.0,2024.0,,
1465,NPB,2026-05-05 19:38:20.384385,2026-05-05 19:38:20.384385,17.41,17.64,17.26,90341.0,168480.757303,168480.757303,169228.406187,19.4759,2026-01-22,12.52,2025-06-02,0.582411,17694758.157522,607096476.8,1.00385,7.712001,34494118.0,Regional Banks,483.0,1998.0,2026-05-05 00:00:00,2026-04-15 00:00:00
1466,SLRC,2026-05-05 19:38:20.384385,2026-05-05 19:38:20.384385,15.91,15.995,15.67,416012.0,386971.485242,386971.485242,360698.876083,17.195,2025-06-09,13.78,2026-03-13,10.288582,49068316.651,871237483.980552,0.873099,9.397477,54554632.685069,Investment Trusts/Mutual Funds,,2007.0,2026-03-27 00:00:00,2026-03-13 00:00:00
1468,DCX,2026-05-05 19:38:20.384385,2026-05-05 19:38:20.384385,2.19,2.25,2.15,18065.0,1679881.733001,1679881.733001,805117.998277,3432.0,2025-07-16,1.43,2026-03-12,,19034250.17286,44308787.835,-0.0003,,19824961.0,Motor Vehicles,1389.0,2022.0,,
1470,BAER,2026-05-05 19:38:20.384385,2026-05-05 19:38:20.384385,2.02,2.05,1.88,1026839.0,394373.380329,394373.380329,424291.572345,3.44,2026-01-28,1.2211,2025-05-23,,36732212.9856,109889325.765,-0.3263,-3.59,55923321.0,Airlines,235.0,2014.0,,
1471,PROK,2026-05-05 19:38:20.384385,2026-05-05 19:38:20.384385,1.9,1.93,1.86,478800.0,542114.43268,542114.43268,962669.905738,7.13,2025-07-09,0.54,2025-06-30,,36480266.9,578255554.375,-0.2636,-3.65,301961125.0,Biotechnology,231.0,2015.0,,
1473,CAL,2026-05-05 19:38:20.384385,2026-05-05 19:38:20.384385,12.935,13.6,12.935,562394.0,544281.110037,544281.110037,577848.01203,18.27,2025-05-12,8.8,2026-03-18,2.206462,32370957.2608,456344600.305354,0.713726,-56.23,33740820.72498,Apparel/Footwear Retail,10000.0,1878.0,2026-04-10 00:00:00,2026-03-26 00:00:00
1475,ATAI,2026-05-05 19:38:20.384385,2026-05-05 19:38:20.384385,4.2,4.23,3.945,4569563.0,6144440.845585,6144440.845585,7411934.84767,6.75,2025-10-20,1.29,2025-05-08,,295226555.038,1467668000.0,6.87679,-1.82,366917000.0,Pharmaceuticals: Major,117.0,,,
1482,IMPP,2026-05-05 19:38:20.384385,2026-05-05 19:38:20.384385,5.06,5.11,4.94,509762.0,673557.537322,673557.537322,595831.403419,6.57,2025-11-20,2.45,2025-05-22,,31383063.56112,227931817.7,0.423939,3.921569,44648740.0,Marine Shipping,441.0,2021.0,2023-06-21 00:00:00,2023-06-22 00:00:00
1483,AUNA,2026-05-05 19:38:20.384385,2026-05-05 19:38:20.384385,5.01,5.055,4.85,237588.0,207280.739177,207280.739177,217247.637171,7.2,2025-05-19,4.46,2026-02-06,,29101969.337508,372285213.95,0.765934,5.443748,74012965.0,Medical/Nursing Services,,2022.0,,
1485,BTDR,2026-05-05 19:38:20.384385,2026-05-05 19:38:20.384385,12.29,12.515,12.12,5064796.0,5562431.833647,5562431.833647,6337357.90517,27.8,2025-10-15,6.9157,2026-03-09,,128502439.855,3005957107.254929,3.30048,37.940718,241055100.822368,Data Processing Services,471.0,2021.0,,
1487,FIHL,2026-05-05 19:38:20.384385,2026-05-05 19:38:20.384385,20.5477,21.15,20.52,330471.0,342652.573381,342652.573381,409004.546745,21.5,2026-05-01,14.8,2025-08-01,2.645503,48807800.0,1806570378.214042,0.837384,9.787214,86480152.140452,Multi-Line Insurance,108.0,2014.0,2026-03-27 00:00:00,2026-03-16 00:00:00
1488,CURV,2026-05-05 19:38:20.384385,2026-05-05 19:38:20.384385,1.55,1.575,1.5,201094.0,434252.966813,434252.966813,439404.245146,6.37,2025-05-05,0.9394,2025-12-15,,33883149.2058,152947564.0,-0.7167,-20.45,99316600.0,Apparel/Footwear Retail,5685.0,2015.0,,
1492,RDW,2026-05-05 19:38:20.384385,2026-05-05 19:38:20.384385,8.87,9.04,8.3,22599124.0,25961075.416965,25961075.416965,23248256.1008,22.25,2025-06-09,4.87,2025-11-21,,187570273.212,1725622325.0,1.56427,-3.66,198919000.0,Aerospace & Defense,1410.0,2020.0,,
1495,ORLA,2026-05-05 19:38:20.384385,2026-05-05 19:38:20.384385,13.282,13.57,13.15,2082890.0,2493398.318442,2493398.318442,2603855.04554,21.98,2026-03-02,8.5,2025-05-14,0.11498,307629974.8,4645304363.747307,6.72856,39.938462,345890123.882897,Precious Metals,1085.0,2007.0,2026-02-10 00:00:00,2026-01-12 00:00:00
1500,MLAA,2026-05-05 19:38:20.384385,2026-05-05 19:38:20.384385,9.99,9.99,9.975,14173.0,32600.624594,32600.624594,203209.120375,11.2,2026-03-19,9.395,2026-03-19,,36470008.82,488575500.0,,,48980000.0,Financial Conglomerates,2.0,2025.0,,
1501,ALLT,2026-05-05 19:38:20.384385,2026-05-05 19:38:20.384385,7.6,7.91,7.6,244478.0,266626.772448,266626.772448,312799.97597,11.92,2026-01-07,5.605,2025-05-06,,46495633.6242,384046335.0,3.25304,94.513716,48923100.0,Computer Communications,491.0,1996.0,,
1505,TSLX,2026-05-05 19:38:20.384385,2026-05-05 19:38:20.384385,19.76,19.76,19.3455,414775.0,442850.452468,442850.452468,574473.722817,25.165,2025-07-18,16.99,2026-03-02,9.311741,80023416.6888,1862384179.838062,1.16399,10.904475,95019601.012146,Investment Trusts/Mutual Funds,,2010.0,2026-03-31 00:00:00,2026-03-16 00:00:00
1507,AIRJ,2026-05-05 19:38:20.384385,2026-05-05 19:38:20.384385,3.14,3.14,3.02,287284.0,245584.931244,245584.931244,288989.464105,6.75,2025-10-16,2.22,2026-03-31,,30163063.64288,211238402.9,0.708159,-23.77,68472740.0,Electrical Products,16.0,,,
1510,SHIP,2026-05-05 19:38:20.384385,2026-05-05 19:38:20.384385,15.86,16.775,15.85,413509.0,218424.511007,218424.511007,201330.137507,16.775,2026-05-05,5.37,2025-05-07,2.794022,14356363.3822,352288758.5,1.15482,15.174522,21114100.0,Marine Shipping,99.0,2008.0,2026-04-10 00:00:00,2026-03-27 00:00:00
1511,TDOC,2026-05-05 19:38:20.384385,2026-05-05 19:38:20.384385,6.555,6.795,6.55,6088686.0,6033425.733926,6033425.733926,5056473.88601,9.77,2025-10-03,4.4,2026-02-12,,177442654.383,1203119779.331071,0.895191,-6.88,180513095.173454,Medical/Nursing Services,5600.0,2002.0,,
1513,IRD,2026-05-05 19:38:20.384385,2026-05-05 19:38:20.384385,5.3,5.39,5.11,714450.0,918953.422821,918953.422821,819496.543821,5.81,2026-04-17,0.9011,2025-07-01,,54230198.75,371293000.0,23.7716,-6.2,71402500.0,Pharmaceuticals: Major,28.0,2018.0,,
1516,REAL,2026-05-05 19:38:20.384385,2026-05-05 19:38:20.384385,13.08,13.39,12.675,3756117.0,3104003.265684,3104003.265684,2840381.90083,17.3922,2026-01-22,4.7,2025-06-26,,108360443.779,1532289360.0,-3.622,-11.6,120463000.0,Internet Retail,3140.0,2011.0,,
1520,RUN,2026-05-05 19:38:20.384385,2026-05-05 19:38:20.384385,12.99,13.48,12.94,6572687.0,7444679.024314,7444679.024314,8333460.63825,22.44,2025-10-15,5.38,2025-06-17,,225921551.892,3156267672.204721,0.947131,7.426466,234492397.637795,Semiconductors,9059.0,2007.0,,
1525,SVCO,2026-05-05 19:38:20.384385,2026-05-05 19:38:20.384385,11.73,12.19,11.51,309874.0,369280.812756,369280.812756,338786.319546,12.19,2026-05-05,3.07,2026-03-09,,11303446.239198,378768606.629,4.78327,-8.26,31440907.0,Packaged Software,406.0,2009.0,,
1527,MDU,2026-05-05 19:38:20.384385,2026-05-05 19:38:20.384385,22.58,22.83,22.28,1567516.0,1347232.604864,1347232.604864,1447351.36697,22.83,2026-05-05,15.76,2025-09-18,2.44119,198727970.682,4597697442.871729,1.66061,24.293724,204706030.403906,Gas Distributors,2096.0,1924.0,2026-04-01 00:00:00,2026-03-12 00:00:00
1533,WHWK,2026-05-05 19:38:20.384385,2026-05-05 19:38:20.384385,4.19,4.27,4.12,112535.0,146927.37296,146927.37296,221097.417328,4.4799,2026-03-10,1.53,2025-05-06,,29854385.659,207845581.0,1.43881,8.87,49428200.0,Biotechnology,23.0,2007.0,,
1536,CWAN,2026-05-05 19:38:20.384385,2026-05-05 19:38:20.384385,24.19,24.2371,24.18,2538599.0,3278126.019029,3278126.019029,3700242.39925,25.069,2025-06-10,15.735,2025-11-06,,284400420.85797,7218026602.265206,3.48403,-176.29,298388863.26024,Packaged Software,3000.0,2004.0,,
1539,PERI,2026-05-05 19:38:20.384385,2026-05-05 19:38:20.384385,10.67,10.84,10.59,149602.0,208384.161911,208384.161911,220084.146638,11.7859,2025-05-14,8.065,2026-02-25,,37492297.0142,437024518.0,0.61712,-60.84,40427800.0,Internet Software/Services,511.0,1999.0,2011-04-07 00:00:00,2011-03-23 00:00:00
1540,JBLU,2026-05-05 19:38:20.384385,2026-05-05 19:38:20.384385,4.82,4.9,4.78,19857934.0,28843701.94234,28843701.94234,28497706.5311,6.5,2026-02-06,3.84,2025-06-23,,298635276.098,1804292150.0,0.984515,-2.47,372019000.0,Airlines,,2021.0,,
1547,QTTB,2026-05-05 19:38:20.384385,2026-05-05 19:38:20.384385,5.04,5.3,4.99,263366.0,299777.52508,299777.52508,318170.864002,8.045,2026-03-27,1.345,2025-07-07,,7420389.6195,75195630.0,1.54245,2.081269,14629500.0,Biotechnology,24.0,2017.0,,
1548,FRSH,2026-05-05 19:38:20.384385,2026-05-05 19:38:20.384385,8.99,9.22,8.645,11048084.0,9081027.55417,9081027.55417,10011349.6454,16.14,2025-05-14,6.79,2026-02-12,,194266498.82871,2560808892.06,2.4647,14.35881,278955217.0,Packaged Software,4500.0,2010.0,,
1554,SVRA,2026-05-05 19:38:20.384385,2026-05-05 19:38:20.384385,5.33,5.41,5.07,923478.0,1299297.766441,1299297.766441,1287983.06342,7.005,2025-12-12,1.89,2025-05-27,,105153675.08,1077890465.332074,5.33741,-9.92,204922141.698113,Pharmaceuticals: Major,70.0,1995.0,,
1556,IMVT,2026-05-05 19:38:20.384385,2026-05-05 19:38:20.384385,28.205,28.59,27.14,989569.0,1475468.38735,1475468.38735,1591025.82832,30.09,2026-04-23,13.36,2025-05-08,,83059170.348,5668371312.999992,5.74198,-10.38,203532183.590664,Biotechnology,362.0,2018.0,,
1557,FSK,2026-05-05 19:38:20.384385,2026-05-05 19:38:20.384385,11.67,11.73,11.325,3143636.0,3087634.964628,3087634.964628,3158854.24883,22.68,2025-07-18,9.72,2026-03-18,22.203098,279316543.384,3222164323.090788,0.556398,295.6743,280066433.993115,Investment Trusts/Mutual Funds,,2007.0,2026-04-02 00:00:00,2026-03-18 00:00:00
1560,HBM,2026-05-05 19:38:20.384385,2026-05-05 19:38:20.384385,22.65,22.9,22.225,8014437.0,5055909.251397,5055909.251397,4853424.78469,28.74,2026-01-29,7.4,2025-05-06,0.066115,381516861.875,8875753515.437767,2.44714,13.097888,397036614.423519,Other Metals/Minerals,3082.0,1996.0,2026-06-26 00:00:00,2026-06-09 00:00:00
1563,DCTH,2026-05-05 19:38:20.384385,2026-05-05 19:38:20.384385,11.05,11.555,11.04,441671.0,284563.317493,284563.317493,276157.381178,18.23,2025-05-20,8.12,2025-11-20,,31842700.1378,397606084.0,3.43738,163.017751,34454600.0,Medical Specialties,156.0,1988.0,,
1564,ROLR,2026-05-05 19:38:20.384385,2026-05-05 19:38:20.384385,7.3129,8.13,7.3129,276298.0,1473352.95415,1473352.95415,5533214.59309,33.68,2026-01-14,1.16,2025-12-19,,4461673.1506,82330229.8898,6.68837,21.075984,10890098.0,Packaged Software,57.0,2021.0,,
1567,JLHL,2026-05-05 19:38:20.384385,2026-05-05 19:38:20.384385,17.68,23.455,17.68,85342.0,190900.600298,190900.600298,237605.728963,23.455,2026-05-05,2.7,2025-12-18,,1282132.29768,467472961.664483,43.2739,111.242271,21448633.249116,Miscellaneous Commercial Services,46.0,2023.0,,
1568,INGN,2026-05-05 19:38:20.384385,2026-05-05 19:38:20.384385,6.98,7.16,6.9,249588.0,281054.199031,281054.199031,311943.727795,9.13,2025-10-22,5.3401,2026-02-25,,23908724.4294,192638533.170729,0.987403,-8.13,27324614.634146,Medical Specialties,753.0,2001.0,,
1571,VELO,2026-05-05 19:38:20.384385,2026-05-05 19:38:20.384385,13.04,13.55,12.52,1346155.0,3544036.186462,3544036.186462,2553467.51203,23.84,2026-01-13,2.81,2025-08-19,,13760986.6602,399460428.853151,8.30012,-2.8,29788249.72805,Industrial Machinery,134.0,2014.0,,
1574,ZVRA,2026-05-05 19:38:20.384385,2026-05-05 19:38:20.384385,10.16,10.73,10.16,989258.0,841984.136901,841984.136901,794100.445187,13.16,2025-07-15,7.16,2025-09-16,,58257635.4,626617452.716421,3.69457,7.417522,59114854.029851,Pharmaceuticals: Major,61.0,2006.0,,
1576,EGO,2026-05-05 19:38:20.384385,2026-05-05 19:38:20.384385,29.1,29.69,29.1,2765148.0,4881526.976714,4881526.976714,3807962.47139,51.16,2026-01-29,17.18,2025-05-14,,259272656.742,7721040840.0,1.30809,10.135658,263337000.0,Precious Metals,8006.0,1992.0,2026-06-16 00:00:00,2026-06-02 00:00:00
1577,DCBO,2026-05-05 19:38:20.384385,2026-05-05 19:38:20.384385,21.21,21.21,20.15,157652.0,212379.292922,212379.292922,166339.528983,33.7,2025-05-08,14.39,2026-04-13,,12727744.7245,585357575.0,8.22948,16.224279,28764500.0,Packaged Software,966.0,2005.0,,
1578,TRDA,2026-05-05 19:38:20.384385,2026-05-05 19:38:20.384385,15.82,16.19,14.81,402085.0,237490.271761,237490.271761,185906.175779,16.19,2026-05-05,4.93,2025-08-11,,21749522.978826,611812939.68,1.97466,-4.55,38820618.0,Biotechnology,152.0,2016.0,,
1579,ANNA,2026-05-05 19:38:20.384385,2026-05-05 19:38:20.384385,3.7,3.7,3.3999,552351.0,1239669.050447,1239669.050447,1659045.17315,11.9,2025-05-05,2.31,2026-01-12,,2817282.42532,228617521.960538,4.27738,84.198646,66654282.037534,Oil & Gas Production,17.0,2007.0,,
1580,OSBC,2026-05-05 19:38:20.384385,2026-05-05 19:38:20.384385,20.5,21.14,20.49,357984.0,472099.799756,472099.799756,455453.858599,22.43,2026-04-17,15.53,2025-05-06,1.268293,48853026.219,1085816115.0,1.20401,12.211103,51779500.0,Major Banks,1062.0,1981.0,2026-05-11 00:00:00,2026-05-01 00:00:00
1581,LOVE,2026-05-05 19:38:20.384385,2026-05-05 19:38:20.384385,15.45,15.935,15.26,118999.0,216243.041717,216243.041717,282131.205528,21.9,2025-05-12,10.33,2026-03-25,,13019085.5425,227003663.713354,1.03059,55.748373,14617106.485084,Home Furnishings,1900.0,1995.0,,
1585,CBUS,2026-05-05 19:38:20.384385,2026-05-05 19:38:20.384385,1.53,1.6,1.47,468538.0,479923.126539,479923.126539,618041.715322,4.1907,2026-03-11,1.09,2025-11-14,,46746930.1842,117572430.71141,3.70813,-0.5,76345734.228188,Information Technology Services,118.0,2001.0,,
1587,HNST,2026-05-05 19:38:20.384385,2026-05-05 19:38:20.384385,3.34,3.47,3.32,1288557.0,1650824.391984,1650824.391984,1602799.72356,5.5452,2025-05-16,2.07,2026-02-12,,98902147.74,389230380.0,2.2207,-23.74,112332000.0,Specialty Stores,174.0,2011.0,,
1589,GSIT,2026-05-05 19:38:20.384385,2026-05-05 19:38:20.384385,7.82,8.0597,7.4731,844612.0,1194122.835232,1194122.835232,872906.281337,18.15,2025-10-20,2.82,2025-09-04,,28616843.0564,289670552.524324,3.37974,-21.96,36186202.68886,Semiconductors,121.0,1995.0,,
1590,HELP,2026-05-05 19:38:20.384385,2026-05-05 19:38:20.384385,5.34,5.5494,5.2,497183.0,1832107.214351,1832107.214351,1625931.56428,9.83,2025-07-01,4.29,2026-03-30,,39300018.6804,260936697.0,0.963516,-1.17,50035800.0,Pharmaceuticals: Major,50.0,2016.0,,
1591,AMCX,2026-05-05 19:38:20.384385,2026-05-05 19:38:20.384385,8.31,8.395,7.99,845980.0,381630.24563,381630.24563,345090.853426,10.275,2025-12-16,5.405,2025-08-01,,30008243.9736,346838339.199034,0.36051,4.99157,42714081.182147,Cable/Satellite TV,1738.0,2011.0,,
1594,FLYX,2026-05-05 19:38:20.384385,2026-05-05 19:38:20.384385,2.2679,2.37,2.21,288967.0,602270.370812,602270.370812,998127.152742,8.88,2026-01-08,1.875,2026-04-29,,11636565.01,210876795.520547,-0.209,-2.15,94352033.789954,Airlines,,2015.0,,
1599,HBNC,2026-05-05 19:38:20.384385,2026-05-05 19:38:20.384385,17.94,18.51,17.25,245667.0,315177.63518,315177.63518,306495.79092,19.07,2026-01-22,14.34,2025-06-18,3.543743,50130792.7098,945887037.924422,1.3191,-5.66,51225943.023256,Regional Banks,491.0,1873.0,2026-04-17 00:00:00,2026-04-02 00:00:00
1604,CC,2026-05-05 19:38:20.384385,2026-05-05 19:38:20.384385,27.715,28.67,27.24,6032586.0,2491594.136234,2491594.136234,2394333.42574,28.67,2026-05-05,9.13,2025-06-02,1.285819,148685757.545,4190381802.683318,16.3204,-10.59,150085308.11903,Chemicals: Specialty,5700.0,2014.0,2026-03-13 00:00:00,2026-02-27 00:00:00
1612,ZURA,2026-05-05 19:38:20.384385,2026-05-05 19:38:20.384385,5.36,5.4597,4.97,509049.0,536421.997916,536421.997916,616628.960028,7.44,2026-03-10,0.98,2025-06-02,,67510376.70559,491007712.965226,3.86044,-4.46,94880717.481203,Biotechnology,40.0,2022.0,,
1618,SPAI,2026-05-05 19:38:20.384385,2026-05-05 19:38:20.384385,4.61,4.68,4.23,64410.0,120288.91955,120288.91955,163140.286978,9.1599,2025-09-11,2.39,2025-07-08,,12960493.726122,90347455.125,5.26704,-5.04,20889585.0,Aerospace & Defense,44.0,2021.0,,
1620,UUUU,2026-05-05 19:38:20.384385,2026-05-05 19:38:20.384385,22.0,22.58,20.655,8388770.0,9517964.08495,9517964.08495,9725909.25965,27.9,2026-01-28,4.2,2025-05-19,,244155055.44288,5230275335.708143,7.6602,-54.75,248233285.985199,Other Metals/Minerals,1069.0,1987.0,,
1622,ERAS,2026-05-05 19:38:20.384385,2026-05-05 19:38:20.384385,10.3,10.4,9.77,4441951.0,14623791.625466,14623791.625466,9873971.5495,24.28,2026-04-23,1.06,2025-05-27,,186792664.8,3108000000.0,8.86108,-22.74,310800000.0,Pharmaceuticals: Major,103.0,2018.0,,
1629,BHC,2026-05-05 19:38:20.384385,2026-05-05 19:38:20.384385,5.58,5.725,5.575,1290591.0,2283543.025197,2283543.025197,1652026.53751,8.685,2025-08-15,4.41,2025-05-23,,330336396.9356,2110069340.0,-1.003,-1.7,373463600.0,Pharmaceuticals: Other,20300.0,1994.0,2010-12-22 00:00:00,2010-11-10 00:00:00
1631,IFRX,2026-05-05 19:38:20.384385,2026-05-05 19:38:20.384385,2.17,2.2,1.925,1206345.0,1661291.405032,1661291.405032,1592477.31354,2.2,2026-05-04,0.7113,2025-05-28,,67948313.5887,141332619.5,3.15499,-2.03,72292900.0,Biotechnology,65.0,2007.0,,
1632,GEMI,2026-05-05 19:38:20.384385,2026-05-05 19:38:20.384385,4.72,4.968,4.65,1505220.0,1319854.475506,1319854.475506,1764165.33243,45.89,2025-09-12,3.91,2026-03-30,,38201771.71044,574730037.26,1.01818,-0.95,119985394.0,Investment Banks/Brokers,700.0,2014.0,,
1634,CURI,2026-05-05 19:38:20.384385,2026-05-05 19:38:20.384385,3.2,3.2,3.03,361878.0,309562.069329,309562.069329,279408.558036,7.15,2025-06-03,2.805,2026-03-30,10.094637,40363887.394,180530750.645111,4.48786,-28.84,59287602.839117,Movies/Entertainment,42.0,2008.0,2026-03-20 00:00:00,2026-03-06 00:00:00
1640,EXTR,2026-05-05 19:38:20.384385,2026-05-05 19:38:20.384385,22.84,23.765,22.66,2994340.0,4320546.790984,4320546.790984,3122858.83084,23.765,2026-05-05,13.475,2026-02-23,,126494628.166,3098786896.911567,38.3286,189.858687,130778092.294221,Computer Peripherals,2811.0,1996.0,,
1642,GENB,2026-05-05 19:38:20.384385,2026-05-05 19:38:20.384385,14.52,15.47,14.415,286297.0,317936.513255,317936.513255,328950.111576,15.47,2026-05-05,11.0,2026-03-04,,59574174.4362,1966556636.152839,,,127450203.250346,Biotechnology,312.0,2018.0,,
1647,PRTH,2026-05-05 19:38:20.384385,2026-05-05 19:38:20.384385,5.3,5.31,5.1,172804.0,144284.445953,144284.445953,221932.374119,8.89,2025-06-11,4.44,2025-11-07,,28845640.6824,429941215.0,-4.266,7.754206,82285400.0,Packaged Software,1200.0,2005.0,,
1650,SOUN,2026-05-05 19:38:20.384385,2026-05-05 19:38:20.384385,9.58,9.59,8.915,31289303.0,33028457.607514,33028457.607514,29604662.2257,22.17,2025-10-16,5.83,2026-03-30,,384283934.8989,3897691109.560189,8.62917,-32.81,426210072.122492,Packaged Software,954.0,2005.0,,
1655,ORIC,2026-05-05 19:38:20.384385,2026-05-05 19:38:20.384385,9.41,9.64,9.135,2027298.0,1269711.677595,1269711.677595,1496533.12022,14.93,2025-10-07,4.52,2025-05-07,,60142819.302,961432006.647971,2.30215,-6.36,100358247.040498,Pharmaceuticals: Major,104.0,2014.0,,
1657,MIND,2026-05-05 19:38:20.384385,2026-05-05 19:38:20.384385,6.47,6.58,6.32,108433.0,161954.047133,161954.047133,214101.089549,14.5,2025-11-12,5.51,2025-06-11,,8920076.19648,58488101.1,1.3979,70.699223,9089060.0,Oilfield Services/Equipment,157.0,1987.0,,
1658,XTIA,2026-05-05 19:38:20.384385,2026-05-05 19:38:20.384385,1.91,1.95,1.79,1287626.0,1059688.855129,1059688.855129,1385973.69928,7.43,2025-06-11,1.22,2025-12-31,,38429457.3858,71173572.921052,-14.7962,-0.23,38472201.578947,Information Technology Services,105.0,1999.0,2023-03-14 00:00:00,2023-03-15 00:00:00
1661,OLPX,2026-05-05 19:38:20.384385,2026-05-05 19:38:20.384385,2.03,2.04,2.03,1609548.0,2214265.300085,2214265.300085,3872194.80829,2.04,2026-03-31,0.9923,2025-11-17,,129177935.5574,1364245597.0,1.54451,-146.04,672042166.009852,Medical Distributors,278.0,2014.0,,
1662,RZLT,2026-05-05 19:38:20.384385,2026-05-05 19:38:20.384385,3.34,3.385,3.2101,1375170.0,1542941.715836,1542941.715836,1504190.53724,11.4565,2025-11-10,1.07,2025-12-11,,83452222.308,315802410.0,2.46339,-3.57,95697700.0,Pharmaceuticals: Major,71.0,2010.0,,
1663,SEPN,2026-05-05 19:38:20.384385,2026-05-05 19:38:20.384385,25.0,25.16,23.29,290795.0,339338.301613,339338.301613,351499.991927,32.63,2026-02-25,6.415,2025-05-06,,27086762.594808,1083545946.504,2.9118,-22.3,44906376.0,Biotechnology,130.0,2019.0,,
1665,VMET,2026-05-05 19:38:20.384385,2026-05-05 19:38:20.384385,11.22,11.44,10.9,140714.0,190978.071141,190978.071141,224945.243033,63.5,2026-01-23,1.1773,2025-09-12,,14858499.25744,743435694.4,1.75363,20.179051,67646560.0,Investment Trusts/Mutual Funds,,2022.0,,
1666,CAI,2026-05-05 19:38:20.384385,2026-05-05 19:38:20.384385,18.85,19.02,18.1,1872232.0,1664776.730283,1664776.730283,1733143.47271,42.5,2025-08-22,16.28,2026-03-30,,120030911.70624,5357715472.8,9.14661,-9.76,282579930.0,Biotechnology,1846.0,2008.0,,
1668,WTI,2026-05-05 19:38:20.384385,2026-05-05 19:38:20.384385,4.27,4.34,4.1,4888591.0,8159734.354571,8159734.354571,8893363.58162,4.49,2026-04-29,1.15,2025-05-05,0.913242,98277390.792,626355380.0,-3.2623,-4.33,148778000.0,Oil & Gas Production,370.0,1983.0,2026-03-26 00:00:00,2026-03-19 00:00:00
1670,S,2026-05-05 19:38:20.384385,2026-05-05 19:38:20.384385,15.6,15.98,15.46,6875399.0,5895795.519834,5895795.519834,7097556.37738,21.4,2025-07-21,11.81,2026-04-10,,316282619.472,5396785710.900007,3.66652,-11.64,340276526.538462,Packaged Software,2900.0,2013.0,,
1671,CXM,2026-05-05 19:38:20.384385,2026-05-05 19:38:20.384385,5.43,5.45,5.315,3245443.0,5555799.113728,5555799.113728,5076094.50557,9.4,2025-07-29,4.715,2026-04-23,,117989560.395,1348846695.68,2.25791,60.585586,248864704.0,Packaged Software,3258.0,2009.0,,
1675,AEVA,2026-05-05 19:38:20.384385,2026-05-05 19:38:20.384385,15.82,16.0,14.61,1967636.0,1308749.22156,1308749.22156,1208937.89015,38.8,2025-06-30,7.5,2025-05-06,,40355015.0976,959637686.5,73.2992,-3.0,62947700.0,Semiconductors,239.0,2017.0,,
1678,PCRX,2026-05-05 19:38:20.384385,2026-05-05 19:38:20.384385,24.91,25.6,24.74,694236.0,681560.821711,681560.821711,573037.403206,27.64,2025-09-03,18.8,2026-01-20,,37736504.27,974721300.0,1.48427,197.678143,39335000.0,Pharmaceuticals: Major,829.0,2006.0,,
1680,QMCO,2026-05-05 19:38:20.384385,2026-05-05 19:38:20.384385,7.6,8.3,7.41,765290.0,315041.976785,315041.976785,422700.997249,15.33,2025-10-07,4.19,2026-03-30,,13968062.654,121349260.146826,-0.58,-0.87,14638028.968254,Computer Peripherals,635.0,1980.0,1999-08-03 00:00:00,1999-08-04 00:00:00
1688,FEAM,2026-05-05 19:38:20.384385,2026-05-05 19:38:20.384385,1.69,1.84,1.69,162895.0,174979.079601,174979.079601,230358.316448,7.5,2025-10-10,1.17,2026-03-30,,20951587.004579,74306272.402368,0.769767,-0.69,41511884.023669,Chemicals: Specialty,35.0,2021.0,,
1695,NVGS,2026-05-05 19:38:20.384385,2026-05-05 19:38:20.384385,21.925,22.7399,21.925,621656.0,411938.92758,411938.92758,377205.746252,22.74,2026-05-05,12.91,2025-05-07,1.092896,36115704.8976,1472702426.277785,1.16796,14.922533,65250439.799636,Marine Shipping,175.0,1997.0,2026-03-31 00:00:00,2026-03-23 00:00:00
1703,ALM,2026-05-05 19:38:20.384385,2026-05-05 19:38:20.384385,20.05,20.54,19.73,3039660.0,4196584.339748,4196584.339748,5131741.9574,24.41,2026-04-17,2.25,2025-05-19,,187032342.332,5618674920.0,19.6984,-31.18,280373000.0,Other Metals/Minerals,,2009.0,2014-09-04 00:00:00,2014-08-25 00:00:00
1704,SHBI,2026-05-05 19:38:20.384385,2026-05-05 19:38:20.384385,19.35,19.7,19.13,119052.0,231583.464334,231583.464334,241938.440366,20.68,2026-02-09,14.03,2025-05-23,2.489627,30338111.2231,655128896.804202,1.11636,10.258047,33450543.620332,Regional Banks,608.0,1996.0,2026-03-18 00:00:00,2026-03-04 00:00:00
1706,ADNT,2026-05-05 19:38:20.384385,2026-05-05 19:38:20.384385,20.54,20.9185,20.18,894653.0,703429.025414,703429.025414,764290.07107,27.32,2026-02-13,11.8911,2025-05-07,,76675019.8263,1618527270.964671,0.920093,-5.72,78341107.016683,Auto Parts: OEM,65000.0,1985.0,2018-11-15 00:00:00,2018-10-23 00:00:00
1707,CERT,2026-05-05 19:38:20.384385,2026-05-05 19:38:20.384385,6.17,6.25,6.01,1709319.0,2686235.035985,2686235.035985,3079403.67214,13.88,2025-10-03,5.19,2026-04-09,,107029589.525,949082211.999997,0.926871,-600.97,153325074.63651,Packaged Software,1576.0,2008.0,,
1710,HDSN,2026-05-05 19:38:20.384385,2026-05-05 19:38:20.384385,6.24,6.4,6.23,360502.0,210712.473001,210712.473001,236895.283197,10.52,2025-09-15,5.62,2026-03-13,,37246963.7584,267128861.922329,1.05748,16.725304,42468817.475728,Wholesale Distributors,281.0,1991.0,,
1713,CWBC,2026-05-05 19:38:20.384385,2026-05-05 19:38:20.384385,23.57,23.92,23.52,158704.0,254873.27037,254873.27037,232946.18078,25.72,2026-02-06,17.5,2025-05-23,2.046036,23840376.9704,644319128.0,1.07367,10.836028,27106400.0,Regional Banks,338.0,1979.0,2026-05-22 00:00:00,2026-05-08 00:00:00
1718,COLB,2026-05-05 19:38:20.384385,2026-05-05 19:38:20.384385,29.13,29.825,29.07,2369843.0,2546480.894813,2546480.894813,2588895.36689,32.7,2026-02-09,21.91,2025-06-18,5.02236,287698407.496,8618621680.0,1.0982,11.60016,289994000.0,Regional Banks,6005.0,1988.0,2026-03-16 00:00:00,2026-02-27 00:00:00
1720,ELE,2026-05-05 19:38:20.384385,2026-05-05 19:38:20.384385,17.5,17.5,16.86,125060.0,183410.971609,183410.971609,173317.827032,26.96,2026-01-29,9.501,2025-05-13,0.178595,14595128.1945,1095537910.562895,1.39779,289.170897,64595395.669982,Precious Metals,47.0,2004.0,2026-04-15 00:00:00,2026-03-31 00:00:00
1722,SZZL,2026-05-05 19:38:20.384385,2026-05-05 19:38:20.384385,10.31,10.31,10.31,22106.0,146477.9,146477.9,227733.380952,10.5,2025-10-14,9.21,2025-09-03,,23200003.6,321734003.43,1.4195,49.78,31266667.0,Financial Conglomerates,3.0,2024.0,,
1726,CEPT,2026-05-05 19:38:20.384385,2026-05-05 19:38:20.384385,12.12,12.49,12.11,1118915.0,581109.304039,581109.304039,570979.755503,13.74,2026-01-21,10.325,2025-09-12,,23275563.98,378886206.189846,1.52655,20016.666667,30580000.499584,Financial Conglomerates,2.0,2020.0,,
1727,MICC,2026-05-05 19:38:20.384385,2026-05-05 19:38:20.384385,14.67,15.155,14.63,1347803.0,2086492.365024,2086492.365024,1703683.67216,19.93,2026-02-11,12.94,2026-04-29,,470803884.99897,9322223193.772243,12.6534,28.092593,617979661.502966,Food: Meat/Fish/Dairy,,1866.0,,
1728,DBX,2026-05-05 19:38:20.384385,2026-05-05 19:38:20.384385,24.995,25.505,24.85,3267365.0,3080981.636371,3080981.636371,3301954.02005,32.4,2025-09-17,21.695,2026-04-10,,152223761.792,6067786672.09,-3.3897,13.457824,238748246.0,Packaged Software,2113.0,2007.0,,
1729,TGEN,2026-05-05 19:38:20.384385,2026-05-05 19:38:20.384385,4.94,5.0,4.6032,270425.0,432461.53433,432461.53433,574853.621015,12.07,2025-10-15,1.94,2026-03-18,,18124405.3224,147432774.280485,6.78405,-16.84,29905228.04878,Electrical Products,120.0,1987.0,,
1732,ALEC,2026-05-05 19:38:20.384385,2026-05-05 19:38:20.384385,2.55,2.615,2.531,357951.0,524691.751375,524691.751375,477960.168451,3.3999,2025-10-16,0.9728,2025-05-08,,75185130.775,286444974.884462,9.03821,-1.85,111025184.063745,Biotechnology,103.0,2013.0,,
1733,SD,2026-05-05 19:38:20.384385,2026-05-05 19:38:20.384385,15.76,15.86,15.455,239434.0,313229.296943,313229.296943,347083.740636,18.45,2026-03-02,9.1101,2025-05-07,2.957835,31238338.4324,569685844.0,1.1454,8.353925,36825200.0,Oil & Gas Production,102.0,1984.0,2026-03-31 00:00:00,2026-03-20 00:00:00
1738,OCS,2026-05-05 19:38:20.384385,2026-05-05 19:38:20.384385,28.6,29.055,27.63,413247.0,547326.955504,547326.955504,374451.46514,30.68,2026-02-25,16.0,2025-09-02,,36260612.9175,1587597015.0,6.62117,-12.39,57169500.0,Miscellaneous Commercial Services,60.0,2016.0,,
1739,CRGY,2026-05-05 19:38:20.384385,2026-05-05 19:38:20.384385,14.21,14.29,13.74,9234312.0,6033213.960607,6033213.960607,6555879.59733,14.29,2026-05-05,7.68,2026-01-07,3.501094,276791766.51618,4561092755.7,0.96692,-18.71,327900270.0,Integrated Oil,1066.0,2021.0,2026-03-25 00:00:00,2026-03-11 00:00:00
1741,ADUR,2026-05-05 19:38:20.384385,2026-05-05 19:38:20.384385,13.92,13.93,13.18,213782.0,360657.580879,360657.580879,301622.581445,17.66,2025-10-10,5.32,2025-05-06,,22176981.3874,466212149.908229,15.6214,-32.35,33881696.941005,Chemicals: Specialty,25.0,2018.0,,
1742,FUN,2026-05-05 19:38:20.384385,2026-05-05 19:38:20.384385,17.65,18.4,17.35,1220680.0,1358748.830654,1358748.830654,1538487.70214,38.47,2025-05-13,12.51,2025-11-21,,98963852.64,1845884572.375995,3.26681,-1.14,101870009.513024,Movies/Entertainment,95225.0,,2024-06-19 00:00:00,2024-06-05 00:00:00
1743,EFOR,2026-05-05 19:38:20.384385,2026-05-05 19:38:20.384385,20.74,21.07,19.82,1352919.0,2875496.688932,2875496.688932,1682240.98134,60.75,2025-07-24,18.5,2026-04-24,,39310718.0,862230000.0,0.47874,9.168066,41000000.0,Information Technology Services,22400.0,1985.0,,
1744,WEN,2026-05-05 19:38:20.384385,2026-05-05 19:38:20.384385,6.51,6.67,6.37,8540298.0,7780815.12627,7780815.12627,7557117.99072,12.965,2025-05-05,6.37,2026-05-05,8.562691,173316631.826,1258981889.25382,10.604,7.686883,190466246.48318,Restaurants,14900.0,1969.0,2026-03-16 00:00:00,2026-03-02 00:00:00
1750,CAEP,2026-05-05 19:38:20.384385,2026-05-05 19:38:20.384385,10.43,10.4314,10.42,179813.0,473642.99515,473642.99515,289355.287219,11.09,2025-07-17,10.17,2025-11-17,,27019998.48,365709006.002882,1.30471,96.392229,35080000.575816,Financial Conglomerates,2.0,2020.0,,
1753,GAIN,2026-05-05 19:38:20.384385,2026-05-05 19:38:20.384385,16.83,17.04,16.54,273840.0,392498.699617,392498.699617,353274.256135,17.04,2026-05-05,13.11,2026-03-09,5.7041,38936159.61,677372220.0,1.12562,5.423259,39822000.0,Investment Trusts/Mutual Funds,74.0,2005.0,2026-05-29 00:00:00,2026-05-20 00:00:00
1759,AG,2026-05-05 19:38:20.384385,2026-05-05 19:38:20.384385,19.69,19.8299,19.05,6952267.0,9589293.202007,9589293.202007,12789877.8086,32.035,2026-02-27,5.49,2025-05-16,0.116408,486933812.625,9450425027.812183,3.44868,56.353591,494786650.670795,Precious Metals,,1979.0,2026-03-16 00:00:00,2026-02-27 00:00:00
1764,GLRE,2026-05-05 19:38:20.384385,2026-05-05 19:38:20.384385,17.53,18.0,17.53,140997.0,202712.072293,202712.072293,204308.009386,19.385,2026-04-20,11.565,2025-11-04,,25264903.5184,607966604.0,0.841246,7.939807,33983600.0,Property/Casualty Insurance,84.0,2004.0,,
1769,XE,2026-05-05 19:38:20.384385,2026-05-05 19:38:20.384385,29.49,29.68,27.81,5474769.0,15317280.5173,15317280.5173,15317280.5173,37.1,2026-04-28,23.0,2026-04-23,,273442500.0,8259937663.669848,,,290280712.130376,Industrial Machinery,889.0,2009.0,,
1771,EWCZ,2026-05-05 19:38:20.384385,2026-05-05 19:38:20.384385,5.81,5.81,5.79,810614.0,491758.343378,491758.343378,432434.923035,6.515,2025-06-10,3.12,2025-05-06,,27492378.9812,318589462.999998,3.20707,29.492386,54834675.215146,Other Consumer Services,196.0,2004.0,2022-05-06 00:00:00,2022-04-21 00:00:00
1774,PRQR,2026-05-05 19:38:20.384385,2026-05-05 19:38:20.384385,1.63,1.6973,1.59,410361.0,950352.035609,950352.035609,848717.98181,3.1,2025-10-21,1.33,2026-02-12,,71426434.481,173318944.30183,2.91338,-3.61,105361060.365854,Pharmaceuticals: Major,187.0,2012.0,,
1778,TZOO,2026-05-05 19:38:20.384385,2026-05-05 19:38:20.384385,9.28,9.405,9.01,85317.0,743660.99715,743660.99715,412205.678496,15.479,2025-05-12,4.715,2026-02-19,,7028102.3625,101725398.806361,-13.556,25.593595,10932337.324703,Commercial Printing/Forms,249.0,1998.0,,
1780,OVID,2026-05-05 19:38:20.384385,2026-05-05 19:38:20.384385,2.93,2.99,2.805,2260217.0,1634326.770856,1634326.770856,3029340.56415,3.105,2026-04-09,0.2701,2025-06-02,,153591448.014,489695074.133106,2.91934,-10.78,173037128.668942,Pharmaceuticals: Major,23.0,2014.0,,
1783,NTGR,2026-05-05 19:38:20.384385,2026-05-05 19:38:20.384385,24.75,25.77,24.46,469935.0,502269.703289,502269.703289,490334.939782,36.8616,2025-10-09,19.0,2026-02-05,,25306670.7125,687369887.711859,1.43402,-28.1,26839901.902064,Information Technology Services,784.0,1996.0,2018-12-31 00:00:00,2019-01-02 00:00:00
1784,MTW,2026-05-05 19:38:20.384385,2026-05-05 19:38:20.384385,13.095,13.93,13.095,400380.0,188130.707588,188130.707588,173383.857927,15.56,2026-02-11,7.58,2025-05-07,,33077684.6193,491584627.0,0.655687,64.411028,35908300.0,Trucks/Construction/Farm Machinery,4700.0,1902.0,2016-03-04 00:00:00,2016-03-04 00:00:00
1790,CLBT,2026-05-05 19:38:20.384385,2026-05-05 19:38:20.384385,13.68,13.76,13.4201,1491122.0,1959734.863923,1959734.863923,1877866.48924,20.45,2025-05-13,11.02,2026-04-10,,123251297.28,3391136800.0,7.00087,43.802184,249440000.0,Packaged Software,1285.0,1999.0,,
1794,CATX,2026-05-05 19:38:20.384385,2026-05-05 19:38:20.384385,3.9975,4.08,3.6,2977930.0,1781864.405276,1781864.405276,1291128.76556,6.16,2026-01-29,1.955,2025-11-21,,92622864.354,414455430.0,1.42908,-2.62,114018000.0,Medical Specialties,166.0,1983.0,,
1798,MFIC,2026-05-05 19:38:20.384385,2026-05-05 19:38:20.384385,12.08,12.24,11.91,858827.0,521080.308645,521080.308645,862045.873938,13.5061,2025-07-18,9.48,2026-03-02,11.963696,89058714.0795,1128212596.5,0.854923,17.89194,92211900.0,Financial Conglomerates,,2004.0,2026-03-26 00:00:00,2026-03-10 00:00:00
1801,SPRO,2026-05-05 19:38:20.384385,2026-05-05 19:38:20.384385,2.51,2.585,2.41,505587.0,392042.777988,392042.777988,476195.673039,3.22,2025-07-09,0.57,2025-05-09,,42321349.509,140386887.5,2.3896,17.217631,57891500.0,Biotechnology,25.0,2013.0,,
1802,IVVD,2026-05-05 19:38:20.384385,2026-05-05 19:38:20.384385,1.5,1.51,1.37,2391197.0,1335317.521176,1335317.521176,3064999.92201,3.0699,2025-11-17,0.483,2025-08-21,,224710402.32,391683540.0,1.71617,-4.1,282804000.0,Biotechnology,122.0,2020.0,,
1809,NOV,2026-05-05 19:38:20.384385,2026-05-05 19:38:20.384385,19.84,20.275,19.84,4329311.0,5086580.681985,5086580.681985,4998321.01648,20.93,2026-04-27,11.645,2025-06-02,1.578947,356399028.118,7220846680.0,1.15697,83.682886,358889000.0,Oilfield Services/Equipment,31605.0,1862.0,2026-03-27 00:00:00,2026-03-13 00:00:00
1811,WT,2026-05-05 19:38:20.384385,2026-05-05 19:38:20.384385,17.63,18.3,17.58,3730278.0,3074014.907954,3074014.907954,3351369.62543,18.78,2026-04-21,9.03,2025-05-06,0.694444,122115064.547,2583094080.0,5.54536,42.49877,141617000.0,Investment Trusts/Mutual Funds,360.0,1985.0,2026-05-27 00:00:00,2026-05-13 00:00:00
1812,RNA,2026-05-05 19:38:20.384385,2026-05-05 19:38:20.384385,12.86,13.03,12.75,102600.0,327956.693666,327956.693666,442721.266965,16.77,2026-03-05,11.95,2026-03-19,,17114391.0,221117933.557108,-3.5122,,17114391.142191,Biotechnology,,,,
1813,MANU,2026-05-05 19:38:20.384385,2026-05-05 19:38:20.384385,18.295,18.71,18.27,237195.0,299841.786944,299841.786944,274929.678092,19.65,2025-06-24,13.22,2025-05-23,,36241591.568,3202004171.61,12.2527,-265.52,172428873.0,Movies/Entertainment,,1878.0,2022-06-24 00:00:00,2022-06-03 00:00:00
1817,CYH,2026-05-05 19:38:20.384385,2026-05-05 19:38:20.384385,2.87,2.896,2.805,1352482.0,3172651.096301,3172651.096301,2060025.2426,4.465,2025-05-16,2.385,2025-08-04,,116637423.651,398795110.0,-0.2762,0.832408,140917000.0,Hospital/Nursing Management,57000.0,1985.0,2016-04-29 00:00:00,2016-05-02 00:00:00
1822,MYGN,2026-05-05 19:38:20.384385,2026-05-05 19:38:20.384385,4.99,5.04,4.805,1439668.0,1117607.722625,1117607.722625,1067255.3636,8.59,2025-10-16,3.76,2025-08-01,,87120374.3334,469411164.0,1.25514,-1.27,93508200.0,Medical Specialties,2700.0,1991.0,2009-06-30 00:00:00,2009-06-15 00:00:00
1824,MARA,2026-05-05 19:38:20.384385,2026-05-05 19:38:20.384385,12.01,12.29,11.78,39261891.0,45584059.392729,45584059.392729,45717497.9808,23.45,2025-10-15,6.66,2026-02-05,,371070956.265,4621756425.0,1.29304,-3.07,380235000.0,Data Processing Services,266.0,2010.0,,
1829,OLN,2026-05-05 19:38:20.384385,2026-05-05 19:38:20.384385,28.36,29.26,28.035,2523650.0,1764687.981783,1764687.981783,2242142.70854,30.464,2026-03-31,18.075,2025-08-01,2.788428,113368895.041,3269404976.063077,1.77236,-75.52,113857042.523527,Industrial Specialties,7849.0,1892.0,2026-06-12 00:00:00,2026-05-14 00:00:00
1832,BTU,2026-05-05 19:38:20.384385,2026-05-05 19:38:20.384385,25.398,26.65,24.51,6942439.0,2986452.676204,2986452.676204,3044431.28275,41.1399,2026-03-19,12.58,2025-06-25,1.131222,114031506.972,3044632465.673077,0.911897,-55.82,121834032.239819,Coal,5400.0,1883.0,2026-03-10 00:00:00,2026-02-23 00:00:00
1833,PSEC,2026-05-05 19:38:20.384385,2026-05-05 19:38:20.384385,2.72,2.75,2.68,3767317.0,5248301.490457,5248301.490457,4797998.42542,3.77,2025-05-13,2.45,2025-12-23,19.852941,351307845.475,1332968900.0,0.438014,-3.32,486485000.0,Investment Trusts/Mutual Funds,,2004.0,2026-05-19 00:00:00,2026-04-28 00:00:00
1836,MRBK,2026-05-05 19:38:20.384385,2026-05-05 19:38:20.384385,17.72,18.19,17.17,117624.0,150969.045248,150969.045248,151335.039942,21.67,2026-03-05,11.16,2025-06-23,2.869081,9058234.4968,206698080.0,1.05029,8.678205,11879200.0,Regional Banks,327.0,2009.0,2026-05-11 00:00:00,2026-05-04 00:00:00
1838,EXPI,2026-05-05 19:38:20.384385,2026-05-05 19:38:20.384385,6.3,6.365,6.165,921369.0,878974.206747,878974.206747,857801.931934,12.2261,2025-11-25,5.66,2026-03-13,3.2,92405223.116,998612881.0416,4.14599,-43.1,159268402.08,Real Estate Development,1834.0,2008.0,2026-03-27 00:00:00,2026-03-09 00:00:00
1839,LENZ,2026-05-05 19:38:20.384385,2026-05-05 19:38:20.384385,9.34,9.48,9.03,676432.0,818562.482164,818562.482164,726782.103347,50.4,2025-10-02,8.25,2026-03-30,,27716286.2592,284070864.0,1.023,-3.31,31354400.0,Pharmaceuticals: Major,152.0,2013.0,2024-03-21 00:00:00,2024-03-22 00:00:00
1840,FULT,2026-05-05 19:38:20.384385,2026-05-05 19:38:20.384385,21.21,21.705,21.15,1581115.0,2098939.352052,2098939.352052,2003220.8003,22.99,2026-02-11,16.6,2025-10-16,3.490566,190283676.744,4153950335.091504,1.14463,10.10101,192446158.679245,Major Banks,3400.0,1982.0,2026-04-15 00:00:00,2026-04-01 00:00:00
1842,ZIM,2026-05-05 19:38:20.384385,2026-05-05 19:38:20.384385,25.92,29.3,25.55,8479590.0,1677659.222324,1677659.222324,1414116.20147,29.97,2026-02-17,12.33,2025-10-10,7.633295,118298455.262,3438099640.0,0.781056,6.55305,120466000.0,Marine Shipping,6785.0,1945.0,2026-03-26 00:00:00,2026-03-20 00:00:00
1844,GRO,2026-05-05 19:38:20.384385,2026-05-05 19:38:20.384385,2.69,2.95,2.6201,997466.0,1022258.22241,1022258.22241,788913.15393,3.99,2026-03-18,1.25,2025-05-22,,40113951.907755,150258420.21591,0.655157,-1.55,54244917.045455,Other Metals/Minerals,,2006.0,,
1848,QNST,2026-05-05 19:38:20.384385,2026-05-05 19:38:20.384385,12.9,13.845,12.88,1478216.0,717428.092299,717428.092299,680988.52391,18.47,2025-05-06,10.285,2026-02-12,,52094989.3255,788796094.185239,2.46598,11.854471,56993937.44113,Advertising/Marketing Services,938.0,1999.0,,
1854,BORR,2026-05-05 19:38:20.384385,2026-05-05 19:38:20.384385,5.971,6.0,5.78,7316554.0,7613464.840889,7613464.840889,7730534.14428,6.33,2026-04-29,1.55,2025-05-22,3.940887,270498788.62368,1823128899.0,1.5303,35.510204,307701080.0,Contract Drilling,2784.0,2016.0,2025-03-19 00:00:00,2025-03-03 00:00:00
1858,BRSL,2026-05-05 19:38:20.384385,2026-05-05 19:38:20.384385,12.29,12.565,12.29,703189.0,1036531.340516,1036531.340516,1182854.73732,18.565,2025-10-03,12.015,2026-04-13,6.865913,100589146.686,2368784635.0,2.64369,34.843794,189427000.0,Casinos/Gaming,5815.0,2014.0,2026-03-24 00:00:00,2026-03-10 00:00:00
1859,CBC,2026-05-05 19:38:20.384385,2026-05-05 19:38:20.384385,27.01,27.5,26.925,423177.0,671218.169832,671218.169832,700378.60641,27.5,2026-05-05,9.8,2025-10-24,0.855609,32414564.528,6579225299.999997,1.70513,15.347463,240293108.108108,Regional Banks,3036.0,1902.0,2026-03-02 00:00:00,2026-02-20 00:00:00
1862,PUMP,2026-05-05 19:38:20.384385,2026-05-05 19:38:20.384385,16.74,17.26,16.52,24105640.0,4644831.140268,4644831.140268,3269022.74383,18.5,2026-04-29,4.51,2025-08-21,,96590928.665,2034829115.0,2.08977,-145.51,122617000.0,Oilfield Services/Equipment,1700.0,2005.0,,
1863,RAAQ,2026-05-05 19:38:20.384385,2026-05-05 19:38:20.384385,10.87,10.88,10.8,90895.0,147652.226384,147652.226384,255749.586843,11.01,2026-04-27,9.62,2025-08-15,,17250000.0,249533900.0,1.45888,58.79329,23000000.0,Financial Conglomerates,,2024.0,,
1864,AMPH,2026-05-05 19:38:20.384385,2026-05-05 19:38:20.384385,22.85,23.46,22.75,365914.0,395439.25553,395439.25553,423302.507182,31.2641,2025-09-02,17.03,2026-03-12,,31722903.99,1040782950.0,1.31589,11.177193,44535000.0,Pharmaceuticals: Major,1976.0,1996.0,,
1867,CNNE,2026-05-05 19:38:20.384385,2026-05-05 19:38:20.384385,13.51,13.76,13.465,415022.0,526042.785054,526042.785054,530753.345433,21.96,2025-07-23,10.46,2026-03-24,4.231626,37174980.3965,604936568.979951,0.614475,-1.54,44220509.428359,Restaurants,6602.0,2017.0,2026-03-31 00:00:00,2026-03-17 00:00:00
1875,PACK,2026-05-05 19:38:20.384385,2026-05-05 19:38:20.384385,6.0,6.0,5.7501,609118.0,936875.877783,936875.877783,628371.358259,6.31,2025-08-26,2.91,2025-05-06,,73225750.0408,505142634.5,0.963734,-13.28,85544900.0,Containers/Packaging,800.0,1972.0,,
1879,NOMD,2026-05-05 19:38:20.384385,2026-05-05 19:38:20.384385,9.6,9.6,9.17,2218734.0,1249199.36799,1249199.36799,1097604.49831,20.1,2025-05-06,9.17,2026-05-05,7.188161,115119213.888,1319269352.127903,0.459477,9.188927,142086090.697674,Food: Specialty/Candy,7752.0,2016.0,2026-05-28 00:00:00,2026-05-12 00:00:00
1880,INMD,2026-05-05 19:38:20.384385,2026-05-05 19:38:20.384385,14.32,14.425,14.125,568488.0,376795.873167,376795.873167,603156.176249,16.74,2025-10-09,12.72,2026-03-12,,55068594.2572,912682811.366177,1.32709,9.980471,63358751.222921,Medical Specialties,660.0,2008.0,,
1884,ATII,2026-05-05 19:38:20.384385,2026-05-05 19:38:20.384385,10.65,10.65,10.61,8224.0,588921.281642,588921.281642,282861.753163,10.7,2026-01-26,10.04,2025-05-05,,23309995.94,313949911.96617,1.35032,39.422008,29590001.12782,Financial Conglomerates,2.0,,,
1889,POAS,2026-05-05 19:38:20.384385,2026-05-05 19:38:20.384385,2.3,2.32,2.2,76638.0,333042.312054,333042.312054,244682.084402,7.395,2026-02-05,0.53,2026-02-13,,8564742.13925,64728964.745,,,28832501.0,Electronic Components,,2017.0,,
1892,AMTM,2026-05-05 19:38:20.384385,2026-05-05 19:38:20.384385,25.935,25.99,24.02,2745258.0,1710079.587606,1710079.587606,1608253.38663,38.11,2026-02-06,19.11,2025-06-02,,196713834.513725,5937381979.028733,1.3783,64.0,243935167.585404,Aerospace & Defense,50000.0,2019.0,,
1893,NRXS,2026-05-05 19:38:20.384385,2026-05-05 19:38:20.384385,8.315,9.33,8.26,442972.0,246196.420881,246196.420881,177436.532394,9.33,2026-05-05,1.942,2025-05-06,,7911035.436232,99867054.28,26.0392,-8.96,11505421.0,Medical Specialties,24.0,2011.0,,
1894,UWMC,2026-05-05 19:38:20.384385,2026-05-05 19:38:20.384385,3.545,3.55,3.385,13844193.0,11044568.500281,11044568.500281,11602783.6342,7.14,2025-09-11,3.3803,2026-03-26,11.299435,280634473.944,5579209786.483049,4.76248,29.135802,1628966361.016949,Finance/Rental/Leasing,9100.0,1986.0,2026-04-09 00:00:00,2026-03-19 00:00:00
1897,GLED,2026-05-05 19:38:20.384385,2026-05-05 19:38:20.384385,9.915,9.915,9.915,56000.0,74631.4,74631.4,206605.8,10.0,2026-05-04,9.87,2026-04-14,,7475000.0,114080003.995974,-6755.102,,11500000.40282,Financial Conglomerates,,,,
1899,ACHR,2026-05-05 19:38:20.384385,2026-05-05 19:38:20.384385,5.76,5.86,5.565,52471737.0,28149889.441928,28149889.441928,24875546.2283,14.62,2025-10-15,4.8,2026-03-30,,634500114.084,4422396130.871748,1.94895,-5.9,757908505.719237,Aerospace & Defense,1660.0,2018.0,,
1901,SEV,2026-05-05 19:38:20.384385,2026-05-05 19:38:20.384385,2.71,2.7576,2.625,157902.0,211336.91356,211336.91356,233916.324096,40.85,2025-10-15,1.29,2026-01-23,,17995884.067092,97531303.48,3.74109,-1.73,36597112.0,Motor Vehicles,46.0,2019.0,,
1902,OSCR,2026-05-05 19:38:20.384385,2026-05-05 19:38:20.384385,18.5,18.7523,17.805,8755972.0,5744976.85669,5744976.85669,6289958.05724,23.8,2025-10-07,10.69,2026-03-30,,239135255.88,5403621163.189019,5.65447,-10.25,301121268.497577,Managed Health Care,2305.0,2012.0,,
1904,KELYA,2026-05-05 19:38:20.384385,2026-05-05 19:38:20.384385,9.81,9.84,9.68,265240.0,328490.4884,328490.4884,331980.382101,14.94,2025-08-22,7.98,2025-11-21,3.076923,28806074.034,356323341.507695,0.341475,-1.34,36267006.769231,Personnel Services,4900.0,1946.0,2026-03-11 00:00:00,2026-02-25 00:00:00
1906,LILAK,2026-05-05 19:38:20.384385,2026-05-05 19:38:20.384385,8.09,8.375,8.03,624957.0,571120.959481,571120.959481,605143.399175,9.13,2025-12-05,4.2301,2025-05-08,,127141314.4,1656808707.6,2.89777,-2.63,200097670.0,Major Telecommunications,9000.0,1999.0,,
1907,AXTA,2026-05-05 19:38:20.384385,2026-05-05 19:38:20.384385,27.245,27.82,27.09,2701160.0,1937177.905043,1937177.905043,2111423.24202,35.72,2026-02-18,24.9365,2026-03-19,,212919584.397,5813826135.0,2.35922,15.627379,214019000.0,Industrial Specialties,12300.0,1866.0,,
1909,ALDX,2026-05-05 19:38:20.384385,2026-05-05 19:38:20.384385,1.65,1.725,1.59,1046280.0,1100828.395829,1100828.395829,1406733.73408,6.175,2025-08-28,1.07,2026-03-17,,55835864.2884,104053897.5,2.20255,-2.87,60321100.0,Biotechnology,8.0,2004.0,,
1910,LFCR,2026-05-05 19:38:20.384385,2026-05-05 19:38:20.384385,5.205,5.35,5.1,147185.0,217953.860326,217953.860326,294272.053081,8.9799,2026-01-27,3.625,2026-03-31,,34170019.45,193383384.0,-13.5374,-3.93,37477400.0,Pharmaceuticals: Major,406.0,1965.0,,
1912,DUOT,2026-05-05 19:38:20.384385,2026-05-05 19:38:20.384385,9.17,9.46,8.87,457001.0,394465.276239,394465.276239,445702.714051,12.17,2025-12-30,5.775,2025-08-20,,27651853.1796,261609781.761014,3.82409,-12.86,29295608.259912,Packaged Software,39.0,1994.0,,
1916,MNTS,2026-05-05 19:38:20.384385,2026-05-05 19:38:20.384385,4.8,4.9202,4.41,1240503.0,1616420.022873,1616420.022873,3617874.58303,43.554,2025-08-13,3.11,2026-04-07,,5703096.14303,27102947.3,0.569817,-0.06,5730010.0,Aerospace & Defense,35.0,2017.0,,
1919,ACCO,2026-05-05 19:38:20.384385,2026-05-05 19:38:20.384385,4.005,4.1,3.87,1254526.0,1018384.579303,1018384.579303,1110431.02909,4.3,2026-02-20,2.8111,2026-04-07,7.5,89424655.2198,370415067.0,0.542781,5.08453,92257800.0,Office Equipment/Supplies,4700.0,1903.0,2026-06-17 00:00:00,2026-05-22 00:00:00
1921,AGCC,2026-05-05 19:38:20.384385,2026-05-05 19:38:20.384385,18.18,18.97,17.43,72074.0,74262.827788,74262.827788,161288.593398,25.725,2026-04-23,3.66,2025-10-22,,5376493.8675,652122205.0,172.013,841.284404,34376500.0,Food Distributors,,,,
1922,CGAU,2026-05-05 19:38:20.384385,2026-05-05 19:38:20.384385,16.955,17.14,16.725,1369918.0,1685252.009386,1685252.009386,1583785.96954,21.17,2026-03-02,6.35,2025-05-16,1.213988,198465007.86,3355707197.236069,1.58384,5.325463,199863442.360695,Precious Metals,,2002.0,2026-06-04 00:00:00,2026-05-21 00:00:00
1925,NAGE,2026-05-05 19:38:20.384385,2026-05-05 19:38:20.384385,4.93,4.9994,4.75,811104.0,683653.40784,683653.40784,635996.416715,14.69,2025-06-30,4.16,2026-03-30,,52922239.4715,386788815.0,5.13494,24.237955,80080500.0,Pharmaceuticals: Other,117.0,1999.0,,
1926,IDN,2026-05-05 19:38:20.384385,2026-05-05 19:38:20.384385,7.95,8.2253,7.89,367637.0,405813.343926,405813.343926,403003.66678,9.08,2026-04-22,2.47,2025-05-06,,19311865.8726,163633123.5,7.69065,124.525316,20239100.0,Packaged Software,38.0,1994.0,,
1927,GDYN,2026-05-05 19:38:20.384385,2026-05-05 19:38:20.384385,5.88,6.11,5.77,1727874.0,1401087.079176,1401087.079176,1301790.91858,15.32,2025-05-13,5.125,2026-04-10,,63842171.7664,510955471.0,0.920622,95.89491,83626100.0,Information Technology Services,4961.0,2006.0,,
1930,RZLV,2026-05-05 19:38:20.384385,2026-05-05 19:38:20.384385,2.61,2.62,2.44,16529696.0,12095713.870362,12095713.870362,15007371.3438,8.45,2025-09-16,1.9,2025-06-02,,234073900.8399,977127599.269232,3.54291,-6.87,398827591.538462,Packaged Software,803.0,2016.0,,
1932,NGNE,2026-05-05 19:38:20.384385,2026-05-05 19:38:20.384385,28.58,29.165,27.465,142676.0,150505.714913,150505.714913,167879.313093,37.265899,2025-10-16,11.77,2025-05-06,,12374256.6202,453795148.0,1.65022,-5.99,15615800.0,Biotechnology,131.0,2007.0,,
1937,TIC,2026-05-05 19:38:20.384385,2026-05-05 19:38:20.384385,9.355,9.88,9.3475,4150397.0,2558934.099382,2558934.099382,2611792.97337,14.9442,2025-09-29,6.36,2026-03-31,,108089793.86519,2098799451.189114,0.942872,-17.7,221042596.228448,Miscellaneous Commercial Services,12760.0,1974.0,,
1938,RGNX,2026-05-05 19:38:20.384385,2026-05-05 19:38:20.384385,9.5,9.64,8.96,436647.0,571941.76359,571941.76359,566523.838824,16.19,2026-01-22,6.89,2025-05-08,,46063189.28,475910908.025559,4.65162,-2.46,51617235.14377,Pharmaceuticals: Major,371.0,2008.0,,
1944,NXE,2026-05-05 19:38:20.384385,2026-05-05 19:38:20.384385,12.61,12.8,11.98,6092464.0,5289516.689774,5289516.689774,5181985.67271,13.96,2026-01-28,5.16,2025-05-05,,616539002.66,8008863050.0,6.15239,-32.27,661070000.0,Other Metals/Minerals,142.0,2011.0,,
1949,ARHS,2026-05-05 19:38:20.384385,2026-05-05 19:38:20.384385,7.25,7.34,7.09,895612.0,916387.22142,916387.22142,1210101.32803,12.98,2025-08-07,6.17,2026-04-07,,51854084.49078,1027098317.660534,2.38499,14.865433,141278998.302687,Home Furnishings,2800.0,1986.0,2026-03-31 00:00:00,2026-03-18 00:00:00
1966,DMRC,2026-05-05 19:38:20.384385,2026-05-05 19:38:20.384385,8.2,8.3699,7.935,134055.0,168605.723904,168605.723904,183175.014145,14.64,2025-06-05,4.07,2026-03-03,,16816094.362,176430465.81,4.46971,-5.49,22093300.0,Information Technology Services,110.0,1995.0,2014-05-12 00:00:00,2014-05-01 00:00:00
1967,LAW,2026-05-05 19:38:20.384385,2026-05-05 19:38:20.384385,4.9793,4.99,4.63,417313.0,352678.432286,352678.432286,271669.81935,9.11,2025-12-09,2.4501,2026-02-25,,24500026.901,293846614.419753,2.40005,-6.75,63329011.728395,Packaged Software,577.0,2013.0,,
1970,PRCT,2026-05-05 19:38:20.384385,2026-05-05 19:38:20.384385,24.99,25.265,24.25,874530.0,1607010.023155,1607010.023155,1428419.09918,66.85,2025-06-05,19.35,2026-02-26,,54534170.195568,1433785633.165528,4.06352,-13.76,56918842.12646,Medical Specialties,888.0,2007.0,,
1971,WOOF,2026-05-05 19:38:20.384385,2026-05-05 19:38:20.384385,2.8,2.81,2.705,1394353.0,1273180.902484,1273180.902484,1472180.41394,4.505,2025-07-23,2.24,2026-03-09,,143835911.835,776291503.88849,0.672188,87.697161,284355862.230216,Internet Retail,29000.0,1965.0,,
1974,OSW,2026-05-05 19:38:20.384385,2026-05-05 19:38:20.384385,23.64,24.11,23.365,881848.0,1032776.018216,1032776.018216,856713.190872,25.75,2026-05-01,17.85,2025-05-06,0.76661,97425569.74,2441435750.0,4.24312,31.152979,101515000.0,Other Consumer Services,5395.0,1901.0,2026-06-03 00:00:00,2026-05-20 00:00:00
1975,BANC,2026-05-05 19:38:20.384385,2026-05-05 19:38:20.384385,18.66,18.965,18.57,1616247.0,3148064.085996,3148064.085996,2958393.85895,21.61,2026-01-22,13.24,2025-06-18,2.259279,149194339.154,3000698655.098438,0.938759,14.317622,159272752.39376,Regional Banks,1904.0,1941.0,2026-04-01 00:00:00,2026-03-16 00:00:00
1978,CMRC,2026-05-05 19:38:20.384385,2026-05-05 19:38:20.384385,3.04,3.07,2.91,452033.0,510374.758184,510374.758184,602233.715996,5.59,2025-05-12,2.41,2026-02-12,,72669317.5734,251887640.673267,6.28644,-12.81,82316222.442244,Packaged Software,1079.0,2009.0,,
1979,NAK,2026-05-05 19:38:20.384385,2026-05-05 19:38:20.384385,2.11,2.14,2.04,5062395.0,7483621.616205,7483621.616205,9814565.73965,2.98,2025-10-14,0.73,2025-07-29,,549873496.17504,1160428794.0,89.3782,-15.24,560593620.289855,Other Metals/Minerals,,1983.0,,
1980,RDZN,2026-05-05 19:38:20.384385,2026-05-05 19:38:20.384385,2.0,2.1,1.75,1750166.0,905485.057809,905485.057809,444634.430788,2.56,2025-12-31,0.68,2025-05-07,,48847468.53475,143372515.404103,-5.3505,-8.96,79695672.820513,Packaged Software,308.0,2015.0,,
1985,BBT,2026-05-05 19:38:20.384385,2026-05-05 19:38:20.384385,28.554,28.86,28.47,619847.0,918076.833236,918076.833236,772612.727567,32.83,2026-04-17,22.81,2025-10-30,3.539979,82883147.7186,2411610113.3533,0.952396,22.317428,84028226.946108,Regional Banks,1972.0,,2026-05-29 00:00:00,2026-05-15 00:00:00
1986,EGBN,2026-05-05 19:38:20.384385,2026-05-05 19:38:20.384385,25.78,26.47,25.675,161663.0,294846.531478,294846.531478,314998.727965,29.26,2026-01-22,15.03,2025-11-04,1.361868,27859163.4942,799907457.0,0.6843,-6.78,30495900.0,Regional Banks,475.0,1997.0,2026-05-15 00:00:00,2026-05-04 00:00:00
1987,HOMB,2026-05-05 19:38:20.384385,2026-05-05 19:38:20.384385,26.635,26.78,26.48,794824.0,1625960.010106,1625960.010106,1664271.50965,30.83,2026-02-06,25.675,2026-03-19,3.089676,188844594.112,5395030639.623209,1.19834,10.947942,202061072.645064,Regional Banks,2543.0,1989.0,2026-06-03 00:00:00,2026-05-13 00:00:00
1988,RNGR,2026-05-05 19:38:20.384385,2026-05-05 19:38:20.384385,16.95,17.215,16.82,300844.0,402580.551234,402580.551234,286295.119187,18.815,2026-04-23,10.56,2025-05-29,1.4068,18427239.608,401096189.927319,1.35031,26.702144,23761622.626026,Oilfield Services/Equipment,2300.0,2014.0,2026-05-22 00:00:00,2026-05-08 00:00:00
1989,PLG,2026-05-05 19:38:20.384385,2026-05-05 19:38:20.384385,1.76,1.8,1.745,891084.0,1084248.440584,1084248.440584,1281528.35102,4.04,2026-01-26,1.08,2025-05-16,,97886082.364,222579630.0,3.0551,-32.71,126826000.0,Other Metals/Minerals,,2000.0,,
1992,SABS,2026-05-05 19:38:20.384385,2026-05-05 19:38:20.384385,3.66,3.7,3.55,363835.0,480901.622215,480901.622215,407744.129895,6.6,2025-07-21,1.59,2025-05-05,,36817905.914,187754564.823847,1.15965,-1.38,50951035.230352,Biotechnology,86.0,2014.0,,
1994,RSKD,2026-05-05 19:38:20.384385,2026-05-05 19:38:20.384385,4.87,4.91,4.78,681359.0,638097.852748,638097.852748,695453.418696,5.68,2025-07-22,3.7,2026-03-27,,76671004.635,715832347.65,2.4327,-28.11,148205455.0,Packaged Software,670.0,2012.0,,
1996,OBDC,2026-05-05 19:38:20.384385,2026-05-05 19:38:20.384385,11.85,11.9584,11.64,2734174.0,3009183.160338,3009183.160338,4091120.25068,15.185,2025-07-18,10.52,2026-04-02,12.542373,492067123.065,5913873152.014407,0.796711,9.518432,496755409.661017,Finance/Rental/Leasing,,2015.0,2026-04-15 00:00:00,2026-03-31 00:00:00
1998,CNVS,2026-05-05 19:38:20.384385,2026-05-05 19:38:20.384385,2.55,2.62,2.35,192211.0,141291.300551,141291.300551,150454.864272,7.39,2025-07-08,1.77,2026-02-06,,18325368.7848,53024301.0,1.41513,-4.77,21294900.0,Movies/Entertainment,218.0,2000.0,,
1999,FUSE,2026-05-05 19:38:20.384385,2026-05-05 19:38:20.384385,1.62,1.69,1.525,140891.0,256734.00656,256734.00656,7042068.25585,25.0,2025-10-22,0.8,2026-04-07,,18783187.35744,44566429.6,-13.128,-7.31,28939240.0,Packaged Software,270.0,2012.0,,
2002,SA,2026-05-05 19:38:20.384385,2026-05-05 19:38:20.384385,29.035,29.035,28.05,435705.0,707214.705173,707214.705173,775921.779301,40.055,2026-03-02,11.12,2025-05-15,,87980791.962,3015626518.652344,3.65611,-76.84,107508966.796875,Precious Metals,50.0,1979.0,,
2011,CORZ,2026-05-05 19:38:20.384385,2026-05-05 19:38:20.384385,21.2,22.435,21.07,14009470.0,14992929.950579,14992929.950579,13949221.2245,23.63,2025-11-03,8.47,2025-05-06,,298772650.3756,6999893192.745981,-7.2426,19.31,315594823.838863,Data Processing Services,325.0,2017.0,,
2012,RGTI,2026-05-05 19:38:20.384385,2026-05-05 19:38:20.384385,17.91,18.47,17.08,24574583.0,23280617.992959,23280617.992959,30025891.0483,58.1501,2025-10-14,9.14,2025-05-07,,324830059.809,6065077260.000001,10.7355,-26.89,332151000.0,Computer Processing Hardware,164.0,2013.0,,
2015,PAL,2026-05-05 19:38:20.384385,2026-05-05 19:38:20.384385,7.27,7.28,6.81,247547.0,266788.87392,266788.87392,420456.766419,10.97,2026-02-03,5.76,2025-10-10,,24243069.137826,194354460.246172,0.642705,-5.82,27725315.299026,Trucking,825.0,,,
2016,SPPL,2026-05-05 19:38:20.384385,2026-05-05 19:38:20.384385,2.58,2.7366,2.51,625016.0,2039227.144575,2039227.144575,1218703.13023,7.0,2025-10-15,1.5,2026-03-31,,9406010.323968,25908922.14,5.6142,-4.45,9786184.0,Packaged Software,39.0,2002.0,,
2028,CVRX,2026-05-05 19:38:20.384385,2026-05-05 19:38:20.384385,7.91,7.92,7.4,160004.0,207995.563832,207995.563832,274249.961443,11.3,2025-11-03,4.2993,2025-05-12,,14610763.6419,198760368.0,5.21562,-3.67,26430900.0,Medical Specialties,223.0,2001.0,,
2029,COUR,2026-05-05 19:38:20.384385,2026-05-05 19:38:20.384385,5.84,5.95,5.78,3111408.0,7245299.446572,7245299.446572,6008644.06859,13.56,2025-07-28,5.0,2026-04-24,,134098636.1,1004795505.090052,1.56223,-15.26,169300000.857633,Internet Software/Services,1307.0,2011.0,,
2031,GENI,2026-05-05 19:38:20.384385,2026-05-05 19:38:20.384385,4.47,4.47,4.26,5415870.0,4288132.669988,4288132.669988,4420451.28806,13.7296,2025-09-05,3.825,2026-04-13,,221144610.57,1105961640.391112,1.5299,-9.9,256306289.777778,Internet Software/Services,2700.0,2020.0,,
2035,ASPN,2026-05-05 19:38:20.384385,2026-05-05 19:38:20.384385,3.925,4.14,3.865,1590177.0,1729740.436106,1729740.436106,1536670.89565,9.78,2025-08-07,2.3,2026-02-25,,69393606.7968,342483864.525775,1.36261,-0.82,82825602.061856,Industrial Specialties,854.0,2001.0,,
2037,SNCY,2026-05-05 19:38:20.384385,2026-05-05 19:38:20.384385,15.54,16.02,15.52,643607.0,640510.091802,640510.091802,669302.029829,22.29,2026-02-09,10.14,2025-08-05,,45341388.0615,859827472.5,1.255,21.044653,54196500.0,Airlines,3281.0,2017.0,,
2038,WEST,2026-05-05 19:38:20.384385,2026-05-05 19:38:20.384385,5.8,5.815,5.625,252800.0,341785.19821,341785.19821,369455.340311,7.92,2025-08-08,3.59,2025-11-07,,47489558.44734,562770749.99,-297.7178,-6.07,96879110.0,Food: Specialty/Candy,1393.0,2009.0,,
2041,CCCC,2026-05-05 19:38:20.384385,2026-05-05 19:38:20.384385,3.07,3.07,2.885,1194444.0,2548510.958102,2548510.958102,3311391.71768,3.82,2026-03-09,1.21,2025-05-30,,82001889.5122,289807254.0,1.14634,-2.24,97578200.0,Biotechnology,104.0,2015.0,,
2042,AMN,2026-05-05 19:38:20.384385,2026-05-05 19:38:20.384385,20.46,21.4,20.37,696075.0,707895.169567,707895.169567,696817.212498,23.74,2025-05-09,14.865,2025-08-08,,38348032.7736,822604810.000009,1.24045,-8.3,38656241.071429,Personnel Services,2664.0,1997.0,,
2045,BLCO,2026-05-05 19:38:20.384385,2026-05-05 19:38:20.384385,16.235,16.4,15.93,290867.0,581284.89813,581284.89813,426553.450728,18.915,2026-02-25,10.83,2025-05-06,,38653531.8489,5708146963.500001,0.910686,-26.38,356536350.0,Medical Specialties,13000.0,1853.0,,
2052,ETD,2026-05-05 19:38:20.384385,2026-05-05 19:38:20.384385,20.25,20.44,20.16,305835.0,435719.193515,435719.193515,406300.583327,31.4105,2025-08-25,20.01,2026-05-04,7.784431,23215702.7883,515033956.343316,1.07621,12.713316,25446341.716567,Home Furnishings,3211.0,1932.0,2026-05-27 00:00:00,2026-05-13 00:00:00
2054,CRNC,2026-05-05 19:38:20.384385,2026-05-05 19:38:20.384385,10.4,10.54,9.83,1644348.0,780529.835526,780529.835526,698310.821746,13.738,2025-10-03,5.85,2026-03-30,,40422967.4787,443428285.0,3.09999,-366.54,45018100.0,Packaged Software,1300.0,2019.0,,
2057,AVIR,2026-05-05 19:38:20.384385,2026-05-05 19:38:20.384385,5.73,5.83,5.54,211889.0,241840.500099,241840.500099,278983.052574,6.45,2026-03-10,2.455,2025-05-15,,63035051.7501,446163760.0,1.61681,-2.87,79672100.0,Pharmaceuticals: Major,55.0,2012.0,,
2058,CSTL,2026-05-05 19:38:20.384385,2026-05-05 19:38:20.384385,25.43,25.43,24.43,395468.0,308302.814892,308302.814892,285327.011137,44.28,2026-01-26,14.59,2025-08-04,,29572773.888,745887520.0,1.60892,-30.13,30296000.0,Medical Specialties,883.0,2007.0,,
2060,INVX,2026-05-05 19:38:20.384385,2026-05-05 19:38:20.384385,28.66,28.755,26.48,518770.0,349602.915534,349602.915534,361715.205625,29.48,2026-02-25,11.93,2025-05-07,,44861983.1107,1829279516.0,1.79077,36.706827,68563700.0,Oilfield Services/Equipment,2160.0,2016.0,,
2061,SLDB,2026-05-05 19:38:20.384385,2026-05-05 19:38:20.384385,7.35,7.48,6.7616,1422219.0,907831.648843,907831.648843,957348.080745,8.8661,2026-04-14,2.41,2025-05-15,,83803061.1741,677447662.817425,3.17171,-3.41,98394722.268326,Biotechnology,121.0,2013.0,,
2065,URG,2026-05-05 19:38:20.384385,2026-05-05 19:38:20.384385,1.78,1.805,1.725,4761549.0,7372528.263288,7372528.263288,7416334.02672,2.35,2025-10-15,0.67,2025-05-19,,359567841.6486,697317396.75,8.64216,-8.71,397331850.0,Other Metals/Minerals,30.0,,,
2066,HAFC,2026-05-05 19:38:20.384385,2026-05-05 19:38:20.384385,29.67,30.23,29.65,319271.0,338230.93278,338230.93278,270493.480041,31.33,2026-04-28,21.84,2025-05-23,3.697422,29125003.429,896755420.0,1.09452,10.97502,29753000.0,Regional Banks,610.0,1982.0,2026-05-20 00:00:00,2026-05-04 00:00:00
2073,ONEG,2026-05-05 19:38:20.384385,2026-05-05 19:38:20.384385,8.92,14.95,8.91,2926043.0,2313848.056315,2313848.056315,1540410.122,14.95,2026-05-05,0.96,2026-03-27,,7000000.0,175360008.70829,86.6785,989.88764,16000000.794552,Engineering & Construction,26.0,2021.0,,
2078,MX,2026-05-05 19:38:20.384385,2026-05-05 19:38:20.384385,3.6,4.12,3.555,1916443.0,3729067.067909,3729067.067909,1940773.66203,5.64,2026-04-24,2.18,2025-11-18,,26607104.4896,148861076.5,0.55725,-5.77,36440900.0,Semiconductors,711.0,2003.0,,
2079,METC,2026-05-05 19:38:20.384385,2026-05-05 19:38:20.384385,14.34,15.325,14.21,907500.0,1352304.466995,1352304.466995,1473808.65136,57.8,2025-10-15,8.21,2025-05-12,,47186520.441,1010523745.9,1.98274,-16.51,67278545.0,Coal,900.0,2015.0,2025-06-13 00:00:00,2025-05-30 00:00:00
2080,WWW,2026-05-05 19:38:20.384385,2026-05-05 19:38:20.384385,16.595,16.995,16.5401,551652.0,932656.59102,932656.59102,907620.959805,32.8,2025-09-05,13.47,2025-11-05,2.436054,80347118.67,1380969998.345925,3.26736,14.409829,81981003.16687,Apparel/Footwear,3050.0,1883.0,2026-05-01 00:00:00,2026-04-01 00:00:00
2081,BLDP,2026-05-05 19:38:20.384385,2026-05-05 19:38:20.384385,3.255,4.35,3.208,20006256.0,4823847.57188,4823847.57188,4044623.29224,4.35,2026-05-05,1.18,2025-05-06,,296844054.414,1311932282.314409,1.67746,-10.86,301773998.784195,Electrical Products,492.0,1979.0,,
2083,OI,2026-05-05 19:38:20.384385,2026-05-05 19:38:20.384385,9.075,9.19,8.72,2572391.0,3799734.48023,3799734.48023,2481412.75839,16.91,2026-02-10,8.0,2026-04-29,,150831256.8,1342908000.0,1.08848,-7.43,153300000.0,Containers/Packaging,19000.0,1929.0,2020-03-16 00:00:00,2020-02-27 00:00:00
2086,EVGO,2026-05-05 19:38:20.384385,2026-05-05 19:38:20.384385,2.11,2.265,2.03,6022176.0,3147729.013134,3147729.013134,3547462.13661,5.18,2025-10-03,1.64,2026-03-30,,132815371.5,658518020.32258,-2.5007,-7.0,313580009.677419,Specialty Stores,376.0,2010.0,,
2087,TBCH,2026-05-05 19:38:20.384385,2026-05-05 19:38:20.384385,11.76,12.12,11.76,126537.0,138067.574869,138067.574869,174345.774397,17.3869,2025-10-24,8.78,2025-05-06,,13714038.836,239950230.0,1.75736,15.305592,19847000.0,Electronics/Appliances,290.0,1975.0,,
2091,AVO,2026-05-05 19:38:20.384385,2026-05-05 19:38:20.384385,13.41,13.79,13.31,1025915.0,1165712.136997,1165712.136997,1113840.03826,15.53,2026-04-08,10.0,2025-05-23,,39493963.2976,967053360.0,1.60894,28.660503,70846400.0,Agricultural Commodities/Milling,3800.0,1983.0,,
2092,KROS,2026-05-05 19:38:20.384385,2026-05-05 19:38:20.384385,11.75,11.835,11.46,308666.0,277765.872086,277765.872086,309128.912276,22.55,2025-12-08,10.415,2026-03-30,,18064282.62,232902854.285226,0.754974,5.094849,19787838.087105,Pharmaceuticals: Major,78.0,2015.0,,
2094,NCDL,2026-05-05 19:38:20.384385,2026-05-05 19:38:20.384385,14.67,14.6858,14.385,211547.0,154238.929268,154238.929268,199604.958352,17.27,2025-07-17,12.425,2026-04-01,11.561866,42215421.984942,719075680.96,0.834611,11.335071,49387066.0,Investment Trusts/Mutual Funds,,2018.0,2026-04-28 00:00:00,2026-03-31 00:00:00
2095,CAE,2026-05-05 19:38:20.384385,2026-05-05 19:38:20.384385,25.99,26.59,25.99,683899.0,1069520.676518,1069520.676518,915613.178318,34.24,2026-01-16,23.88,2025-05-14,,321157850.145,8548658816.074329,2.20401,30.926724,322347617.499032,Miscellaneous Commercial Services,13000.0,1947.0,2020-03-31 00:00:00,2020-03-12 00:00:00
2101,CRMD,2026-05-05 19:38:20.384385,2026-05-05 19:38:20.384385,7.99,7.99,7.675,850275.0,952816.789811,952816.789811,941641.96571,17.43,2025-06-23,6.125,2026-03-06,,70439649.0183,605857072.5,1.5449,3.890859,78428100.0,Biotechnology,191.0,2006.0,,
2102,EVH,2026-05-05 19:38:20.384385,2026-05-05 19:38:20.384385,3.94,4.03,3.795,1861595.0,2265581.380991,2265581.380991,2727321.53962,12.065,2025-07-07,2.095,2026-04-02,,104176308.294,445241354.822054,1.07278,-0.76,114018272.681704,Miscellaneous Commercial Services,4200.0,2011.0,,
2104,EBC,2026-05-05 19:38:20.384385,2026-05-05 19:38:20.384385,19.96,20.37,19.851,1426628.0,2645965.811324,2645965.811324,2415715.90127,22.575,2026-02-04,14.1,2025-06-18,2.610442,216140784.475,4735442250.0,1.07963,11.155914,233849000.0,Regional Banks,2450.0,1818.0,2026-06-22 00:00:00,2026-06-05 00:00:00
2105,POWW,2026-05-05 19:38:20.384385,2026-05-05 19:38:20.384385,2.05,2.115,2.044,521657.0,506079.836011,506079.836011,535532.255666,2.2275,2026-03-04,1.08,2025-07-16,,87818613.993,243374675.0,1.00844,-3.97,117289000.0,Aerospace & Defense,81.0,1990.0,,
2108,DMRA,2026-05-05 19:38:20.384385,2026-05-05 19:38:20.384385,25.14,25.955,24.77,131620.0,180772.23253,180772.23253,230730.986559,38.3251,2025-12-26,2.45,2025-09-09,,51346245.0976,1501549976.725805,-0.2259,-5.44,60303211.916699,Pharmaceuticals: Major,7.0,2011.0,,
2112,MSDL,2026-05-05 19:38:20.384385,2026-05-05 19:38:20.384385,15.75,15.75,15.555,661236.0,662292.859914,662292.859914,719665.217681,20.0,2025-05-19,13.66,2026-04-02,12.380952,84749589.16668,1328759151.8,0.777336,11.258041,85286210.0,Financial Conglomerates,,2019.0,2026-04-24 00:00:00,2026-03-31 00:00:00
2114,AVTX,2026-05-05 19:38:20.384385,2026-05-05 19:38:20.384385,13.87,16.3,13.87,4660312.0,680126.22245,680126.22245,746064.564832,20.7199,2025-12-11,3.39,2025-05-14,,24032478.1373,435176562.899129,3.07175,-2.26,26714337.808418,Pharmaceuticals: Major,33.0,2011.0,,
2115,BNED,2026-05-05 19:38:20.384385,2026-05-05 19:38:20.384385,10.09,10.21,9.81,251943.0,190520.363856,190520.363856,209355.847684,12.21,2025-06-24,5.9,2025-11-21,,12623845.6724,349100162.087452,1.18741,-33.1,34296115.737052,Specialty Stores,3559.0,1965.0,,
2117,RNAC,2026-05-05 19:38:20.384385,2026-05-05 19:38:20.384385,7.01,7.46,6.83,295984.0,150019.593176,150019.593176,179434.401846,15.57,2025-07-09,5.6,2026-03-27,,10629932.885,217717010.164503,-1.3355,-1.2,29381512.842713,Biotechnology,75.0,2007.0,,
2118,OPFI,2026-05-05 19:38:20.384385,2026-05-05 19:38:20.384385,9.71,9.85,9.59,710568.0,585065.991651,585065.991651,461829.728668,15.0301,2025-06-27,7.36,2026-04-02,,23367982.3167,836335817.25957,14.2147,9.735226,85427560.496381,Finance/Rental/Leasing,410.0,2012.0,2025-04-18 00:00:00,2025-04-08 00:00:00
2120,SGMT,2026-05-05 19:38:20.384385,2026-05-05 19:38:20.384385,7.93,8.0,7.47,1288926.0,6088988.841073,6088988.841073,3107042.42482,11.41,2025-07-25,3.08,2025-05-15,,51800782.530025,477032724.525,2.30668,-5.0,61751809.0,Pharmaceuticals: Major,16.0,2006.0,,
2123,CTMX,2026-05-05 19:38:20.384385,2026-05-05 19:38:20.384385,4.2,4.255,4.04,2395282.0,3078875.314002,3078875.314002,4107819.85519,8.21,2026-03-16,0.8431,2025-05-05,,169426561.98,886326923.133972,7.18509,459.34,216177298.325359,Pharmaceuticals: Major,69.0,2010.0,,
2129,NEXA,2026-05-05 19:38:20.384385,2026-05-05 19:38:20.384385,15.72,16.33,15.72,898934.0,1319555.680898,1319555.680898,1713079.46178,16.75,2026-04-20,4.438,2025-06-24,0.65234,44427192.306,2117699610.0,2.0481,15.488316,132439000.0,Other Metals/Minerals,,2014.0,2026-08-11 00:00:00,2026-07-28 00:00:00
2130,AGEN,2026-05-05 19:38:20.384385,2026-05-05 19:38:20.384385,4.06,4.27,4.05,877074.0,860138.776618,860138.776618,1201604.54971,7.34,2025-07-11,2.71,2026-02-05,,34546694.8944,160313320.0,-0.5237,-10.35,38398400.0,Biotechnology,81.0,1994.0,2023-05-01 00:00:00,2023-04-26 00:00:00
2139,GBTG,2026-05-05 19:38:20.384385,2026-05-05 19:38:20.384385,9.34,9.52,9.32,15943097.0,10528207.008698,10528207.008698,5527104.6949,9.54,2026-05-05,4.955,2026-02-23,,240562983.438,4961291640.0,3.03319,58.668342,523343000.0,Other Consumer Services,27000.0,2014.0,,
2142,ATOM,2026-05-05 19:38:20.384385,2026-05-05 19:38:20.384385,10.48,11.47,10.07,4777692.0,5632482.384694,5632482.384694,3028109.63249,11.47,2026-05-05,1.8915,2025-11-21,,36641019.182,408140420.0,18.2532,-16.13,38723000.0,Miscellaneous Commercial Services,21.0,2001.0,,
2143,HSTM,2026-05-05 19:38:20.384385,2026-05-05 19:38:20.384385,22.26,24.39,21.685,421504.0,215692.951762,215692.951762,193734.841358,29.625,2025-09-23,19.5,2026-02-12,0.602353,23264598.511,714170619.729402,1.77546,31.844747,29305318.823529,Packaged Software,1160.0,1990.0,2026-03-20 00:00:00,2026-03-09 00:00:00
2149,NRXP,2026-05-05 19:38:20.384385,2026-05-05 19:38:20.384385,3.06,3.21,3.0282,1331360.0,1020851.997083,1020851.997083,1102600.83139,3.84,2025-10-07,1.62,2026-03-09,,29224252.0548,100360259.073334,-5.9737,-1.91,33067630.666667,Pharmaceuticals: Major,,2017.0,,
2153,AIRO,2026-05-05 19:38:20.384385,2026-05-05 19:38:20.384385,7.38,7.38,6.9,454019.0,409840.355697,409840.355697,468637.723802,39.07,2025-06-13,6.9,2026-05-05,,20024173.763854,224784431.616023,0.307312,-127.02,31438382.044199,Aerospace & Defense,151.0,2021.0,,
2154,CTAA,2026-05-05 19:38:20.384385,2026-05-05 19:38:20.384385,9.86,,,20.0,178497.1,178497.1,150412.7692,9.9,2026-04-16,9.82,2026-04-16,,12258179.685,173425669.95,,,17606667.0,Financial Conglomerates,2.0,,,
2155,AVPT,2026-05-05 19:38:20.384385,2026-05-05 19:38:20.384385,10.57,10.71,10.46,1613907.0,1322944.526904,1322944.526904,1385022.35741,20.245,2025-05-13,8.835,2026-04-10,,145860004.354,2279447245.0,4.73105,69.367589,215959000.0,Packaged Software,3443.0,2001.0,,
2157,TBRG,2026-05-05 19:38:20.384385,2026-05-05 19:38:20.384385,25.75,25.76,25.72,284704.0,640411.000967,640411.000967,486361.056796,26.71,2025-05-06,13.88,2026-03-31,,14337549.6954,386227750.999999,2.16868,88.640275,14999135.961165,Managed Health Care,3500.0,1979.0,2020-08-31 00:00:00,2020-08-14 00:00:00
2159,CRVS,2026-05-05 19:38:20.384385,2026-05-05 19:38:20.384385,16.24,16.305,15.33,773019.0,1606021.205076,1606021.205076,1262082.13336,26.95,2026-01-23,3.165,2025-05-07,,64106568.7112,1321060591.950069,19.5514,-31.65,84090425.967541,Pharmaceuticals: Major,37.0,2014.0,,
2161,LYTS,2026-05-05 19:38:20.384385,2026-05-05 19:38:20.384385,23.52,24.43,23.32,346594.0,681995.241039,681995.241039,486370.15785,24.75,2026-01-22,15.31,2025-05-23,0.859476,29566982.1076,745017476.0,2.91827,30.804872,31133200.0,Building Products,2175.0,1976.0,2026-05-12 00:00:00,2026-05-04 00:00:00
2162,WRAP,2026-05-05 19:38:20.384385,2026-05-05 19:38:20.384385,1.5,1.52,1.41,223241.0,189392.140559,189392.140559,474099.135136,3.23,2026-01-15,1.2,2025-08-07,,36170747.1724,81030146.0,6.70869,-6.65,55500100.0,Medical Specialties,25.0,2016.0,,
2164,PFLT,2026-05-05 19:38:20.384385,2026-05-05 19:38:20.384385,9.17,9.195,9.04,789882.0,927001.989317,927001.989317,970594.848135,10.875,2025-07-18,7.68,2026-03-30,13.398693,98336448.1764,906851606.0,0.875428,26.333907,99217900.0,Investment Trusts/Mutual Funds,,2007.0,2026-05-01 00:00:00,2026-04-15 00:00:00
2166,DHX,2026-05-05 19:38:20.384385,2026-05-05 19:38:20.384385,2.535,2.535,2.3801,554373.0,191931.693475,191931.693475,207520.11793,3.34,2025-07-03,1.21,2025-05-06,,34122778.4328,100459116.0,1.1667,-8.41,41341200.0,Personnel Services,270.0,1990.0,,
2167,NNE,2026-05-05 19:38:20.384385,2026-05-05 19:38:20.384385,23.5,23.555,22.1,1757489.0,2033597.740187,2033597.740187,2177120.48803,60.87,2025-10-15,18.9301,2026-03-30,,42340356.293715,1185934350.15,1.96733,-20.83,52083195.0,Electrical Products,62.0,2022.0,,
2169,SPCE,2026-05-05 19:38:20.384385,2026-05-05 19:38:20.384385,2.5426,2.55,2.4,4497068.0,8133397.281831,8133397.281831,10553567.483,6.64,2025-05-16,2.13,2026-03-30,,80639330.8406,199452899.722223,0.674478,-0.43,81409346.825397,Aerospace & Defense,694.0,2017.0,,
2171,ASST,2026-05-05 19:38:20.384385,2026-05-05 19:38:20.384385,16.75,17.065,16.2007,2600663.0,3508533.430381,3508533.430381,3792671.17155,268.4,2025-05-22,7.02,2026-02-24,,58296718.699245,1141547913.0,1.25556,-0.98,69184722.0,Investment Trusts/Mutual Funds,28.0,2020.0,,
2175,SCVL,2026-05-05 19:38:20.384385,2026-05-05 19:38:20.384385,17.26,17.81,17.12,211245.0,293028.647178,293028.647178,449866.277793,26.57,2025-09-05,15.04,2026-03-31,3.621495,17881006.4848,483739656.0,0.679528,9.018596,27469600.0,Apparel/Footwear Retail,5000.0,1978.0,2026-04-20 00:00:00,2026-04-06 00:00:00
2181,SHC,2026-05-05 19:38:20.384385,2026-05-05 19:38:20.384385,14.5,15.35,14.26,8067513.0,2675914.161366,2675914.161366,2605160.43036,19.85,2026-01-09,10.795,2025-06-17,,245775100.932,4375725563.225153,7.22149,56.560088,285156439.441196,Medical Specialties,3000.0,1978.0,,
2185,NVRI,2026-05-05 19:38:20.384385,2026-05-05 19:38:20.384385,19.2,19.83,19.1,921852.0,820290.815179,820290.815179,845327.436306,19.985,2026-04-09,6.67,2025-05-06,,76993868.5584,1603661659.900313,6.1184,-9.18,82705603.914405,Environmental Services,12000.0,1853.0,2016-02-16 00:00:00,2016-01-13 00:00:00
2189,SANA,2026-05-05 19:38:20.384385,2026-05-05 19:38:20.384385,3.47,3.56,3.37,1669766.0,2752188.764218,2752188.764218,3448967.79495,6.55,2025-10-15,1.6,2025-05-15,,165975261.98,934034500.0,5.65346,-3.49,266867000.0,Biotechnology,142.0,2018.0,,
2193,GNW,2026-05-05 19:38:20.384385,2026-05-05 19:38:20.384385,8.875,8.98,8.85,3244962.0,2180732.930455,2180732.930455,2721825.40823,9.28,2025-12-23,6.625,2025-05-23,,376179673.955,3422565784.683764,0.39721,16.468622,385207178.9177,Multi-Line Insurance,3100.0,1871.0,2008-10-27 00:00:00,2008-10-08 00:00:00
2199,WW,2026-05-05 19:38:20.384385,2026-05-05 19:38:20.384385,10.94,11.93,10.4128,276552.0,406146.648881,406146.648881,418002.794927,46.949,2025-07-08,8.91,2026-04-21,,9852628.821948,118858004.52,0.342731,0.103231,9996468.0,Other Consumer Services,3500.0,1963.0,,
2202,CABA,2026-05-05 19:38:20.384385,2026-05-05 19:38:20.384385,3.8,4.16,3.68,9273139.0,5218330.85627,5218330.85627,3213727.13168,4.16,2026-05-05,1.11,2025-05-08,,97482626.85,462555375.0,3.43448,-1.81,111325000.0,Biotechnology,156.0,2017.0,,
2207,NCNO,2026-05-05 19:38:20.384385,2026-05-05 19:38:20.384385,18.04,18.285,17.61,2484157.0,2845692.597097,2845692.597097,3207328.64394,33.92,2025-08-27,13.8,2026-02-23,,109525010.03,2056475925.0,1.94064,397.130243,114535000.0,Packaged Software,1684.0,2011.0,,
2209,EHAB,2026-05-05 19:38:20.384385,2026-05-05 19:38:20.384385,13.74,13.75,13.74,402741.0,638454.864537,638454.864537,811275.78106,14.22,2026-03-31,6.47,2025-08-04,,44496558.301595,704095940.725,1.30513,-145.4,51225605.0,Medical/Nursing Services,10800.0,2014.0,,
2211,BCHT,2026-05-05 19:38:20.384385,2026-05-05 19:38:20.384385,1.59,1.66,1.56,218466.0,317066.6701,317066.6701,209805.006299,4.7995,2025-12-09,1.46,2026-04-20,,19719950.922,42878780.0,-18.4933,-10.34,26306000.0,Packaged Software,20.0,1983.0,,
2235,CNCK,2026-05-05 19:38:20.384385,2026-05-05 19:38:20.384385,1.77,1.784,1.66,46629.0,52782.351827,52782.351827,341299.11223,9.49,2025-05-12,1.395,2026-04-07,,13804894.23432,236513194.534092,2.5323,-0.04,135927123.295455,Investment Banks/Brokers,,2022.0,,
2237,LDI,2026-05-05 19:38:20.384385,2026-05-05 19:38:20.384385,1.52,1.54,1.481,1569603.0,1348459.524558,1348459.524558,1722534.79153,5.05,2025-09-17,1.02,2025-05-06,,59793462.368,342067695.540397,1.45921,-5.08,230814909.271523,Finance/Rental/Leasing,5660.0,2009.0,2022-04-18 00:00:00,2022-04-01 00:00:00
2239,GNK,2026-05-05 19:38:20.384385,2026-05-05 19:38:20.384385,24.35,25.66,24.3,651109.0,241991.108347,241991.108347,276977.180874,25.66,2026-05-05,12.66,2025-06-03,3.961635,31719892.228,1092041970.335688,1.15671,-221.42,43317809.216013,Marine Shipping,981.0,2004.0,2026-03-18 00:00:00,2026-03-11 00:00:00
2245,KPTI,2026-05-05 19:38:20.384385,2026-05-05 19:38:20.384385,9.31,9.49,9.215,201354.0,333264.936718,333264.936718,490986.45463,10.99,2026-02-24,3.6503,2025-08-11,,20802619.0905,211907173.634408,-0.5882,-0.57,22543316.344086,Pharmaceuticals: Major,228.0,2008.0,,
2246,CARE,2026-05-05 19:38:20.384385,2026-05-05 19:38:20.384385,25.58,26.195,25.58,158319.0,388364.277442,388364.277442,364319.875962,26.27,2026-05-04,15.37,2025-05-07,,21227861.76,579484000.0,1.11963,5.187384,22160000.0,Regional Banks,687.0,1974.0,2026-05-25 00:00:00,2026-05-11 00:00:00
2248,SBC,2026-05-05 19:38:20.384385,2026-05-05 19:38:20.384385,3.27,3.39,3.2,91688.0,182009.771107,182009.771107,157451.73781,5.75,2025-07-18,2.9737,2025-11-17,,11174321.53584,328246212.682928,1.35512,6.626263,102576941.463415,Miscellaneous Commercial Services,863.0,,,
2251,BFLY,2026-05-05 19:38:20.384385,2026-05-05 19:38:20.384385,4.89,5.02,4.81,5059901.0,6467983.834857,6467983.834857,5542522.69898,5.72,2026-04-22,1.32,2025-08-08,,193851412.348,1226057591.655,6.62496,-16.15,254632937.0,Medical Specialties,220.0,2011.0,,
2255,AAUC,2026-05-05 19:38:20.384385,2026-05-05 19:38:20.384385,28.795,29.495,28.395,144393.0,1372954.84972,1372954.84972,921859.557048,32.2,2026-04-22,11.199,2025-05-14,,103227159.57154,3654948110.908442,8.65736,-65.82,124742256.344998,Precious Metals,7834.0,,,
2256,HIMS,2026-05-05 19:38:20.384385,2026-05-05 19:38:20.384385,26.9,26.91,25.9,15492731.0,24811999.05448,24811999.05448,32483480.5987,70.43,2025-07-31,13.74,2026-02-24,,206318617.407,5995929313.114227,11.4562,53.230529,227938768.793546,Medical/Nursing Services,2442.0,2017.0,,
2258,DFLI,2026-05-05 19:38:20.384385,2026-05-05 19:38:20.384385,2.0,2.215,1.94,897133.0,353567.251913,353567.251913,419403.172177,26.1,2025-10-15,1.5,2025-07-01,,11955240.738027,25390956.47,2.09518,-0.06,12148783.0,Electrical Products,141.0,2020.0,,
2259,ATRC,2026-05-05 19:38:20.384385,2026-05-05 19:38:20.384385,28.73,29.548,28.02,1466400.0,856503.455315,856503.455315,793255.525235,43.18,2026-01-08,26.62,2026-04-29,,48499327.9448,1487650682.274497,2.91301,-119.42,50634808.790827,Medical Specialties,1350.0,1994.0,,
2260,TTAM,2026-05-05 19:38:20.384385,2026-05-05 19:38:20.384385,16.295,16.44,16.15,236480.0,195576.217413,195576.217413,191273.428091,19.42,2026-02-10,12.18,2025-07-01,1.24533,24537354.21971,3005108261.0,2.86332,15.87898,184362470.0,Construction Materials,2554.0,1902.0,2026-05-08 00:00:00,2026-04-20 00:00:00
2261,WIMI,2026-05-05 19:38:20.384385,2026-05-05 19:38:20.384385,1.66,1.69,1.57,301911.0,2187203.031011,2187203.031011,1130137.13753,5.65,2025-09-23,1.56,2026-03-27,,14325270.3696,29324199.41,0.097133,0.753712,18385078.0,Packaged Software,86.0,2015.0,,
2262,SKLZ,2026-05-05 19:38:20.384385,2026-05-05 19:38:20.384385,6.69,7.22,6.5903,533712.0,6208369.049931,6208369.049931,3073534.85083,20.0,2026-04-23,2.23,2026-03-30,,8457888.975,104991788.99,0.950487,-1.51,15600563.0,Data Processing Services,370.0,2012.0,,
2263,IART,2026-05-05 19:38:20.384385,2026-05-05 19:38:20.384385,12.23,13.92,12.205,3219893.0,1099180.777286,1099180.777286,800813.724028,16.49,2025-10-27,8.7,2026-03-20,,66572056.8095,1028861042.0,0.794946,-1.96,77826100.0,Medical Specialties,4427.0,1989.0,2015-07-01 00:00:00,2015-07-02 00:00:00
2264,HAFN,2026-05-05 19:38:20.384385,2026-05-05 19:38:20.384385,9.25,9.535,9.145,1509887.0,1784047.225222,1784047.225222,1762926.38018,9.535,2026-05-05,4.88,2025-05-07,5.861833,237714892.16893,4686003248.224195,1.92605,13.213081,495873359.600444,Marine Shipping,4876.0,2014.0,2026-03-18 00:00:00,2026-03-06 00:00:00
2266,MLYS,2026-05-05 19:38:20.384385,2026-05-05 19:38:20.384385,30.0,30.86,28.48,819457.0,987568.872685,987568.872685,1145928.12204,47.65,2025-11-12,12.59,2025-08-13,,61324544.78395,2416666654.5,3.73834,-12.31,82451950.0,Biotechnology,76.0,2019.0,,
2267,PUBM,2026-05-05 19:38:20.384385,2026-05-05 19:38:20.384385,10.22,10.425,10.05,573211.0,578580.700521,578580.700521,601868.899455,13.88,2025-07-10,6.15,2026-02-17,,38002791.1536,484953655.21,1.83021,-32.91,46675039.0,Internet Software/Services,1030.0,2006.0,,
2268,MSIF,2026-05-05 19:38:20.384385,2026-05-05 19:38:20.384385,13.325,13.34,12.95,170937.0,245488.168163,245488.168163,248305.369289,18.0946,2025-06-09,11.78,2025-11-10,10.606061,45792801.571194,613302819.35,0.832549,6.917514,46026478.0,Investment Trusts/Mutual Funds,,2011.0,2026-05-01 00:00:00,2026-03-31 00:00:00
2269,HYPR,2026-05-05 19:38:20.384385,2026-05-05 19:38:20.384385,1.82,1.8446,1.66,847631.0,901393.038359,901393.038359,677751.253835,2.22,2025-10-15,0.5327,2025-05-23,,78445905.1683,168469524.049723,4.29144,-4.07,98520189.502762,Medical Specialties,102.0,2014.0,,
2275,KMTS,2026-05-05 19:38:20.384385,2026-05-05 19:38:20.384385,20.59,21.265,19.77,192012.0,237177.5091,237177.5091,255428.140222,29.9999,2025-10-27,13.25,2025-07-16,,23878320.115824,1185562779.12,6.44364,-7.31,58373352.0,Medical Specialties,330.0,2014.0,,
2277,BOX,2026-05-05 19:38:20.384385,2026-05-05 19:38:20.384385,25.15,25.45,25.015,1192342.0,1975503.150462,1975503.150462,2179697.24014,38.8,2025-06-04,21.34,2026-04-13,,133049065.5,3491016750.0,-11.8745,43.214531,138450000.0,Information Technology Services,2912.0,2005.0,,
2283,UNCY,2026-05-05 19:38:20.384385,2026-05-05 19:38:20.384385,8.07,8.344,7.9,970388.0,479289.928008,479289.928008,529877.420528,11.0,2025-06-09,3.71,2025-09-25,,22396402.287,203795235.0,5.84401,-3.95,25237800.0,Biotechnology,21.0,2016.0,,
2284,OFRM,2026-05-05 19:38:20.384385,2026-05-05 19:38:20.384385,14.71,14.9899,14.29,279954.0,358025.307074,358025.307074,440395.59004,27.0,2026-02-20,14.16,2026-04-29,,20071406.306892,615656477.1,-4.9724,-32.68,41881393.0,Food: Specialty/Candy,153.0,2015.0,,
2285,TRIP,2026-05-05 19:38:20.384385,2026-05-05 19:38:20.384385,11.36,11.405,11.25,2560412.0,2454933.715197,2454933.715197,2967067.16801,20.16,2025-09-19,9.01,2026-03-19,,105994718.055,1295012632.201678,2.0108,36.186522,114755217.740512,Other Consumer Services,2590.0,2000.0,2019-12-04 00:00:00,2019-11-19 00:00:00
2286,SKBL,2026-05-05 19:38:20.384385,2026-05-05 19:38:20.384385,3.6,3.79,3.3501,392580.0,621248.566259,621248.566259,341416.666433,14.25,2025-05-12,0.4249,2025-08-21,,8956645.02,106996500.0,20.0394,1547.826087,30225000.0,Engineering & Construction,127.0,,,
2290,ASC,2026-05-05 19:38:20.384385,2026-05-05 19:38:20.384385,18.2,19.2,18.09,1225839.0,601315.659173,601315.659173,572619.356287,19.2,2026-05-05,9.18,2025-06-03,1.671159,34473912.727,777697758.416171,1.19112,20.986537,40802610.619946,Marine Shipping,997.0,2010.0,2026-03-13 00:00:00,2026-02-27 00:00:00
2292,TAC,2026-05-05 19:38:20.384385,2026-05-05 19:38:20.384385,12.64,12.73,12.435,894132.0,1304398.848681,1304398.848681,1150799.49341,17.8754,2025-10-29,8.335,2025-05-08,1.490825,295092212.8,3742648000.0,11.2311,-27.08,296800000.0,Electric Utilities,1350.0,1909.0,2026-07-01 00:00:00,2026-06-01 00:00:00
2294,PHR,2026-05-05 19:38:20.384385,2026-05-05 19:38:20.384385,9.68,9.71,9.425,922988.0,1290991.631039,1290991.631039,1698590.8687,32.76,2025-08-28,7.77,2026-03-31,,46128671.9436,586060099.5,1.73967,257.866667,60763100.0,Packaged Software,1789.0,2005.0,,
2295,NPT,2026-05-05 19:38:20.384385,2026-05-05 19:38:20.384385,1.65,1.7,1.58,50389.0,857302.771864,857302.771864,1347885.51028,22.3772,2026-03-05,1.25,2026-04-24,,3508047.495,35496000.0,-9.5222,-38.92,22185000.0,Wholesale Distributors,108.0,2022.0,,
2296,GRNT,2026-05-05 19:38:20.384385,2026-05-05 19:38:20.384385,5.995,6.14,5.965,760905.0,807802.057686,807802.057686,875316.203621,6.72,2025-06-25,4.18,2026-01-07,7.260726,64161848.426,803967842.435642,1.31307,32.881172,131906126.732673,Oil & Gas Production,6.0,2022.0,2026-03-13 00:00:00,2026-02-27 00:00:00
2300,AXG,2026-05-05 19:38:20.384385,2026-05-05 19:38:20.384385,3.64,3.71,3.6,159381.0,254377.141119,254377.141119,347133.363263,5.09,2025-08-12,1.34,2025-05-23,,46006734.6705,693907536.201099,14.368,-138.93,188203834.065934,Investment Banks/Brokers,33.0,2021.0,,
2302,RLMD,2026-05-05 19:38:20.384385,2026-05-05 19:38:20.384385,7.49,7.63,7.18,719337.0,1056944.708402,1056944.708402,1264302.03645,7.94,2026-04-10,0.3233,2025-05-07,,92039429.776,770928470.364374,6.28126,-5.04,104888227.260459,Pharmaceuticals: Major,17.0,2012.0,,
2303,VRDN,2026-05-05 19:38:20.384385,2026-05-05 19:38:20.384385,19.07,20.0,17.42,16131349.0,3041529.645713,3041529.645713,2719473.03074,34.29,2026-01-14,11.76,2025-05-07,,93724480.08,1925187601.441681,2.42612,-4.93,102458094.807966,Pharmaceuticals: Major,252.0,2006.0,,
2304,UIS,2026-05-05 19:38:20.384385,2026-05-05 19:38:20.384385,2.75,2.88,2.675,1039414.0,552079.616432,552079.616432,629191.470984,6.06,2025-05-14,1.97,2026-04-10,,62791610.688,206491872.0,-0.6872,-0.57,72326400.0,Information Technology Services,15000.0,1986.0,1990-08-07 00:00:00,1990-06-18 00:00:00
2309,PNNT,2026-05-05 19:38:20.384385,2026-05-05 19:38:20.384385,4.8499,4.87,4.761,298370.0,431277.7657,431277.7657,535024.411118,7.53,2025-08-13,4.29,2026-03-30,19.087137,63167904.2127,317665526.5,0.688329,12.295918,65296100.0,Investment Trusts/Mutual Funds,,2007.0,2026-05-01 00:00:00,2026-04-15 00:00:00
2310,RDCM,2026-05-05 19:38:20.384385,2026-05-05 19:38:20.384385,15.81,16.0599,15.7,101751.0,348994.20965,348994.20965,188463.083368,16.49,2026-04-23,10.41,2026-03-13,,12864180.1512,267144864.0,2.31212,22.32519,16738400.0,Packaged Software,325.0,1985.0,,
2311,VITL,2026-05-05 19:38:20.384385,2026-05-05 19:38:20.384385,13.0,13.04,12.06,3678799.0,3040243.779001,3040243.779001,2662564.34481,53.125,2025-08-27,11.8,2026-04-29,,36690079.2188,573403222.646157,1.65792,9.025897,44797126.769231,Agricultural Commodities/Milling,739.0,2007.0,,
2315,SSSS,2026-05-05 19:38:20.384385,2026-05-05 19:38:20.384385,13.85,13.9899,13.26,354616.0,244661.879534,244661.879534,377122.700683,14.0,2026-05-04,4.87,2025-05-05,3.623188,23286823.968,338722988.221736,1.70573,8.139672,25401048.985507,Investment Trusts/Mutual Funds,9.0,2010.0,2025-12-05 00:00:00,2025-11-21 00:00:00
2317,CRDF,2026-05-05 19:38:20.384385,2026-05-05 19:38:20.384385,1.67,1.71,1.6,825798.0,568705.639913,568705.639913,731071.14461,4.555,2025-07-18,1.48,2026-02-05,,62379917.71,109384000.0,2.48311,-2.4,68365000.0,Medical Specialties,31.0,1999.0,,
2322,MUX,2026-05-05 19:38:20.384385,2026-05-05 19:38:20.384385,20.85,21.25,20.345,837662.0,809228.394089,809228.394089,909373.22352,29.7,2026-01-29,6.88,2025-05-14,,50871263.9424,1257367267.2,1.98138,38.842346,59452800.0,Precious Metals,,1979.0,2018-09-04 00:00:00,2018-08-24 00:00:00
2324,VGZ,2026-05-05 19:38:20.384385,2026-05-05 19:38:20.384385,2.14,2.16,2.095,717959.0,1137112.745526,1137112.745526,1150963.6762,3.13,2026-01-28,0.91,2025-06-04,,140945948.325,306539808.0,5.74445,-34.03,145971337.142857,Precious Metals,13.0,1983.0,,
2325,TAOX,2026-05-05 19:38:20.384385,2026-05-05 19:38:20.384385,5.5,5.83,5.3544,129839.0,137997.047071,137997.047071,195598.396758,11.9799,2025-07-18,2.12,2025-05-29,,7293791.71687,42216411.431228,1.90353,-0.41,7471931.226766,Packaged Software,5.0,2012.0,,
2327,FTK,2026-05-05 19:38:20.384385,2026-05-05 19:38:20.384385,16.77,17.31,16.59,261656.0,188525.793712,188525.793712,199307.181783,20.41,2026-03-13,7.01,2025-05-06,,20184825.3084,612793293.14714,4.4373,19.720479,36174338.438438,Oilfield Services/Equipment,160.0,1985.0,,
2328,CGEN,2026-05-05 19:38:20.384385,2026-05-05 19:38:20.384385,2.68,2.83,2.68,452241.0,615203.01303,615203.01303,579388.957525,3.235,2026-04-24,1.23,2025-05-07,,92485132.4096,256711938.0,2.42984,7.008229,94553200.0,Biotechnology,75.0,1993.0,,
2333,STAA,2026-05-05 19:38:20.384385,2026-05-05 19:38:20.384385,27.3,28.025,27.074,855111.0,770620.628584,770620.628584,1168751.11383,30.81,2025-08-13,15.585,2026-02-17,,49117093.527,1359620125.5654,3.91712,-16.84,49512750.384756,Medical Specialties,957.0,1982.0,,
2336,XPER,2026-05-05 19:38:20.384385,2026-05-05 19:38:20.384385,6.98,7.0,6.76,194244.0,270849.351218,270849.351218,286461.819902,8.5,2025-05-12,5.065,2026-02-12,,42205890.730725,325735583.805,0.789874,-5.66,46969803.0,Packaged Software,1460.0,2019.0,,
2345,DNA,2026-05-05 19:38:20.384385,2026-05-05 19:38:20.384385,10.13,10.21,9.51,1414424.0,1208578.761089,1208578.761089,1138102.72022,17.58,2025-10-08,5.37,2026-03-30,,43580999.9646,593946353.299695,1.07573,-1.71,61358094.349142,Medical/Nursing Services,485.0,2008.0,,
2347,IOVA,2026-05-05 19:38:20.384385,2026-05-05 19:38:20.384385,3.82,4.0,3.8,18350287.0,13961618.751501,13961618.751501,15316227.407,5.63,2026-03-09,1.6385,2025-05-19,,383039777.736,1779312062.964936,2.27026,-3.43,446502399.74026,Biotechnology,975.0,2007.0,,
2349,BCAR,2026-05-05 19:38:20.384385,2026-05-05 19:38:20.384385,10.248,10.55,10.24,2601051.0,432261.895659,432261.895659,401158.407089,10.65,2026-01-14,9.88,2025-08-20,,27999996.8,430746000.0,1.47843,94.639556,41200000.0,Financial Conglomerates,2.0,,,
2350,FMC,2026-05-05 19:38:20.384385,2026-05-05 19:38:20.384385,14.795,15.15,14.5,1961661.0,3327148.814626,3327148.814626,2722114.8172,44.78,2025-06-10,12.17,2025-11-20,9.065934,123610733.85,1859423714.150409,0.999209,-0.74,125045306.936813,Chemicals: Agricultural,5500.0,1883.0,2026-07-16 00:00:00,2026-06-30 00:00:00
2353,SDGR,2026-05-05 19:38:20.384385,2026-05-05 19:38:20.384385,12.8,13.02,12.54,1530809.0,1452408.9155,1452408.9155,1511753.43147,27.63,2025-06-11,10.945,2026-03-27,,62233206.5095,948652467.263564,2.61079,-9.14,73825094.728682,Packaged Software,850.0,1990.0,,
2354,XFOR,2026-05-05 19:38:20.384385,2026-05-05 19:38:20.384385,4.23,4.33,4.11,278081.0,390143.344297,390143.344297,392630.284748,4.83,2025-08-27,1.35,2025-08-11,,70770985.283,381862740.0,2.05442,-0.97,90919700.0,Biotechnology,45.0,2010.0,,
2357,SMPL,2026-05-05 19:38:20.384385,2026-05-05 19:38:20.384385,12.83,12.955,12.58,2042015.0,2763295.277346,2763295.277346,4159204.54043,36.99,2025-05-06,10.21,2026-04-09,,82061578.452,1155997251.003083,0.78713,-10.86,90489021.604938,Food: Major Diversified,328.0,2017.0,,
2359,TECX,2026-05-05 19:38:20.384385,2026-05-05 19:38:20.384385,29.96,29.96,28.74,93408.0,227852.958056,227852.958056,204525.333261,36.03,2026-03-06,14.385,2025-09-25,,8812571.8908,551469515.624626,2.2106,-7.34,18776626.340641,Miscellaneous Commercial Services,60.0,2015.0,,
2361,ARKO,2026-05-05 19:38:20.384385,2026-05-05 19:38:20.384385,6.63,6.8,6.55,947899.0,799157.673544,799157.673544,961061.856229,7.075,2026-04-20,3.71,2025-10-09,1.812689,72203753.896,735366120.0,2.74622,44.790257,112184000.0,Food Retail,9748.0,2003.0,2026-03-20 00:00:00,2026-03-10 00:00:00
2365,VIVO,2026-05-05 19:38:20.384385,2026-05-05 19:38:20.384385,3.01,3.35,2.9232,1155314.0,1743413.979803,1743413.979803,1022126.82559,8.88,2025-05-29,1.2,2026-02-05,,9168439.8218,55491762.053263,1.81328,-0.45,16790245.704467,Electric Utilities,41.0,2016.0,,
2373,AISP,2026-05-05 19:38:20.384385,2026-05-05 19:38:20.384385,2.51,2.519,2.35,389397.0,493254.247994,493254.247994,496430.751362,7.2,2025-10-06,2.03,2026-04-09,,24540169.6788,82837002.0,-12.0175,3.298153,34372200.0,Packaged Software,63.0,2003.0,,
2374,PSFE,2026-05-05 19:38:20.384385,2026-05-05 19:38:20.384385,9.08,9.23,8.82,234879.0,240550.309754,240550.309754,340436.937964,16.485,2025-05-12,5.95,2026-02-24,,22256674.3308,467682712.5,0.717117,-2.89,51252900.0,Miscellaneous Commercial Services,2900.0,1996.0,,
2379,TASK,2026-05-05 19:38:20.384385,2026-05-05 19:38:20.384385,6.52,6.605,6.32,854493.0,347278.367583,347278.367583,484299.003327,18.39,2025-09-08,6.2,2026-03-27,,17674844.5668,584984652.66,0.966813,5.830453,91546894.0,Miscellaneous Commercial Services,65500.0,2008.0,2026-03-25 00:00:00,2026-03-26 00:00:00
2381,SNDX,2026-05-05 19:38:20.384385,2026-05-05 19:38:20.384385,20.02,20.15,19.445,1586723.0,2136583.405601,2136583.405601,1630056.02865,25.59,2026-03-25,8.58,2025-05-15,,85191071.76,1782833591.110225,42.4618,-7.14,88610019.438878,Biotechnology,298.0,2005.0,,
2387,IMUX,2026-05-05 19:38:20.384385,2026-05-05 19:38:20.384385,10.62,11.29,10.15,274365.0,361567.675822,361567.675822,329322.909353,15.1,2026-03-12,5.062,2025-12-30,,13438481.526,153650520.0,-20.3493,-1.51,13621500.0,Pharmaceuticals: Major,92.0,2003.0,,
2388,HCSG,2026-05-05 19:38:20.384385,2026-05-05 19:38:20.384385,21.3,21.92,21.27,550133.0,1025992.993485,1025992.993485,816244.806503,24.39,2026-04-22,12.66,2025-07-18,,67829145.8624,1490287558.361445,2.83229,22.239781,68645212.269067,Miscellaneous Commercial Services,36000.0,1976.0,2022-12-22 00:00:00,2022-11-17 00:00:00
2389,BOOM,2026-05-05 19:38:20.384385,2026-05-05 19:38:20.384385,7.74,8.14,7.53,424678.0,532961.891635,532961.891635,390028.033154,9.2,2026-01-23,4.69,2026-03-13,,18071780.7072,156177003.978095,0.675555,-6.02,20468807.860825,Oilfield Services/Equipment,1500.0,1965.0,2020-04-15 00:00:00,2020-03-30 00:00:00
2390,MGNI,2026-05-05 19:38:20.384385,2026-05-05 19:38:20.384385,13.58,13.695,13.33,1776342.0,2113954.953283,2113954.953283,2036237.77487,26.65,2025-08-28,10.82,2026-02-12,,139345187.485,1946291850.0,2.1049,14.440664,143215000.0,Packaged Software,971.0,2007.0,,
2393,ORGO,2026-05-05 19:38:20.384385,2026-05-05 19:38:20.384385,2.56,2.645,2.54,1340431.0,1310145.83534,1310145.83534,2445510.97309,7.0771,2025-11-11,2.21,2026-04-02,,55826977.975,330607370.0,1.08286,16.655823,128641000.0,Medical Specialties,854.0,1985.0,,
2394,MOBX,2026-05-05 19:38:20.384385,2026-05-05 19:38:20.384385,2.38,2.44,2.3,279214.0,566068.30131,566068.30131,880015.976625,14.4,2025-09-02,1.305,2026-02-17,,8838034.08971,29317997.88,3.42778,-0.36,12449256.0,Semiconductors,46.0,2020.0,,
2396,SVM,2026-05-05 19:38:20.384385,2026-05-05 19:38:20.384385,12.27,12.505,12.0,2244652.0,3374796.299366,3374796.299366,3381613.33621,14.0,2026-01-26,3.5,2025-05-05,0.201972,211257319.455,2654400941.641739,3.7811,-159.5,220556787.838948,Precious Metals,1190.0,1991.0,2025-12-12 00:00:00,2025-11-28 00:00:00
2397,RPD,2026-05-05 19:38:20.384385,2026-05-05 19:38:20.384385,6.54,6.855,6.501,2837394.0,1991293.335732,1991293.335732,2179353.50827,27.1,2025-05-12,4.97,2026-04-09,,64695183.9468,446038296.0,2.76189,18.042813,66772200.0,Information Technology Services,2613.0,2000.0,,
2400,PRTA,2026-05-05 19:38:20.384385,2026-05-05 19:38:20.384385,10.89,11.25,10.89,306797.0,399964.065006,399964.065006,398474.257497,11.69,2025-10-28,4.32,2025-05-28,,43327705.382,602391270.0,2.07099,-2.47,53833000.0,Biotechnology,67.0,2012.0,,
2404,AMTB,2026-05-05 19:38:20.384385,2026-05-05 19:38:20.384385,22.77,23.165,22.77,135727.0,295050.767555,295050.767555,285302.096231,24.38,2026-04-09,15.62,2025-10-28,1.590809,34632656.9028,904374174.25453,0.985598,16.046231,39354837.870084,Major Banks,694.0,1979.0,2026-05-29 00:00:00,2026-05-15 00:00:00
2406,PTEN,2026-05-05 19:38:20.384385,2026-05-05 19:38:20.384385,12.11,12.615,12.0,7043893.0,9875665.07063,9875665.07063,10775472.9229,12.615,2026-05-05,5.1,2025-09-30,2.766477,342517553.242,4709161290.0,1.47666,-39.84,379618000.0,Contract Drilling,7900.0,1978.0,2026-06-15 00:00:00,2026-06-01 00:00:00
2407,UTZ,2026-05-05 19:38:20.384385,2026-05-05 19:38:20.384385,7.65,7.8,7.51,1166669.0,1540833.470859,1540833.470859,1693137.99808,14.67,2025-07-23,7.115,2026-03-25,3.224967,71818904.5743,1106384464.287385,0.942903,845.054945,143779657.477243,Food: Specialty/Candy,3300.0,1921.0,2026-04-23 00:00:00,2026-04-13 00:00:00
2409,MASS,2026-05-05 19:38:20.384385,2026-05-05 19:38:20.384385,6.62,7.1199,6.58,449176.0,224305.875224,224305.875224,245197.075999,9.34,2025-10-20,4.2,2025-05-14,,27855725.52,264272862.0,1.6556,-6.29,37380000.0,Medical Specialties,172.0,2012.0,,
2410,CGBD,2026-05-05 19:38:20.384385,2026-05-05 19:38:20.384385,12.04,12.125,11.81,649531.0,700901.702677,700901.702677,792827.46617,14.57,2025-05-05,10.61,2026-03-09,13.289037,69678216.2544,847822685.292358,0.739558,11.879625,70125945.847176,Investment Trusts/Mutual Funds,2500.0,2012.0,2026-04-16 00:00:00,2026-03-31 00:00:00
2411,PD,2026-05-05 19:38:20.384385,2026-05-05 19:38:20.384385,7.3825,7.43,7.155,1362858.0,2277361.105866,2277361.105866,2563170.74962,18.0,2025-07-25,5.7,2026-04-10,,78732062.0985,612702195.0,2.48645,3.968976,84979500.0,Packaged Software,1155.0,2009.0,,
2412,MYE,2026-05-05 19:38:20.384385,2026-05-05 19:38:20.384385,20.09,20.5,19.9,103748.0,203393.261747,203393.261747,180295.249675,24.03,2026-03-05,11.39,2025-05-07,2.724521,36617470.9776,759659486.94097,2.51815,21.31412,37403224.369324,Miscellaneous Manufacturing,2200.0,1933.0,2026-04-03 00:00:00,2026-03-13 00:00:00
2413,ASTL,2026-05-05 19:38:20.384385,2026-05-05 19:38:20.384385,4.76,4.94,4.715,629692.0,742987.183547,742987.183547,937064.835997,7.245,2025-07-02,3.02,2025-10-02,4.237533,97050753.2088,509453599.0,1.38244,-0.71,104933800.0,Metal Fabrication,2400.0,1901.0,2025-05-30 00:00:00,2025-05-13 00:00:00
2416,NKLR,2026-05-05 19:38:20.384385,2026-05-05 19:38:20.384385,6.11,6.38,5.87,311191.0,804448.803988,804448.803988,658951.73592,21.905,2025-10-14,3.73,2025-11-17,,21738512.52157,669635516.484454,-101.5456,61.654894,110500910.310966,Electrical Products,4.0,2025.0,,
2424,DPRO,2026-05-05 19:38:20.384385,2026-05-05 19:38:20.384385,5.15,5.2079,5.0,880593.0,1394275.194093,1394275.194093,1568092.23777,14.4,2025-10-10,1.63,2025-05-22,,36352252.1376,186663975.544814,2.12788,-3.94,36527724.07045,Motor Vehicles,90.0,1998.0,,
2428,TIPT,2026-05-05 19:38:20.384385,2026-05-05 19:38:20.384385,17.08,17.31,17.02,363784.0,346475.63053,346475.63053,259155.769297,27.41,2025-09-25,15.49,2026-03-20,1.4068,23096970.377,640945906.0,1.27091,50.819184,37570100.0,Specialty Insurance,1486.0,2007.0,2026-05-26 00:00:00,2026-05-18 00:00:00
2437,XNDU,2026-05-05 19:38:20.384385,2026-05-05 19:38:20.384385,14.075,14.6643,13.12,8901069.0,7933853.320209,7933853.320209,5920679.55412,42.44,2026-04-16,6.9716,2026-04-02,,20679308.08,584339918.19156,1.93933,116.973244,43284438.38456,Computer Processing Hardware,3.0,,,
2439,ALTO,2026-05-05 19:38:20.384385,2026-05-05 19:38:20.384385,5.54,5.99,5.48,2730816.0,1571597.048223,1571597.048223,1359247.56699,5.99,2026-05-05,0.8014,2025-05-13,,67414141.9644,462988041.04,1.72433,34.273183,77293496.0,Chemicals: Specialty,390.0,2003.0,,
2442,ISSC,2026-05-05 19:38:20.384385,2026-05-05 19:38:20.384385,20.42,21.1999,20.42,312192.0,401640.326661,401640.326661,469639.014554,30.94,2026-03-10,6.65,2025-05-06,,16291660.7757,367300554.082135,5.22452,19.150952,17778342.40475,Aerospace & Defense,147.0,1988.0,2020-12-30 00:00:00,2020-12-18 00:00:00
2444,FOXF,2026-05-05 19:38:20.384385,2026-05-05 19:38:20.384385,16.79,17.78,16.64,537973.0,358299.461881,358299.461881,425403.870952,31.18,2025-07-30,13.08,2025-11-17,,41574160.1352,740949042.0,1.05038,-1.29,41932600.0,Auto Parts: OEM,3700.0,2007.0,,
2445,GIG,2026-05-05 19:38:20.384385,2026-05-05 19:38:20.384385,10.53,10.62,8.175,53671.0,268839.208949,268839.208949,152014.282019,12.5,2025-10-15,8.175,2026-05-05,,20000000.0,280996665.092456,1.71439,93.292683,33333333.146592,Financial Conglomerates,2.0,,,
2446,MATV,2026-05-05 19:38:20.384385,2026-05-05 19:38:20.384385,8.9,9.28,8.88,238121.0,331036.215913,331036.215913,372533.944634,15.48,2026-02-12,4.87,2025-05-08,4.540295,53663978.956,501501746.0,0.965993,-1.46,54868900.0,Industrial Specialties,5000.0,1995.0,2026-03-27 00:00:00,2026-03-13 00:00:00
2449,IPWR,2026-05-05 19:38:20.384385,2026-05-05 19:38:20.384385,4.39,5.25,4.13,578259.0,611284.411352,611284.411352,316826.608009,6.9,2025-09-19,2.615,2026-02-24,,10161853.9746,59184866.64,4.73631,-4.2,12089400.0,Semiconductors,17.0,2007.0,,
2451,BLZE,2026-05-05 19:38:20.384385,2026-05-05 19:38:20.384385,7.46,8.4199,7.13,37172891.0,899786.821161,899786.821161,700264.782796,10.8579,2025-10-28,3.2607,2026-03-30,,56659815.9,456152990.0,3.22314,-10.1,60100000.0,Computer Peripherals,320.0,2007.0,,
2452,MAX,2026-05-05 19:38:20.384385,2026-05-05 19:38:20.384385,8.93,9.49,8.93,509918.0,828859.761075,828859.761075,607136.291532,13.92,2025-12-03,7.09,2026-02-17,,29124712.7572,589211526.614174,253.132,13.973593,62350426.096738,Information Technology Services,147.0,2011.0,,
2463,TWFG,2026-05-05 19:38:20.384385,2026-05-05 19:38:20.384385,18.74,19.59,18.74,230368.0,219492.803951,219492.803951,256072.163128,36.85,2025-06-02,16.56,2026-02-19,,12695374.66518,1059043970.962018,3.35965,35.090361,55377743.723176,Insurance Brokers/Services,400.0,2001.0,,
2465,COYA,2026-05-05 19:38:20.384385,2026-05-05 19:38:20.384385,4.31,4.31,4.15,159431.0,132080.819402,132080.819402,154619.502393,7.75,2025-10-14,3.7101,2026-03-30,,19993566.582112,99927609.000002,2.07261,-3.55,23457185.211268,Biotechnology,8.0,2020.0,,
2466,INDO,2026-05-05 19:38:20.384385,2026-05-05 19:38:20.384385,3.3,3.35,3.16,734375.0,730980.948682,730980.948682,871708.091537,8.5,2026-03-02,2.25,2025-05-19,,9776803.4936,49422530.636993,2.63788,-10.17,15386840.17341,Integrated Oil,81.0,2014.0,,
2467,ABCL,2026-05-05 19:38:20.384385,2026-05-05 19:38:20.384385,5.05,5.16,4.57,13351765.0,8638760.752639,8638760.752639,5834960.43521,6.515,2025-10-08,1.94,2025-05-22,,233971915.32,1414243741.647058,1.42699,-9.36,303160501.960784,Biotechnology,562.0,2012.0,,
2468,OIS,2026-05-05 19:38:20.384385,2026-05-05 19:38:20.384385,11.21,11.21,9.52,1644757.0,657081.784667,657081.784667,715803.75514,14.5,2026-02-25,4.095,2025-05-06,,55501145.4102,578520164.661606,1.16566,-5.88,60199809.017857,Oilfield Services/Equipment,2172.0,1995.0,2014-05-30 00:00:00,2014-06-02 00:00:00
2474,LEG,2026-05-05 19:38:20.384385,2026-05-05 19:38:20.384385,10.755,10.825,10.565,2910147.0,2839624.735315,2839624.735315,3971544.28627,13.0,2026-02-04,7.86,2025-08-04,1.901141,132874663.599,1475880460.0,1.39464,6.189692,136403000.0,Home Furnishings,15900.0,1883.0,2026-04-15 00:00:00,2026-03-13 00:00:00
2475,SONO,2026-05-05 19:38:20.384385,2026-05-05 19:38:20.384385,14.9,15.03,12.83,4591346.0,1376086.193806,1376086.193806,1189212.16873,19.82,2025-12-09,8.73,2025-05-07,,118649420.292,1691013270.0,4.15471,87.419165,120873000.0,Electronics/Appliances,1404.0,2002.0,,
2476,LAES,2026-05-05 19:38:20.384385,2026-05-05 19:38:20.384385,2.98,3.0,2.78,9928916.0,9644687.704007,9644687.704007,15013131.8135,8.71,2025-10-15,1.99,2026-04-13,,215193891.876,677002632.868686,1.01472,-10.3,230273004.377104,Semiconductors,185.0,2022.0,,
2478,CRON,2026-05-05 19:38:20.384385,2026-05-05 19:38:20.384385,2.65,2.7,2.62,1073534.0,2973290.70105,2973290.70105,1920504.60526,3.43,2025-12-15,1.81,2025-05-05,,193168180.11,1007284584.090565,0.924421,-107.72,381547190.943396,Pharmaceuticals: Other,610.0,2012.0,,
2486,DMAA,2026-05-05 19:38:20.384385,2026-05-05 19:38:20.384385,10.56,10.6,10.56,1664.0,107368.124889,107368.124889,267778.016899,10.6,2026-05-05,10.07,2025-05-06,,29100997.249248,356727383.52,1.53192,59.988649,33717144.0,Financial Conglomerates,2.0,,,
2489,BNC,2026-05-05 19:38:20.384385,2026-05-05 19:38:20.384385,3.09,3.22,2.982,179548.0,236232.402348,236232.402348,272563.715313,82.88,2025-07-28,2.3899,2026-04-07,,37753580.1834,137738537.459871,0.36985,-0.85,42895838.511327,Trucks/Construction/Farm Machinery,164.0,2009.0,,
2491,TGB,2026-05-05 19:38:20.384385,2026-05-05 19:38:20.384385,7.04,7.135,6.83,3618783.0,4462819.722864,4462819.722864,4355196.7848,9.25,2026-02-04,1.89,2025-05-08,,359306086.568,2508490557.144524,4.35438,-99.56,366738385.547445,Other Metals/Minerals,,1966.0,,
2499,SEM,2026-05-05 19:38:20.384385,2026-05-05 19:38:20.384385,16.44,16.4575,16.44,630435.0,1527045.996522,1527045.996522,1588762.67371,16.99,2025-11-25,11.65,2025-08-06,1.520681,106477151.673,2038839480.0,1.16105,15.4613,124017000.0,Hospital/Nursing Management,45300.0,1996.0,2026-05-28 00:00:00,2026-05-14 00:00:00
2501,PEW,2026-05-05 19:38:20.384385,2026-05-05 19:38:20.384385,2.945,3.0,2.845,193200.0,126953.479379,126953.479379,182884.838235,21.4,2025-07-16,2.55,2026-02-26,,16702902.769786,85873224.09,0.827579,-0.14,29509699.0,Specialty Stores,50.0,,,
2503,HTFL,2026-05-05 19:38:20.384385,2026-05-05 19:38:20.384385,29.1,30.1,28.19,1227008.0,1186411.817155,1186411.817155,1120550.35597,41.2231,2025-10-24,19.0,2025-08-07,,60851726.97175,2571017685.187557,8.21186,-20.62,85757761.34715,Packaged Software,843.0,2007.0,,
2504,MCHB,2026-05-05 19:38:20.384385,2026-05-05 19:38:20.384385,14.47,14.94,14.44,459971.0,510660.837273,510660.837273,499173.556457,16.02,2026-02-09,11.55,2025-05-06,4.230236,35426447.146,3438879795.210824,1.19554,11.871244,231418559.570042,Regional Banks,1921.0,1921.0,2026-03-19 00:00:00,2026-03-09 00:00:00
2505,RSI,2026-05-05 19:38:20.384385,2026-05-05 19:38:20.384385,27.6,29.24,27.6,2242532.0,2034338.38883,2034338.38883,1608584.92532,29.24,2026-05-05,11.34,2025-05-05,,100012130.4,6792208942.875319,17.9944,86.772983,232849123.855856,Casinos/Gaming,912.0,2012.0,,
2506,NSP,2026-05-05 19:38:20.384385,2026-05-05 19:38:20.384385,29.54,30.135,27.88,701292.0,974697.080591,974697.080591,985589.304176,72.23,2025-05-19,18.57,2026-03-11,8.121827,35890994.9596,1091066582.0,16.3315,-42.99,38169200.0,Miscellaneous Commercial Services,4200.0,1986.0,2026-03-20 00:00:00,2026-03-06 00:00:00
2510,ARCT,2026-05-05 19:38:20.384385,2026-05-05 19:38:20.384385,8.68,8.83,8.22,443329.0,291542.357187,291542.357187,344510.668867,24.17,2025-10-21,5.85,2025-11-20,,26027487.4396,238754040.0,1.13797,-3.59,28423100.0,Pharmaceuticals: Major,111.0,2013.0,,
2513,TTI,2026-05-05 19:38:20.384385,2026-05-05 19:38:20.384385,9.5,9.79,9.3683,1206554.0,1663310.226713,1663310.226713,1863382.53829,12.5413,2026-02-04,2.63,2025-05-23,,126959264.7,1316667750.0,4.39066,176.325758,135390000.0,Chemicals: Specialty,1400.0,1981.0,,
2515,MRVI,2026-05-05 19:38:20.384385,2026-05-05 19:38:20.384385,3.82,3.935,3.775,1130380.0,1332018.31003,1332018.31003,1751104.49966,4.105,2026-01-13,1.95,2025-05-16,,104642912.231,989708569.656992,2.59337,-4.25,257067160.949868,Biotechnology,435.0,2014.0,,
2516,SIDU,2026-05-05 19:38:20.384385,2026-05-05 19:38:20.384385,3.11,3.18,2.91,9564386.0,17900103.932669,17900103.932669,29816327.6193,5.99,2026-04-16,0.6278,2025-12-01,,78291210.191624,232747890.24,3.99245,-2.55,78631044.0,Telecommunications Equipment,99.0,2012.0,,
2518,UPB,2026-05-05 19:38:20.384385,2026-05-05 19:38:20.384385,9.31,9.5,8.88,251700.0,461467.198818,461467.198818,549162.981287,33.68,2026-01-14,7.25,2026-03-03,,28981309.656863,495766081.57,1.48616,-3.42,54419987.0,Biotechnology,75.0,2021.0,,
2520,GBDC,2026-05-05 19:38:20.384385,2026-05-05 19:38:20.384385,12.96,13.43,12.96,2372326.0,1683552.798388,1683552.798388,1944194.78272,15.63,2025-07-18,11.77,2026-03-02,10.964912,260085320.908,3529889971.828941,0.921709,11.007403,263228185.818713,Investment Managers,,2007.0,2026-03-30 00:00:00,2026-03-13 00:00:00
2521,SG,2026-05-05 19:38:20.384385,2026-05-05 19:38:20.384385,6.86,6.94,6.61,2581344.0,3366920.594158,3366920.594158,3863250.78729,20.72,2025-05-05,4.49,2026-03-30,,99186310.22682,809594593.168651,2.23842,-5.93,118795978.454681,Restaurants,6486.0,2006.0,,
2523,BIOA,2026-05-05 19:38:20.384385,2026-05-05 19:38:20.384385,16.81,16.995,16.18,233678.0,401216.653941,401216.653941,389836.380094,24.0,2026-01-15,3.67,2025-05-15,,32943001.880736,739667646.717215,2.28402,-7.41,44397817.930205,Biotechnology,62.0,2015.0,,
2528,HUN,2026-05-05 19:38:20.384385,2026-05-05 19:38:20.384385,14.57,14.995,14.42,4849557.0,5683330.553693,5683330.553693,5336410.5605,15.895,2026-05-01,7.295,2025-11-06,4.746835,164821747.436,2628483146.039375,0.919447,-7.61,175349109.142053,Chemicals: Major Diversified,6000.0,1970.0,2026-06-30 00:00:00,2026-06-15 00:00:00
2529,DIN,2026-05-05 19:38:20.384385,2026-05-05 19:38:20.384385,27.1325,28.57,26.78,355588.0,291559.719479,291559.719479,328538.341996,39.68,2026-01-15,19.52,2025-05-07,5.247376,12262138.9419,366109875.279234,-1.2981,23.844848,12980318.215892,Restaurants,,1958.0,2026-04-10 00:00:00,2026-03-18 00:00:00
2531,ARVN,2026-05-05 19:38:20.384385,2026-05-05 19:38:20.384385,10.82,11.0,10.28,722403.0,821177.984263,821177.984263,775436.412953,14.51,2026-03-10,5.9,2025-05-15,,53382298.327,678306405.0,1.57762,-8.72,63961000.0,Biotechnology,246.0,2013.0,,
2533,ARQT,2026-05-05 19:38:20.384385,2026-05-05 19:38:20.384385,23.72,24.015,23.15,850225.0,1048530.063623,1048530.063623,1031416.22085,31.77,2025-12-08,12.42,2025-05-07,,110266858.26,2930466215.083025,15.2898,-167.41,125073248.616433,Pharmaceuticals: Major,354.0,2016.0,,
2534,SHEN,2026-05-05 19:38:20.384385,2026-05-05 19:38:20.384385,15.76,16.24,15.4,374689.0,495319.417359,495319.417359,365504.541678,17.345,2026-04-22,9.665,2025-11-19,0.699968,49297378.878,889024540.0,1.00244,-18.84,55322000.0,Major Telecommunications,1041.0,1902.0,2025-12-01 00:00:00,2025-11-07 00:00:00
2540,BHAV,2026-05-05 19:38:20.384385,2026-05-05 19:38:20.384385,9.88,9.89,9.88,19217.0,88397.7,88397.7,229675.5385,9.89,2026-05-05,9.85,2026-04-16,,10700000.0,138789663.37,,,14033333.0,Financial Conglomerates,2.0,2025.0,,
2547,TLS,2026-05-05 19:38:20.384385,2026-05-05 19:38:20.384385,4.42,4.49,4.32,339508.0,458415.27018,458415.27018,456537.020813,8.36,2025-11-10,1.83,2025-05-09,,55271876.1822,349159290.538902,3.31442,-8.73,78374700.457666,Information Technology Services,525.0,1971.0,,
2548,HSLV,2026-05-05 19:38:20.384385,2026-05-05 19:38:20.384385,5.729,5.745,5.42,75786.0,221731.178796,221731.178796,237472.551243,8.55,2026-03-02,1.51,2025-05-06,,137652946.032,1103002999.15942,8.48395,-56.73,203506088.405797,Precious Metals,51.0,2016.0,,
2549,EDSA,2026-05-05 19:38:20.384385,2026-05-05 19:38:20.384385,16.09,16.5,15.45,297427.0,1836442.258481,1836442.258481,1000829.34545,20.32,2026-05-01,0.72,2026-02-20,,7562671.83488,137391002.64,28.8312,-14.05,8885720.0,Pharmaceuticals: Major,17.0,2007.0,,
2551,VSTS,2026-05-05 19:38:20.384385,2026-05-05 19:38:20.384385,9.115,9.38,9.0424,866878.0,1029700.854084,1029700.854084,1090324.28865,10.38,2026-04-21,3.98,2025-09-10,0.392377,129556969.61568,1221847232.360985,1.36184,-25.75,131948945.179372,Apparel/Footwear,18150.0,,2025-03-18 00:00:00,2025-02-21 00:00:00
2557,PTON,2026-05-05 19:38:20.384385,2026-05-05 19:38:20.384385,5.18,5.27,5.065,10529981.0,11010775.214668,11010775.214668,11935846.2584,9.2,2025-10-03,3.65,2026-03-13,,398629493.636,2204033471.486381,-6.6854,-40.25,425489087.159533,Other Consumer Services,2656.0,2012.0,,
2563,NPWR,2026-05-05 19:38:20.384385,2026-05-05 19:38:20.384385,2.015,2.065,1.97,806406.0,647533.787699,647533.787699,592353.440569,5.2,2025-10-15,1.455,2026-04-07,,80746948.5735,454442014.431819,0.815483,-0.27,224415809.59596,Electrical Products,54.0,2010.0,,
2565,FSLY,2026-05-05 19:38:20.384385,2026-05-05 19:38:20.384385,29.15,32.7699,29.0,13117970.0,7870427.303159,7870427.303159,12091845.8235,34.82,2026-04-08,5.63,2025-05-06,,142921602.944,5063195840.0,4.48134,-38.85,156368000.0,Information Technology Services,1140.0,2011.0,,
2566,NUS,2026-05-05 19:38:20.384385,2026-05-05 19:38:20.384385,7.05,7.32,7.035,403449.0,447939.768286,447939.768286,407990.909896,14.62,2025-09-23,5.63,2025-05-06,3.404255,48015490.5829,359973709.804257,0.421998,2.21357,49176736.312057,Household/Personal Care,8600.0,1984.0,2026-03-11 00:00:00,2026-02-27 00:00:00
2573,BB,2026-05-05 19:38:20.384385,2026-05-05 19:38:20.384385,5.75,5.87,5.49,27155847.0,21250901.57909,21250901.57909,19869465.6728,6.24,2026-05-04,3.1201,2026-03-30,,585933171.17,3306561313.339604,4.39391,62.696629,589930653.584229,Packaged Software,1749.0,1984.0,,
2581,FNUC,2026-05-05 19:38:20.384385,2026-05-05 19:38:20.384385,2.15,2.24,2.05,276856.0,240899.909034,240899.909034,218081.121136,7.43,2025-10-13,1.89,2026-03-23,,12761790.9171,32520035.1,0.38158,,15485731.0,Chemicals: Agricultural,1.0,2018.0,,
2582,LILA,2026-05-05 19:38:20.384385,2026-05-05 19:38:20.384385,7.9,8.185,7.86,311625.0,221946.501653,221946.501653,211920.584679,9.04,2025-12-05,4.2546,2025-05-08,,33817520.5,1652659899.125475,2.84017,-2.57,204032086.311787,Major Telecommunications,9000.0,1999.0,,
2583,PSNL,2026-05-05 19:38:20.384385,2026-05-05 19:38:20.384385,5.99,6.1,5.55,2215669.0,2327739.888998,2327739.888998,1896489.58975,11.5,2026-01-22,3.84,2025-08-06,,68461191.526,581486290.0,2.31486,-6.12,104678000.0,Medical/Nursing Services,260.0,2011.0,,
2595,ALHC,2026-05-05 19:38:20.384385,2026-05-05 19:38:20.384385,19.25,19.5759,17.76,6635747.0,5054757.281485,5054757.281485,4250952.66762,23.87,2026-01-23,11.625,2025-07-24,,181967680.268,3787366880.0,19.24,210.722101,206734000.0,Managed Health Care,1849.0,2013.0,,
2596,NEWP,2026-05-05 19:38:20.384385,2026-05-05 19:38:20.384385,5.9198,5.97,5.36,939439.0,825256.8237,825256.8237,721764.257944,5.97,2026-05-05,1.0901,2025-05-05,,98300670.048,986363280.0,6.60074,-230.04,184023000.0,Precious Metals,36.0,1972.0,,2020-11-23 00:00:00
2599,XPRO,2026-05-05 19:38:20.384385,2026-05-05 19:38:20.384385,18.39,18.57,17.32,835106.0,930171.01077,930171.01077,1041555.15841,18.73,2026-02-23,7.57,2025-05-22,,112245668.12,2023452103.000001,1.33686,40.447928,113390423.255814,Oil & Gas Production,8500.0,1938.0,2017-09-15 00:00:00,2017-08-29 00:00:00
2607,ENVX,2026-05-05 19:38:20.384385,2026-05-05 19:38:20.384385,6.82,7.055,6.715,5655665.0,4732554.408704,4732554.408704,5473898.66301,16.49,2025-07-18,4.615,2026-03-09,,188174634.48,1491245790.770367,5.38965,-8.93,217224441.481481,Electrical Products,664.0,2006.0,,
2608,TARA,2026-05-05 19:38:20.384385,2026-05-05 19:38:20.384385,5.53,5.63,5.36,490544.0,723586.329856,723586.329856,612144.110503,7.82,2025-11-24,2.77,2025-07-02,,50185002.846,297602002.5,1.48693,-4.08,55060500.0,Pharmaceuticals: Major,51.0,2006.0,,
2609,DAKT,2026-05-05 19:38:20.384385,2026-05-05 19:38:20.384385,19.48,19.925,19.32,214223.0,257517.577802,257517.577802,300487.696989,28.2689,2026-02-26,13.045,2025-06-02,,42499961.3931,951472797.071656,3.16651,34.652753,48298111.52648,Miscellaneous Manufacturing,2702.0,1968.0,2020-03-19 00:00:00,2020-03-06 00:00:00
2620,LEVI,2026-05-05 19:38:20.384385,2026-05-05 19:38:20.384385,22.23,22.395,22.0201,1864580.0,2833255.128657,2833255.128657,3595898.10029,24.82,2025-10-03,15.9695,2025-05-06,2.535084,90091835.9312,8574573393.750001,3.84991,19.080936,384596250.0,Apparel/Footwear,19000.0,1853.0,2026-05-06 00:00:00,2026-04-22 00:00:00
2627,DTIL,2026-05-05 19:38:20.384385,2026-05-05 19:38:20.384385,7.07,7.53,6.5,284122.0,172003.934581,172003.934581,221375.607476,8.82,2025-10-29,3.53,2026-02-05,,23018699.2784,193007936.980344,1.9924,-1.47,25803200.131062,Biotechnology,68.0,2006.0,,
2631,SFL,2026-05-05 19:38:20.384385,2026-05-05 19:38:20.384385,11.7,11.86,11.65,993076.0,1078366.339042,1078366.339042,1102039.97733,11.86,2026-05-05,6.73,2025-10-14,7.487091,106870693.195,1708971060.0,1.74824,-57.19,144583000.0,Marine Shipping,24.0,2003.0,2026-03-30 00:00:00,2026-03-12 00:00:00
2634,THRM,2026-05-05 19:38:20.384385,2026-05-05 19:38:20.384385,29.84,30.65,29.6,228186.0,347106.913107,347106.913107,267793.266303,39.48,2026-01-09,25.47,2025-05-07,,30021385.3274,934739304.0,1.27339,40.454175,30667300.0,Auto Parts: OEM,14174.0,1991.0,,
2636,FIVN,2026-05-05 19:38:20.384385,2026-05-05 19:38:20.384385,24.09,25.3372,23.88,6288667.0,4742785.246195,4742785.246195,3134773.12882,30.38,2025-06-10,13.29,2026-04-10,,73474183.216,1857442640.0,2.15397,35.428051,76564000.0,Packaged Software,2910.0,2001.0,,
2637,BBBY,2026-05-05 19:38:20.384385,2026-05-05 19:38:20.384385,5.242,5.3,4.97,2810406.0,8061108.711253,8061108.711253,4925586.89431,12.65,2025-10-03,3.7362,2025-05-07,,72593484.7465,368783056.45,1.78456,-5.47,73938500.0,Internet Retail,389.0,1997.0,2020-05-19 00:00:00,2020-04-24 00:00:00
2643,VRA,2026-05-05 19:38:20.384385,2026-05-05 19:38:20.384385,4.13,4.19,4.0001,153127.0,196014.046764,196014.046764,277022.645618,4.39,2026-05-01,1.39,2025-12-11,,18146683.17,114937535.370733,0.871008,-3.5,27965337.073171,Apparel/Footwear,1360.0,1982.0,,
2648,CCC,2026-05-05 19:38:20.384385,2026-05-05 19:38:20.384385,5.41,5.415,5.04,15483850.0,17326045.900549,17326045.900549,12664048.2132,10.4999,2025-08-01,4.575,2026-04-29,,552322258.488,3122161451.932587,1.82027,97.802198,586872453.370787,Packaged Software,2753.0,1980.0,,
2653,GOOS,2026-05-05 19:38:20.384385,2026-05-05 19:38:20.384385,11.27,11.52,11.25,272887.0,376731.701261,376731.701261,369024.451601,15.425,2025-07-23,8.19,2025-05-06,,41954084.849164,1112120752.5,2.62792,77.39251,97128450.0,Apparel/Footwear,,1957.0,,
2655,CNDT,2026-05-05 19:38:20.384385,2026-05-05 19:38:20.384385,1.71,1.81,1.7,1542173.0,946201.069005,946201.069005,1034027.81114,2.98,2025-09-19,1.15,2026-03-18,,139006151.541,269868780.0,0.383949,-1.53,155097000.0,Miscellaneous Commercial Services,51000.0,2016.0,,
2656,TWI,2026-05-05 19:38:20.384385,2026-05-05 19:38:20.384385,7.62,7.81,7.56,971747.0,652893.540098,652893.540098,759803.111091,11.7,2026-02-12,6.43,2026-03-31,,51294763.828,491158360.0,0.978509,-5.53,64372000.0,Auto Parts: OEM,8200.0,1890.0,2020-04-15 00:00:00,2020-03-30 00:00:00
2658,SSYS,2026-05-05 19:38:20.384385,2026-05-05 19:38:20.384385,8.84,8.995,8.755,609580.0,668955.397678,668955.397678,626333.625709,12.81,2025-10-21,7.34,2026-03-30,,62228092.115,770813338.982267,0.892872,-6.96,86172536.498856,Computer Peripherals,1757.0,1998.0,,
2660,ARQ,2026-05-05 19:38:20.384385,2026-05-05 19:38:20.384385,2.46,2.5,2.305,459127.0,258662.3586,258662.3586,347473.910254,7.89,2025-08-13,1.54,2026-03-10,,31896494.2197,101402449.5,0.623286,-1.94,42876300.0,Chemicals: Major Diversified,202.0,1996.0,2020-03-10 00:00:00,2020-02-20 00:00:00
2664,KGEI,2026-05-05 19:38:20.384385,2026-05-05 19:38:20.384385,5.78,5.84,5.65,136501.0,327379.195919,327379.195919,242764.266296,8.27,2025-07-01,3.35,2026-01-08,,30738161.6813,202203510.0,0.997446,13.156085,35474300.0,Oil & Gas Production,8.0,2008.0,,
2666,KLAR,2026-05-05 19:38:20.384385,2026-05-05 19:38:20.384385,14.691,14.85,14.17,3012915.0,3574084.767525,3574084.767525,4586026.68375,57.2,2025-09-10,12.06,2026-03-30,,143942629.7463,5400405969.175,2.24065,-18.24,377255045.0,Miscellaneous Commercial Services,3098.0,2005.0,,
2668,CVBF,2026-05-05 19:38:20.384385,2026-05-05 19:38:20.384385,20.18,20.695,20.1,1211394.0,2169123.561461,2169123.561461,2396641.96492,21.48,2026-02-09,17.945,2025-10-16,3.966287,163114943.793,3612242445.0,1.17991,13.205447,175821000.0,Regional Banks,1079.0,1981.0,2026-04-15 00:00:00,2026-04-01 00:00:00
2674,REI,2026-05-05 19:38:20.384385,2026-05-05 19:38:20.384385,1.8724,2.0,1.85,5713358.0,4372502.973153,4372502.973153,4166616.56904,2.0,2026-05-05,0.715101,2025-08-01,,182727918.565,414602331.680412,0.481724,-11.63,209395117.010309,Integrated Oil,111.0,2004.0,,
2676,SLDP,2026-05-05 19:38:20.384385,2026-05-05 19:38:20.384385,3.5,3.59,3.38,8028416.0,7973065.49905,7973065.49905,7411554.92675,8.86,2025-11-05,1.09,2025-05-05,,203685657.471,786940591.209539,1.67447,-6.95,224519426.878613,Electrical Products,230.0,2011.0,,
2685,HLF,2026-05-05 19:38:20.384385,2026-05-05 19:38:20.384385,16.05,16.29,15.7101,1306078.0,922192.666211,922192.666211,1095220.39907,20.4,2026-02-23,6.59,2025-05-07,,100462815.0,1681446600.0,-3.1726,7.178836,103410000.0,Food: Major Diversified,8500.0,1980.0,2014-03-18 00:00:00,2014-02-28 00:00:00
2689,TRT,2026-05-05 19:38:20.384385,2026-05-05 19:38:20.384385,12.55,13.6891,11.38,638929.0,4786892.469948,4786892.469948,2292354.99215,19.1,2026-04-24,2.31,2025-05-28,,6259136.6475,134108095.745496,6.08424,-649.76,10015541.131105,Industrial Machinery,618.0,1958.0,2008-03-25 00:00:00,2008-02-21 00:00:00
2694,ABEO,2026-05-05 19:38:20.384385,2026-05-05 19:38:20.384385,6.03,6.05,5.725,1144801.0,910809.961628,910809.961628,1024308.32504,7.5401,2025-08-15,4.0,2025-11-07,,48318163.991,332595791.499159,2.05701,5.866693,57049020.840336,Pharmaceuticals: Major,226.0,1974.0,,
2695,ZIP,2026-05-05 19:38:20.384385,2026-05-05 19:38:20.384385,3.05,3.185,2.95,461878.0,562158.586148,562158.586148,761673.33973,6.55,2025-06-05,1.65,2026-02-12,,62907918.4818,268014132.5,-3.4766,-8.85,84413900.0,Internet Software/Services,800.0,2010.0,,
2696,VERI,2026-05-05 19:38:20.384385,2026-05-05 19:38:20.384385,2.24,2.28,2.13,2492662.0,2203077.793801,2203077.793801,2494862.4103,9.42,2025-10-15,1.22,2025-06-23,,81542424.9269,202174297.5,3.01848,-1.22,92953700.0,Advertising/Marketing Services,446.0,2014.0,,
2705,SHIM,2026-05-05 19:38:20.384385,2026-05-05 19:38:20.384385,5.55,5.78,5.2506,160570.0,222117.554376,222117.554376,230450.086211,6.7633,2026-04-28,1.304,2025-05-07,,5303274.881192,190761378.926529,-3.3338,-7.13,36300928.435115,Engineering & Construction,971.0,1990.0,,
2707,SPOK,2026-05-05 19:38:20.384385,2026-05-05 19:38:20.384385,10.8,11.0799,10.755,197330.0,171123.708358,171123.708358,159810.788127,19.3091,2025-07-31,9.95,2026-04-30,11.595547,20405136.91,226832928.801486,1.59642,17.827022,20887010.018553,Wireless Telecommunications,421.0,1965.0,2026-06-24 00:00:00,2026-05-26 00:00:00
2709,HTZ,2026-05-05 19:38:20.384385,2026-05-05 19:38:20.384385,5.768,6.31,5.75,6874313.0,17528886.976399,17528886.976399,17316304.4034,8.44,2025-07-10,3.775,2026-03-19,,296549001.366,1902276663.0,-3.9459,-2.31,312360700.0,Finance/Rental/Leasing,26000.0,1918.0,,
2710,UAMY,2026-05-05 19:38:20.384385,2026-05-05 19:38:20.384385,11.92,11.92,10.58,18510154.0,15195063.692674,15195063.692674,12730479.2114,19.71,2025-10-14,1.94,2025-07-01,,124135778.76,1597880940.0,11.6747,-336.68,143372000.0,Other Metals/Minerals,101.0,1968.0,,
2712,RNW,2026-05-05 19:38:20.384385,2026-05-05 19:38:20.384385,5.29,5.42,5.24,1628405.0,725688.338336,725688.338336,692223.274792,8.2399,2025-10-01,4.385,2026-03-30,,154852803.272,1952100036.48,1.39022,12.918307,364197768.0,Alternative Power Generation,4336.0,2011.0,,
2713,III,2026-05-05 19:38:20.384385,2026-05-05 19:38:20.384385,4.16,4.17,4.075,106218.0,165464.129086,165464.129086,185582.630689,6.4495,2025-11-04,3.74,2026-04-02,4.368932,33283574.1735,198325245.514564,2.07897,22.198276,47674337.864078,Miscellaneous Commercial Services,1290.0,2006.0,2026-03-26 00:00:00,2026-03-20 00:00:00
2714,SSTK,2026-05-05 19:38:20.384385,2026-05-05 19:38:20.384385,16.295,16.49,15.91,300682.0,272878.122394,272878.122394,251815.152298,29.5,2025-10-31,14.36,2026-02-17,8.37469,24905020.842,599564423.225802,1.07719,-26.63,36738016.129032,Internet Software/Services,1565.0,2003.0,2026-06-18 00:00:00,2026-06-04 00:00:00
2721,SBLK,2026-05-05 19:38:20.384385,2026-05-05 19:38:20.384385,26.0,26.97,25.97,2071181.0,862743.838097,862743.838097,835547.679141,27.2,2026-03-02,14.785,2025-05-07,2.29249,82348267.428,3037449678.109086,1.17163,34.690799,113847439.209486,Marine Shipping,294.0,2006.0,2026-03-19 00:00:00,2026-03-09 00:00:00
2723,ACRS,2026-05-05 19:38:20.384385,2026-05-05 19:38:20.384385,4.7,4.88,4.59,1072503.0,1522082.012038,1522082.012038,1392670.45558,4.89,2026-01-20,1.16,2025-05-14,,121056425.616,664800640.0,5.2954,-8.55,139664000.0,Pharmaceuticals: Major,73.0,2012.0,,
2727,FPH,2026-05-05 19:38:20.384385,2026-05-05 19:38:20.384385,4.905,4.97,4.845,162509.0,212135.162437,212135.162437,183328.645469,6.64,2025-09-18,4.72,2026-03-27,,50137512.5681,544880962.193413,0.417538,7.986853,110299789.917695,Real Estate Development,90.0,2009.0,,
2728,TALO,2026-05-05 19:38:20.384385,2026-05-05 19:38:20.384385,16.085,16.27,15.9,1940512.0,1464127.582486,1464127.582486,1815492.94471,17.005,2026-03-26,6.92,2025-05-05,,124157491.2,2658913673.549998,1.25921,-5.69,166912346.111111,Oil & Gas Production,700.0,2012.0,,
2729,EAF,2026-05-05 19:38:20.384385,2026-05-05 19:38:20.384385,9.17,9.61,8.99,312029.0,294761.238139,294761.238139,266478.301111,20.32,2025-10-15,4.92,2026-03-09,,16477343.3718,234612849.796209,-0.7897,-1.07,26047834.994583,Electrical Products,1071.0,1886.0,2023-06-30 00:00:00,2023-05-30 00:00:00
2730,XWIN,2026-05-05 19:38:20.384385,2026-05-05 19:38:20.384385,8.07,8.18,8.045,1215310.0,1229486.553276,1229486.553276,991304.230291,8.188,2026-05-04,0.9073,2025-06-02,,62964623.3402,515496874.795285,12.0745,-51.08,63602328.784119,Home Furnishings,22.0,1992.0,,
2734,OPEN,2026-05-05 19:38:20.384385,2026-05-05 19:38:20.384385,5.131,5.2667,4.96,27059517.0,40223079.329919,40223079.329919,35395113.6558,10.87,2025-09-17,0.5084,2025-06-26,,794280713.646,4997670090.0,4.88623,-3.33,958326000.0,Real Estate Development,1042.0,2013.0,,
2738,ALTG,2026-05-05 19:38:20.384385,2026-05-05 19:38:20.384385,7.94,8.13,7.86,184654.0,226805.350391,226805.350391,195216.289926,8.9899,2025-07-08,4.155,2025-11-20,1.469072,19124932.1394,261558888.0,-28.3532,-3.04,32532200.0,Wholesale Distributors,2750.0,1984.0,2025-05-30 00:00:00,2025-05-15 00:00:00
2739,CCO,2026-05-05 19:38:20.384385,2026-05-05 19:38:20.384385,2.385,2.4,2.38,5579850.0,4188116.834941,4188116.834941,4620084.71057,2.43,2026-02-20,0.99975,2025-08-01,,375135754.656,1205270969.263597,-0.3491,-11.23,506416373.640167,Advertising/Marketing Services,1900.0,1995.0,2018-01-24 00:00:00,2018-01-25 00:00:00
2740,MTG,2026-05-05 19:38:20.384385,2026-05-05 19:38:20.384385,26.14,26.53,26.07,2224480.0,2577575.646592,2577575.646592,2073488.01881,29.97,2025-12-18,24.775,2025-07-16,2.216278,207465768.28,5551619469.239576,1.10763,8.320086,211490265.494841,Property/Casualty Insurance,542.0,1957.0,2026-05-21 00:00:00,2026-05-06 00:00:00
2744,NIQ,2026-05-05 19:38:20.384385,2026-05-05 19:38:20.384385,10.48,10.71,10.335,1005686.0,976882.344763,976882.344763,1284570.48077,21.0,2025-07-22,10.053,2026-03-30,,68861899.65314,3110515293.207253,3.1249,-9.76,295115302.96084,Packaged Software,38760.0,2017.0,,
2746,ACI,2026-05-05 19:38:20.384385,2026-05-05 19:38:20.384385,16.21,16.37,16.125,3395466.0,4965496.998812,4965496.998812,7139436.56136,22.78,2025-07-08,15.8,2026-01-07,3.806016,340315743.855,7981794900.0,4.43174,41.001762,494535000.0,Food Retail,280000.0,1939.0,2026-05-08 00:00:00,2026-04-24 00:00:00
2747,BOLD,2026-05-05 19:38:20.384385,2026-05-05 19:38:20.384385,1.59,1.59,1.525,85396.0,94020.176863,94020.176863,438028.502263,1.7249,2025-05-19,0.9612,2026-02-05,,17171125.93125,35197443.0,0.35659,-0.6,22418753.503185,Biotechnology,28.0,2018.0,,
2748,NAMS,2026-05-05 19:38:20.384385,2026-05-05 19:38:20.384385,29.95,31.0,29.1,887387.0,1081532.447704,1081532.447704,949407.3893,42.0,2025-11-26,16.785,2025-05-28,,74227259.568,3491337960.0,4.99826,-17.09,116904000.0,Pharmaceuticals: Major,100.0,2022.0,,
2749,TOI,2026-05-05 19:38:20.384385,2026-05-05 19:38:20.384385,4.1,4.11,3.963,1081248.0,1259625.033125,1259625.033125,1361185.99092,4.88,2025-10-24,2.015,2025-06-30,,56783952.5019,392885581.305146,-25.6588,-7.24,98839139.95098,Medical/Nursing Services,641.0,2007.0,,
2751,AREC,2026-05-05 19:38:20.384385,2026-05-05 19:38:20.384385,2.28,2.395,2.2602,2228659.0,2387269.260168,2387269.260168,2688791.45774,7.11,2025-10-14,0.6136,2025-05-29,,80523988.561,234218528.088105,-2.4192,-4.89,101393302.202643,Coal,23.0,2006.0,,
2760,CRCT,2026-05-05 19:38:20.384385,2026-05-05 19:38:20.384385,4.19,4.25,4.085,586755.0,344387.512225,344387.512225,424343.054537,7.33,2025-07-03,3.735,2026-03-31,4.807692,44625791.7709,881159901.02,2.55896,11.784703,210050036.0,Wholesale Distributors,700.0,1969.0,2026-01-20 00:00:00,2026-01-06 00:00:00
2762,CPRI,2026-05-05 19:38:20.384385,2026-05-05 19:38:20.384385,18.76,18.82,18.28,2443850.0,2531506.049874,2531506.049874,2472532.39249,28.265,2025-12-04,15.045,2025-05-06,,116045913.7,2215817390.0,21.1175,-4.01,119162000.0,Apparel/Footwear Retail,14200.0,2002.0,,
2764,INGM,2026-05-05 19:38:20.384385,2026-05-05 19:38:20.384385,28.5117,28.63,27.92,414671.0,1300721.866759,1300721.866759,1270658.2658,31.38,2026-04-21,18.05,2025-05-06,1.126961,35226719.46363,6592660463.84737,1.545,18.440089,231646537.731812,Information Technology Services,22200.0,1979.0,2026-05-26 00:00:00,2026-05-12 00:00:00
2766,TBLA,2026-05-05 19:38:20.384385,2026-05-05 19:38:20.384385,3.81,3.85,3.765,1353703.0,1369691.898094,1369691.898094,1365952.45129,4.646,2025-12-31,2.835,2026-02-25,,116782492.424,1059038826.86,1.1546,28.560663,277598644.0,Internet Software/Services,2000.0,2007.0,,
2771,RYAM,2026-05-05 19:38:20.384385,2026-05-05 19:38:20.384385,9.12,9.381,9.12,890109.0,1033613.324312,1033613.324312,1176055.34455,11.85,2026-03-17,3.3505,2025-08-06,,60589542.144,624401704.0,1.90292,-1.43,67393600.0,Chemicals: Specialty,2325.0,1926.0,2019-06-28 00:00:00,2019-06-13 00:00:00
2774,WLTH,2026-05-05 19:38:20.384385,2026-05-05 19:38:20.384385,11.46,11.57,11.035,882756.0,785420.504858,785420.504858,953224.697616,14.88,2025-12-12,7.2,2026-02-12,,85169840.17232,1662515350.274999,2.78756,,149574030.614035,Packaged Software,,2007.0,,
2775,ONT,2026-05-05 19:38:20.384385,2026-05-05 19:38:20.384385,21.8,22.43,21.5,208379.0,313631.430485,313631.430485,295683.823073,32.0,2025-08-07,14.8717,2025-05-06,,33013912.6104,798629184.0,1.69863,-80.99,36169800.0,Environmental Services,3500.0,2012.0,,
2778,KSS,2026-05-05 19:38:20.384385,2026-05-05 19:38:20.384385,14.455,14.69,14.24,3241620.0,4023055.467887,4023055.467887,4305024.51866,25.22,2025-12-01,6.47,2025-05-07,12.332629,107044797.559,1598484822.381966,0.392609,5.947192,112253147.639183,Department Stores,84000.0,1962.0,2026-04-01 00:00:00,2026-03-18 00:00:00
2780,OBIO,2026-05-05 19:38:20.384385,2026-05-05 19:38:20.384385,4.05,4.1,3.95,191303.0,206719.924091,206719.924091,163750.554274,5.424,2025-11-26,2.2,2025-09-24,,40286957.978,234668810.995023,4.27987,-3.12,58520900.497512,Medical Specialties,86.0,2020.0,,
2783,NN,2026-05-05 19:38:20.384385,2026-05-05 19:38:20.384385,18.3,18.89,17.96,1326631.0,3969479.02422,3969479.02422,3272763.86412,24.1878,2026-04-21,10.84,2025-06-02,,77053604.712,2556649817.773175,-28.4449,-11.7,136028189.293598,Packaged Software,103.0,2021.0,,
2784,FLGT,2026-05-05 19:38:20.384385,2026-05-05 19:38:20.384385,14.9,15.23,14.54,868735.0,583969.354414,583969.354414,509613.257253,31.04,2025-11-25,13.46,2026-03-03,,18331877.285,422885277.691144,0.41553,-6.31,28400623.082011,Medical/Nursing Services,1344.0,2016.0,,
2786,DYNC,2026-05-05 19:38:20.384385,2026-05-05 19:38:20.384385,10.73,10.75,10.725,154000.0,160268.337402,160268.337402,390479.559527,15.24,2025-07-21,10.015,2025-05-06,,16434000.0,242140336.91,1.35679,-14.74,22566667.0,Financial Conglomerates,2.0,2024.0,,
2792,MLTX,2026-05-05 19:38:20.384385,2026-05-05 19:38:20.384385,17.6,18.0,16.975,701269.0,714993.96633,714993.96633,914679.197274,62.75,2025-09-26,5.95,2025-09-29,,64250832.1548,1239215922.0,4.11625,-4.98,72852200.0,Pharmaceuticals: Major,130.0,2021.0,,
2797,VFF,2026-05-05 19:38:20.384385,2026-05-05 19:38:20.384385,2.79,2.815,2.72,948068.0,1212117.174004,1212117.174004,1059964.82096,4.99,2025-12-18,0.6436,2025-05-12,,102793772.07216,314810594.996402,1.07273,26.450999,115104422.302158,Agricultural Commodities/Milling,1128.0,1987.0,2009-06-30 00:00:00,2009-05-27 00:00:00
2798,DFDV,2026-05-05 19:38:20.384385,2026-05-05 19:38:20.384385,4.45,4.49,4.195,684274.0,603599.100736,603599.100736,899164.599566,53.88,2025-05-22,2.96,2026-02-05,,20886810.42555,126691311.525,1.2799,-1.83,29497395.0,Finance/Rental/Leasing,16.0,2018.0,,
2800,GPK,2026-05-05 19:38:20.384385,2026-05-05 19:38:20.384385,10.87,10.92,9.82,17283449.0,6558263.580292,6558263.580292,5994720.19449,23.76,2025-07-29,8.785,2026-03-20,4.60251,291166773.953,3174779635.0,0.84575,6.455098,295741000.0,Containers/Packaging,23000.0,1992.0,2026-04-08 00:00:00,2026-03-13 00:00:00
2807,HITI,2026-05-05 19:38:20.384385,2026-05-05 19:38:20.384385,2.41,2.43,2.35,266561.0,519387.359135,519387.359135,428062.612679,4.0554,2025-09-19,2.1,2025-06-17,,76713419.6124,208935292.704545,3.2575,-6.27,88344732.644628,Specialty Stores,1832.0,2009.0,,
2812,LUNR,2026-05-05 19:38:20.384385,2026-05-05 19:38:20.384385,26.67,27.08,23.74,14017026.0,10467942.123446,10467942.123446,13945677.7064,31.15,2026-04-22,7.78,2025-11-21,,116649405.78753,5372322507.287566,-3.984,-34.18,216800746.863905,Aerospace & Defense,525.0,2013.0,,
2813,CON,2026-05-05 19:38:20.384385,2026-05-05 19:38:20.384385,22.64,22.85,22.44,450129.0,598892.9885,598892.9885,565560.17626,24.685,2026-02-12,18.545,2025-11-06,1.102779,114793386.4659,2931251513.0,7.41485,17.716474,128507300.0,Medical/Nursing Services,13133.0,1979.0,2026-03-19 00:00:00,2026-03-12 00:00:00
2815,NVAX,2026-05-05 19:38:20.384385,2026-05-05 19:38:20.384385,8.11,8.16,7.812,3629481.0,3063488.801428,3063488.801428,2982272.07173,11.97,2026-02-26,5.8,2025-05-09,,154917104.76,1321410960.0,-10.3078,3.156943,162936000.0,Biotechnology,749.0,1987.0,,
2818,BIRD,2026-05-05 19:38:20.384385,2026-05-05 19:38:20.384385,5.79,5.95,5.5,508300.0,2027811.82334,2027811.82334,17466195.0053,24.31,2026-04-15,2.15,2026-03-31,,5600738.1587,49248968.21502,1.42269,-0.64,8763161.604096,Apparel/Footwear Retail,362.0,2014.0,,
2819,AESI,2026-05-05 19:38:20.384385,2026-05-05 19:38:20.384385,17.9,19.61,17.87,13809290.0,5278126.937155,5278126.937155,7085018.53401,19.61,2026-05-05,7.6417,2025-11-24,4.225352,79405143.42655,2402444099.867033,1.82226,-43.74,124867156.957746,Oilfield Services/Equipment,1511.0,2017.0,2025-08-21 00:00:00,2025-08-14 00:00:00
2824,ADCT,2026-05-05 19:38:20.384385,2026-05-05 19:38:20.384385,3.75,3.87,3.6001,2148213.0,967118.99421,967118.99421,967919.086554,4.98,2026-03-11,1.225,2025-05-08,,93678969.702,477598450.0,-2.4902,-3.06,127190000.0,Pharmaceuticals: Major,193.0,2011.0,,
2827,OPTX,2026-05-05 19:38:20.384385,2026-05-05 19:38:20.384385,8.1,8.3599,7.51,777106.0,1154580.128036,1154580.128036,1434346.35773,12.2,2026-04-13,1.18,2025-11-24,,6707493.035091,306456550.83,31.2669,-166.26,39851307.0,Electronic Components,164.0,1981.0,,
2831,PRME,2026-05-05 19:38:20.384385,2026-05-05 19:38:20.384385,3.49,3.554,3.28,2686643.0,1655197.468611,1655197.468611,1709353.05036,6.94,2025-10-06,1.11,2025-05-20,,94502280.11133,612974685.05,5.18235,-2.53,180552190.0,Biotechnology,146.0,2019.0,,
2837,GAU,2026-05-05 19:38:20.384385,2026-05-05 19:38:20.384385,2.35,2.37,2.2672,1760863.0,2440998.947274,2440998.947274,2420530.1148,3.62,2026-03-02,1.19,2025-05-15,,251717450.304,593829600.0,2.70646,-20.04,261024000.0,Precious Metals,,1999.0,,
2839,ONDS,2026-05-05 19:38:20.384385,2026-05-05 19:38:20.384385,9.78,9.8,9.16,56570705.0,50803868.203818,50803868.203818,53074769.7523,15.28,2026-01-12,0.7311,2025-05-07,,476685514.36,4526393520.0,8.46219,-17.77,485144000.0,Telecommunications Equipment,495.0,2014.0,,
2840,POET,2026-05-05 19:38:20.384385,2026-05-05 19:38:20.384385,7.2,9.71,7.0301,84502861.0,70776509.040659,70776509.040659,41700784.6537,15.5,2026-04-24,3.87,2025-11-21,,90516632.9265,1405751875.556961,5.10732,-12.73,152882205.063291,Electrical Products,,1985.0,,
2841,LFVN,2026-05-05 19:38:20.384385,2026-05-05 19:38:20.384385,5.21,5.59,5.1802,222728.0,275985.582469,275985.582469,201076.446796,15.0,2025-08-13,3.9,2026-02-05,3.508772,10649841.7936,70426400.0,1.98858,8.575727,12804800.0,Pharmaceuticals: Other,238.0,1988.0,2026-03-16 00:00:00,2026-03-02 00:00:00
2842,AVAH,2026-05-05 19:38:20.384385,2026-05-05 19:38:20.384385,6.62,6.62,6.415,1085387.0,1028899.828129,1028899.828129,1128591.05181,10.32,2025-10-21,3.73,2025-08-01,,78884351.7,1405114884.512819,7.19378,6.333588,217510044.042232,Medical/Nursing Services,35500.0,2016.0,,
2844,M,2026-05-05 19:38:20.384385,2026-05-05 19:38:20.384385,19.315,19.6075,19.03,3940976.0,4050410.768607,4050410.768607,4568295.63427,24.41,2025-12-12,10.54,2025-06-23,3.863494,262590093.6,5087544600.0,1.03468,8.234635,263740000.0,Department Stores,90134.0,1858.0,2026-04-01 00:00:00,2026-03-13 00:00:00
2845,NAVI,2026-05-05 19:38:20.384385,2026-05-05 19:38:20.384385,8.98,9.03,8.665,818164.0,1140487.292489,1140487.292489,1028272.62022,16.07,2025-07-08,7.8024,2026-04-13,7.126949,91291152.3048,819117669.524501,0.354746,-14.64,93989405.567929,Finance/Rental/Leasing,670.0,1973.0,2026-03-20 00:00:00,2026-03-06 00:00:00
2847,MRLN,2026-05-05 19:38:20.384385,2026-05-05 19:38:20.384385,9.75,9.97,8.9,1254254.0,1295367.925097,1295367.925097,1568844.87547,17.0,2026-04-16,5.88,2026-04-07,,8591248.691608,756673806.757323,1.28542,53.707865,84544559.414226,Packaged Software,175.0,2018.0,1980-01-31 00:00:00,1980-01-15 00:00:00
2852,NEOG,2026-05-05 19:38:20.384385,2026-05-05 19:38:20.384385,9.16,9.335,9.085,1324280.0,2448392.223922,2448392.223922,2819668.2489,11.425,2026-02-25,4.5305,2025-06-04,,215856736.488,2018917571.911446,0.941138,-3.24,217673053.575358,Medical Specialties,2974.0,1981.0,,
2854,BLMN,2026-05-05 19:38:20.384385,2026-05-05 19:38:20.384385,5.62,5.82,5.6,2065178.0,1810166.319605,1810166.319605,2047023.14938,10.7,2025-07-23,5.19,2026-03-30,7.992895,84128675.3256,491337256.333036,1.43823,89.223455,85227624.689165,Restaurants,64000.0,1988.0,2025-09-03 00:00:00,2025-08-19 00:00:00
2859,GAP,2026-05-05 19:38:20.384385,2026-05-05 19:38:20.384385,23.75,24.0,23.605,5704392.0,5756440.932407,5756440.932407,6070356.48418,29.36,2026-02-20,18.685,2025-08-01,2.830587,244955720.58,8632988467.775665,2.31656,11.138824,365340180.608365,Apparel/Footwear Retail,79000.0,1969.0,2026-04-29 00:00:00,2026-04-08 00:00:00
2861,USAR,2026-05-05 19:38:20.384385,2026-05-05 19:38:20.384385,26.17,27.65,24.79,24243914.0,21026044.53186,21026044.53186,18036263.7734,43.98,2025-10-13,8.0,2025-05-29,,196396974.13236,5977996736.5,7.68778,-9.4,217976180.0,Metal Fabrication,132.0,2019.0,,
2862,STKE,2026-05-05 19:38:20.384385,2026-05-05 19:38:20.384385,1.55,1.65,1.51,343828.0,244516.72284,244516.72284,196471.381486,24.4,2025-05-14,0.847,2026-04-02,,19400079.7985,46328241.907895,0.746313,-0.97,28077722.368421,Financial Conglomerates,,2002.0,2016-11-29 00:00:00,2016-11-18 00:00:00
2863,BTM,2026-05-05 19:38:20.384385,2026-05-05 19:38:20.384385,6.37,6.4,5.77,271390.0,501802.429501,501802.429501,746866.299268,48.16,2025-06-17,1.905,2026-03-30,,4932698.34594,67183464.569657,5.49755,6.66,11348558.204334,Investment Banks/Brokers,135.0,2016.0,,
2868,RPGL,2026-05-05 19:38:20.384385,2026-05-05 19:38:20.384385,1.53,1.99,1.52,1660842.0,18496213.562313,18496213.562313,11293132.3633,103.8,2025-10-14,0.3588,2026-04-16,,35524588.894512,75536627.025,0.268438,3.769841,43789349.0,Information Technology Services,,2021.0,,
2870,NMG,2026-05-05 19:38:20.384385,2026-05-05 19:38:20.384385,2.11,2.11,2.0345,778250.0,862675.235714,862675.235714,1504938.98554,6.06,2025-10-14,1.58,2025-05-05,,88542179.061,335536347.199029,5.68511,-4.16,164076453.398058,Other Metals/Minerals,124.0,2012.0,,
2873,IBRX,2026-05-05 19:38:20.384385,2026-05-05 19:38:20.384385,7.54,7.77,7.43,9510274.0,10867240.555483,10867240.555483,13263759.798,12.43,2026-02-25,1.83,2025-05-07,,369197385.33,7798225169.088826,-15.0213,-19.06,1028111426.379542,Pharmaceuticals: Major,691.0,2014.0,,
2874,NAT,2026-05-05 19:38:20.384385,2026-05-05 19:38:20.384385,5.82,6.02,5.7401,2885464.0,4608245.065099,4608245.065099,4649474.02955,6.34,2026-03-02,2.54,2025-05-08,8.188153,200550854.357,1262014784.9,2.72815,98.965517,211751000.0,Marine Shipping,18.0,1995.0,2026-03-24 00:00:00,2026-03-10 00:00:00
2875,CFFN,2026-05-05 19:38:20.384385,2026-05-05 19:38:20.384385,7.72,7.81,7.71,881310.0,1139655.816688,1139655.816688,920059.512651,7.965,2026-04-28,5.51,2025-05-23,4.427083,119555031.596,1009538455.563148,0.937009,12.753238,129844174.348958,Savings Banks,678.0,1893.0,2026-05-15 00:00:00,2026-05-01 00:00:00
2876,JBIO,2026-05-05 19:38:20.384385,2026-05-05 19:38:20.384385,24.77,25.395,24.154,294744.0,796880.558877,796880.558877,734449.75681,28.0,2026-04-27,6.565,2025-06-13,,41326368.9718,1246716064.0,3.63662,-4.5,49316300.0,Biotechnology,55.0,2018.0,2025-04-28 00:00:00,2025-04-29 00:00:00
2881,ASYS,2026-05-05 19:38:20.384385,2026-05-05 19:38:20.384385,16.76,18.135,16.75,227145.0,303567.390524,303567.390524,240155.749747,19.74,2026-04-24,3.2649,2025-05-13,,9815234.889,258222106.0,4.38387,-7.71,14406500.0,Industrial Machinery,264.0,1981.0,,
2883,BCAL,2026-05-05 19:38:20.384385,2026-05-05 19:38:20.384385,18.66,19.2741,18.6,186615.0,155121.708207,155121.708207,186203.783523,20.47,2025-12-08,14.07,2025-06-18,1.073537,25408612.2934,606231616.5,1.03662,10.179215,32152300.0,Regional Banks,,2001.0,2026-04-15 00:00:00,2026-03-24 00:00:00
2884,NVCR,2026-05-05 19:38:20.384385,2026-05-05 19:38:20.384385,16.75,16.76,15.785,1957137.0,2299649.462236,2299649.462236,1633160.20347,20.06,2025-05-29,9.82,2026-02-05,,103529033.091,1839237480.0,5.92908,-10.35,115821000.0,Medical Specialties,1605.0,2000.0,,
2887,REYN,2026-05-05 19:38:20.384385,2026-05-05 19:38:20.384385,20.71,21.405,20.71,2221049.0,1288661.496751,1288661.496751,1111995.45872,26.25,2025-10-30,20.44,2026-04-29,4.444444,54167792.176,4486569440.0,1.93218,14.469453,210736000.0,Household/Personal Care,6000.0,2010.0,2026-05-29 00:00:00,2026-05-15 00:00:00
2890,EPM,2026-05-05 19:38:20.384385,2026-05-05 19:38:20.384385,4.9,4.99,4.84,293487.0,439906.515922,439906.515922,375987.231529,5.7,2025-09-17,3.19,2026-01-07,9.736308,31278695.604,173619066.320486,2.55491,61.318408,35003844.016227,Oil & Gas Production,11.0,1994.0,2026-03-31 00:00:00,2026-03-16 00:00:00
2891,NXTT,2026-05-05 19:38:20.384385,2026-05-05 19:38:20.384385,1.56,1.5935,1.5,62674.0,106493.148587,106493.148587,200422.724787,960.0,2025-05-12,0.451,2026-03-25,,50649857.294,117447176.0,0.234383,0.347714,76264400.0,Packaged Software,28.0,2019.0,,
2892,KODK,2026-05-05 19:38:20.384385,2026-05-05 19:38:20.384385,14.395,14.41,13.725,899826.0,1116445.564788,1116445.564788,1312685.11973,14.87,2026-05-04,4.94,2025-08-12,,63290489.9346,1374329088.0,2.25257,-8.39,97608600.0,Industrial Machinery,3500.0,1880.0,,
2897,TMCI,2026-05-05 19:38:20.384385,2026-05-05 19:38:20.384385,1.83,1.89,1.785,285780.0,340179.345748,340179.345748,966029.171925,7.78,2025-08-22,1.17,2026-03-30,,49063752.7116,121470825.819671,1.33824,-1.96,64784440.437158,Medical Specialties,450.0,2013.0,,
2898,QBTS,2026-05-05 19:38:20.384385,2026-05-05 19:38:20.384385,21.32,21.7,20.36,19394510.0,23605189.346074,23605189.346074,32007855.322,46.75,2025-10-15,6.82,2025-05-07,,357619603.25,7971576182.52008,8.80616,-19.56,370426402.533461,Computer Processing Hardware,388.0,2022.0,,
2899,UAA,2026-05-05 19:38:20.384385,2026-05-05 19:38:20.384385,6.19,6.305,6.145,5189433.0,6677453.01787,6677453.01787,6723531.40435,8.15,2026-02-20,4.13,2025-11-20,,188234074.382,2670330300.0,1.80389,-5.13,425890000.0,Apparel/Footwear,14400.0,1996.0,2016-04-07 00:00:00,2016-04-08 00:00:00
2904,DBRG,2026-05-05 19:38:20.384385,2026-05-05 19:38:20.384385,15.555,15.61,15.5501,1483573.0,3021581.73393,3021581.73393,3418747.90971,15.65,2026-04-22,8.595,2025-05-07,0.2574,180121164.776,2931572293.784749,2.15969,31.968731,187861088.996139,Investment Managers,316.0,1991.0,2026-07-15 00:00:00,2026-06-30 00:00:00
2905,TDC,2026-05-05 19:38:20.384385,2026-05-05 19:38:20.384385,29.33,30.61,28.735,3580711.0,2156900.602872,2156900.602872,1722993.95982,41.7799,2026-02-11,19.83,2025-08-01,,91272220.7032,2844325500.12738,11.7917,21.786298,94530409.78854,Packaged Software,5100.0,1979.0,,
2906,CIFR,2026-05-05 19:38:20.384385,2026-05-05 19:38:20.384385,18.31,22.165,17.65,63658755.0,22139465.614603,22139465.614603,24445188.9968,25.52,2025-11-05,2.875,2025-05-06,,330137972.986,8966618170.0,8.99375,-8.72,405913000.0,Data Processing Services,66.0,2021.0,,
2907,EDIT,2026-05-05 19:38:20.384385,2026-05-05 19:38:20.384385,3.02,3.16,2.9202,1269987.0,1264233.115542,1264233.115542,1487802.12169,4.5372,2025-10-08,1.29,2025-05-08,,97374614.496,297530885.066668,10.7592,-1.59,97872001.666667,Biotechnology,87.0,2013.0,,
2910,COMP,2026-05-05 19:38:20.384385,2026-05-05 19:38:20.384385,7.12,7.31,7.01,16984667.0,10445546.03441,10445546.03441,12929450.1513,13.955,2026-01-26,5.655,2025-05-22,,675194379.165,5417015843.58,5.08715,-67.1,746145433.0,Real Estate Development,3200.0,2012.0,,
2912,ATEC,2026-05-05 19:38:20.384385,2026-05-05 19:38:20.384385,10.28,10.54,9.942,7641973.0,3141009.74209,3141009.74209,2574802.09974,23.29,2026-01-08,9.11,2026-04-30,,114384117.468,1554436390.0,124.909,-10.76,151357000.0,Medical Specialties,913.0,2005.0,,
2924,FBP,2026-05-05 19:38:20.384385,2026-05-05 19:38:20.384385,23.91,24.35,23.91,636712.0,1450777.489563,1450777.489563,1530556.86207,24.51,2026-04-28,19.16,2025-10-29,3.096234,151876510.588,3765221388.527193,1.87938,10.644931,155716351.882845,Regional Banks,3218.0,1948.0,2026-06-12 00:00:00,2026-05-28 00:00:00
2927,CBAN,2026-05-05 19:38:20.384385,2026-05-05 19:38:20.384385,19.69,20.251,19.49,163563.0,311306.775781,311306.775781,335236.648259,21.61,2026-04-17,14.63,2025-05-29,2.393206,19862348.6267,416565277.929754,1.08091,12.175711,21172313.998971,Regional Banks,526.0,1982.0,2026-05-20 00:00:00,2026-05-06 00:00:00
2931,HE,2026-05-05 19:38:20.384385,2026-05-05 19:38:20.384385,15.06,15.58,15.06,1559625.0,1554477.089432,1554477.089432,1529845.79109,17.375,2026-02-06,10.14,2025-05-15,,172221593.04,2656629079.08168,1.6188,21.163575,172620472.974768,Electric Utilities,2675.0,1981.0,2023-09-08 00:00:00,2023-08-17 00:00:00
2935,CLW,2026-05-05 19:38:20.384385,2026-05-05 19:38:20.384385,12.95,13.8,12.8685,162131.0,259167.572665,259167.572665,186136.14873,30.96,2025-07-25,11.73,2026-04-29,,15184679.0004,220271598.0,0.253431,-8.15,16125300.0,Pulp & Paper,1900.0,2008.0,,
2937,SLS,2026-05-05 19:38:20.384385,2026-05-05 19:38:20.384385,5.05,5.055,4.825,2858879.0,4351085.494827,4351085.494827,4438777.41561,6.14,2026-03-09,1.36,2025-05-13,,177307503.807,876365040.0,10.8447,-19.8,179583000.0,Pharmaceuticals: Major,13.0,2006.0,2012-04-26 00:00:00,2012-04-27 00:00:00
2939,CHPT,2026-05-05 19:38:20.384385,2026-05-05 19:38:20.384385,6.225,6.48,6.09,335553.0,435750.651238,435750.651238,499547.807634,17.78,2025-06-04,4.44,2026-03-30,,21735081.4942,154383866.785185,7.08985,-0.67,24416237.037037,Specialty Stores,1440.0,2007.0,,
2943,TNDM,2026-05-05 19:38:20.384385,2026-05-05 19:38:20.384385,19.97,19.975,18.91,1609974.0,1647990.223608,1647990.223608,1596548.00394,29.65,2026-02-24,9.98,2025-08-07,,67750174.2706,1331037328.635625,8.74487,-6.47,68504237.191746,Medical Specialties,2500.0,2006.0,,
2951,BMEA,2026-05-05 19:38:20.384385,2026-05-05 19:38:20.384385,1.52,1.56,1.46,1144129.0,1728858.02713,1728858.02713,2032270.59907,3.08,2025-06-17,0.8719,2025-11-21,,67410080.7756,110618141.959459,3.62088,-1.0,72299439.189189,Pharmaceuticals: Major,41.0,2017.0,,
2954,VOYG,2026-05-05 19:38:20.384385,2026-05-05 19:38:20.384385,27.04,29.77,25.345,2975123.0,1363455.646318,1363455.646318,1379205.22767,73.95,2025-06-11,17.41,2025-11-20,,50773519.52566,1561813528.405,4.23094,-12.22,59148401.0,Information Technology Services,800.0,,,
2963,SGHC,2026-05-05 19:38:20.384385,2026-05-05 19:38:20.384385,12.88,13.48,12.875,3674634.0,3175866.557537,3175866.557537,3481035.5104,14.38,2025-10-06,8.08,2025-05-09,1.319876,155129626.179,6726939480.0,8.11405,29.995342,508077000.0,Casinos/Gaming,2900.0,2020.0,2026-03-31 00:00:00,2026-03-16 00:00:00
2964,USAS,2026-05-05 19:38:20.384385,2026-05-05 19:38:20.384385,6.02,6.1,5.525,4278488.0,4082016.720996,4082016.720996,4598418.69536,10.5,2026-01-26,1.3285,2025-05-14,,258809881.308,1811396349.004275,8.45804,-16.89,326672019.65812,Other Metals/Minerals,659.0,1998.0,,
2966,QTRX,2026-05-05 19:38:20.384385,2026-05-05 19:38:20.384385,3.39,3.53,3.225,1398795.0,982205.613146,982205.613146,917291.253091,8.77,2026-01-09,2.95,2026-04-29,,38222209.32,155371400.0,0.532672,-1.31,46940000.0,Medical Specialties,450.0,2007.0,,
2967,DARE,2026-05-05 19:38:20.384385,2026-05-05 19:38:20.384385,3.28,3.78,3.14,2380273.0,900811.194748,900811.194748,1132034.68118,9.19,2025-07-14,1.27,2026-03-19,,13348484.4685,47755164.218651,15.8633,-2.46,14559501.286174,Pharmaceuticals: Major,24.0,2005.0,,
2969,IKT,2026-05-05 19:38:20.384385,2026-05-05 19:38:20.384385,1.97,1.99,1.91,442579.0,882649.505263,882649.505263,977570.339189,2.3,2025-05-05,1.33,2025-11-03,,102928437.678,254163525.0,1.47759,-3.94,132033000.0,Pharmaceuticals: Major,35.0,2008.0,,
2970,AIFF,2026-05-05 19:38:20.384385,2026-05-05 19:38:20.384385,2.18,2.18,2.01,429046.0,1064099.208008,1064099.208008,1032104.68091,4.5099,2025-05-05,0.6175,2026-02-23,,11932987.2529,30769648.0,3.94961,-0.95,14793100.0,Medical Specialties,17.0,1979.0,,
2971,DERM,2026-05-05 19:38:20.384385,2026-05-05 19:38:20.384385,5.2,5.24,5.04,111401.0,170317.336829,170317.336829,181490.304201,9.555,2026-01-23,4.31,2026-03-30,,13396039.709832,141299698.32,4.36331,-10.63,27330696.0,Pharmaceuticals: Major,58.0,2014.0,,
2973,SCZM,2026-05-05 19:38:20.384385,2026-05-05 19:38:20.384385,8.04,8.2,7.74,297559.0,456044.669743,456044.669743,451030.059185,17.645,2026-01-26,1.392,2025-05-14,,85867048.6146,718880558.0,4.04709,16.769525,92401100.0,Precious Metals,,2011.0,,
2976,MTUS,2026-05-05 19:38:20.384385,2026-05-05 19:38:20.384385,18.4,19.9,18.4,479022.0,289904.724726,289904.724726,262527.565916,21.73,2026-02-11,11.0,2025-05-09,,35468002.3328,804979895.660047,1.13058,333.094812,41730424.865736,Steel,1865.0,2013.0,2015-09-10 00:00:00,2015-08-25 00:00:00
2978,XNCR,2026-05-05 19:38:20.384385,2026-05-05 19:38:20.384385,13.4836,13.82,12.52,694367.0,798112.2619,798112.2619,774641.30323,18.69,2025-12-05,6.92,2025-08-11,,68874919.4496,943868251.138475,1.51074,-10.34,73338636.452096,Biotechnology,260.0,1997.0,,
2979,FATN,2026-05-05 19:38:20.384385,2026-05-05 19:38:20.384385,3.11,3.42,3.07,427017.0,5416005.848482,5416005.848482,2619358.55158,12.381974,2025-05-16,1.31,2026-03-03,,8827569.657748,46925457.16,2.04654,66.029724,13924468.0,Packaged Software,154.0,2010.0,,
2980,SRAD,2026-05-05 19:38:20.384385,2026-05-05 19:38:20.384385,13.5,13.615,12.98,4900543.0,8550972.423555,8550972.423555,5374825.29914,32.22,2025-08-25,11.66,2026-04-28,,185517849.7112,4186901483.84486,3.87273,49.132075,311757370.353303,Packaged Software,5090.0,2001.0,,
2985,LAC,2026-05-05 19:38:20.384385,2026-05-05 19:38:20.384385,5.59,5.655,5.39,9113033.0,14199819.968802,14199819.968802,10759756.6937,10.52,2025-10-15,2.47,2025-06-23,,184492000.0,1921425830.767145,1.64478,-8.94,348399969.314079,Other Metals/Minerals,94.0,2023.0,,
2992,BGS,2026-05-05 19:38:20.384385,2026-05-05 19:38:20.384385,5.3587,5.495,5.295,1088712.0,1446868.185043,1446868.185043,1649386.80702,6.74,2025-05-05,3.67,2025-08-05,14.179104,76155422.9436,439848717.0,0.946463,-9.91,80411100.0,Food: Major Diversified,2085.0,1889.0,2026-04-30 00:00:00,2026-03-31 00:00:00
2995,RHI,2026-05-05 19:38:20.384385,2026-05-05 19:38:20.384385,26.37,26.97,25.92,977399.0,3412054.569616,3412054.569616,3079682.2628,48.54,2025-05-12,21.83,2026-03-16,8.949564,98438232.258,2745059490.0,2.19088,20.392854,102294000.0,Personnel Services,101400.0,1948.0,2026-06-15 00:00:00,2026-05-22 00:00:00
3005,AAL,2026-05-05 19:38:20.384385,2026-05-05 19:38:20.384385,11.93,12.45,11.87,47221252.0,48014390.330403,48014390.330403,55245519.6144,16.5,2026-01-07,10.09,2026-03-30,,649610362.845,8184641297.787888,-2.0067,38.55697,661385155.376799,Airlines,139100.0,2013.0,2020-02-19 00:00:00,2020-02-04 00:00:00
3006,XXI,2026-05-05 19:38:20.384385,2026-05-05 19:38:20.384385,9.05,9.34,8.95,1664706.0,1198588.819214,1198588.819214,1197541.85009,53.0,2025-05-22,5.61,2026-03-02,,255742145.6352,5842976589.168919,1.68146,26.4,651390924.099099,Regional Banks,3.0,2025.0,,
3008,BZH,2026-05-05 19:38:20.384385,2026-05-05 19:38:20.384385,18.28,18.67,17.88,785921.0,404703.635078,404703.635078,421443.026219,28.33,2026-02-18,17.825,2026-05-04,,24345122.308,502122368.561284,0.436306,-122.32,27333825.180255,Homebuilding,1018.0,1985.0,2007-09-21 00:00:00,2007-09-06 00:00:00
3022,INTA,2026-05-05 19:38:20.384385,2026-05-05 19:38:20.384385,23.64,24.1,23.21,753135.0,672728.911164,672728.911164,772065.815602,59.1,2025-05-05,19.24,2026-02-24,,72089145.1524,1937538780.0,4.62929,-81.06,80395800.0,Packaged Software,1336.0,2000.0,,
3023,ANVS,2026-05-05 19:38:20.384385,2026-05-05 19:38:20.384385,2.29,2.37,2.19,1761161.0,1053865.688307,1053865.688307,1436904.78637,5.5,2025-11-28,1.42,2025-05-06,,28676015.7516,78768404.4,3.68009,-1.63,34532400.0,Pharmaceuticals: Major,8.0,2008.0,,
3024,EGAN,2026-05-05 19:38:20.384385,2026-05-05 19:38:20.384385,7.87,8.09,7.79,231028.0,174378.588602,174378.588602,167457.917224,15.95,2025-11-11,4.81,2025-05-06,,17649273.3921,216076413.106595,2.43016,6.064337,27386110.659898,Internet Software/Services,446.0,1997.0,,
3028,AEO,2026-05-05 19:38:20.384385,2026-05-05 19:38:20.384385,16.485,16.875,16.41,3647761.0,3997743.217919,3997743.217919,4817552.03878,28.46,2026-01-06,9.27,2025-06-13,3.04878,151519408.925,2777638875.0,1.63654,15.047252,166675000.0,Apparel/Footwear Retail,45000.0,1977.0,2026-04-24 00:00:00,2026-04-10 00:00:00
3032,PAR,2026-05-05 19:38:20.384385,2026-05-05 19:38:20.384385,14.27,14.38,13.72,811317.0,954028.262116,954028.262116,1491507.13828,72.15,2025-07-23,11.59,2026-04-10,,40653203.3826,568372640.80809,0.706018,-6.85,41246200.348918,Electronic Equipment/Instruments,1809.0,1968.0,,
3033,TORO,2026-05-05 19:38:20.384385,2026-05-05 19:38:20.384385,6.1,7.0,6.1,196134.0,2615419.050994,2615419.050994,1288599.15883,8.4999,2026-04-27,1.7699,2025-05-15,,10198490.038425,187250027.492512,0.671679,72.409639,28852084.359401,Marine Shipping,,,2026-06-05 00:00:00,2026-05-04 00:00:00
3038,DMII,2026-05-05 19:38:20.384385,2026-05-05 19:38:20.384385,10.02,10.02,10.02,150047.0,264819.6,264819.6,161552.233338,10.025,2026-05-04,9.86,2025-12-04,,49995072.4,638274000.0,1.32342,154.076923,63700000.0,Financial Conglomerates,2.0,,,
3039,RYAN,2026-05-05 19:38:20.384385,2026-05-05 19:38:20.384385,29.48,30.965,29.37,4403688.0,3231670.961411,3231670.961411,2262173.98505,72.495,2025-06-03,29.37,2026-05-05,1.652057,111324605.148,8037962480.221164,6.00786,40.304389,263022332.46797,Insurance Brokers/Services,6110.0,2010.0,2026-05-26 00:00:00,2026-05-12 00:00:00
3040,TMC,2026-05-05 19:38:20.384385,2026-05-05 19:38:20.384385,5.31,5.33,5.08,4016340.0,4560402.746339,4560402.746339,4682866.90471,11.35,2025-10-13,2.8114,2025-05-07,,191161532.52,2272072144.370906,-65.638,-6.38,433188206.743738,Other Metals/Minerals,48.0,2021.0,,
3041,CADL,2026-05-05 19:38:20.384385,2026-05-05 19:38:20.384385,7.56,7.9884,7.49,2706143.0,1879645.482551,1879645.482551,1784023.25568,7.9884,2026-05-05,4.3384,2025-05-08,,58857692.9888,561437757.233068,7.9794,-10.74,73246935.059761,Biotechnology,55.0,2002.0,,
3043,PBI,2026-05-05 19:38:20.384385,2026-05-05 19:38:20.384385,15.295,15.635,15.2,2496715.0,4831881.510347,4831881.510347,3544185.09544,15.95,2026-04-28,8.81,2025-05-07,2.162516,142726149.072,2227712784.671041,-2.8662,18.249223,143538194.888598,Packaged Software,6600.0,1920.0,2026-03-30 00:00:00,2026-02-27 00:00:00
3044,CLVT,2026-05-05 19:38:20.384385,2026-05-05 19:38:20.384385,2.84,2.84,2.725,2641465.0,5687313.746854,5687313.746854,5577715.60196,9.44,2025-10-31,1.66,2026-02-23,,340943751.648,1770629645.854093,0.375074,-13.63,639216478.647687,Miscellaneous Commercial Services,12000.0,1864.0,,
3046,ODV,2026-05-05 19:38:20.384385,2026-05-05 19:38:20.384385,3.0,3.178,2.985,1223701.0,1606349.580303,1606349.580303,1549701.07216,4.795,2026-02-27,1.71,2025-05-05,,204837218.142,963188818.92177,1.50571,-3.51,305289641.496599,Precious Metals,102.0,2020.0,,
3054,HYPD,2026-05-05 19:38:20.384385,2026-05-05 19:38:20.384385,4.6,4.73,4.3265,490354.0,300622.194192,300622.194192,341455.449516,17.18,2025-07-02,1.02,2025-05-06,,6891177.546,53654645.333331,0.951292,-0.52,11391644.444444,Pharmaceuticals: Major,9.0,2014.0,,
3056,QNC,2026-05-05 19:38:20.384385,2026-05-05 19:38:20.384385,2.86,2.92,2.71,541672.0,404258.786568,404258.786568,496837.9468,4.56,2026-02-23,0.3802,2025-05-06,,212035364.05,610619440.134275,20.0752,-73.32,220440231.095406,Semiconductors,13.0,2007.0,,
3058,UDMY,2026-05-05 19:38:20.384385,2026-05-05 19:38:20.384385,4.67,4.77,4.61,577639.0,1729346.749373,1729346.749373,1620456.98845,8.09,2025-07-31,4.02,2026-04-24,,97356802.64466,692464109.053532,3.21858,183.858268,145935534.047109,Packaged Software,1380.0,2010.0,,
3061,SATL,2026-05-05 19:38:20.384385,2026-05-05 19:38:20.384385,7.15,7.35,6.66,6050663.0,7636422.062858,7636422.062858,9834776.03027,8.35,2026-04-22,1.255,2025-11-21,,92563630.72,1000695193.795,15.8232,-20.43,143058641.0,Aerospace & Defense,154.0,2010.0,,
3075,CMRE,2026-05-05 19:38:20.384385,2026-05-05 19:38:20.384385,16.69,17.14,16.67,493791.0,388532.596987,388532.596987,365889.278288,18.055,2026-04-09,6.63,2025-05-07,2.851829,43693494.726,2055439505.0,0.898939,5.992495,120589000.0,Marine Shipping,1880.0,1974.0,2026-05-05 00:00:00,2026-04-20 00:00:00
3076,FDMT,2026-05-05 19:38:20.384385,2026-05-05 19:38:20.384385,9.55,9.86,9.485,541897.0,628039.071777,628039.071777,684219.829486,12.34,2025-10-24,3.0,2025-05-09,,46589146.8039,508110397.016951,1.07545,-3.86,52274732.20339,Biotechnology,196.0,2013.0,,
3077,BRCB,2026-05-05 19:38:20.384385,2026-05-05 19:38:20.384385,11.38,12.195,11.3,283609.0,354316.183458,354316.183458,315603.763871,30.4,2025-09-15,11.3,2026-05-05,,16821193.253388,603172465.180143,4.35478,,50055806.239016,Restaurants,2800.0,2008.0,,
3084,SARO,2026-05-05 19:38:20.384385,2026-05-05 19:38:20.384385,24.785,25.11,24.54,3998928.0,4369077.107832,4369077.107832,3668659.91696,34.48,2026-01-20,23.83,2026-04-23,,246998532.43374,8349635982.0,3.08061,29.621596,332654820.0,Other Transportation,8000.0,1911.0,,
3087,CSIQ,2026-05-05 19:38:20.384385,2026-05-05 19:38:20.384385,16.03,16.93,15.9,1846851.0,2979861.199146,2979861.199146,2734929.41677,34.59,2025-11-14,8.835,2025-05-07,,53355805.9755,1139321000.378064,0.383247,-10.29,67816726.21298,Semiconductors,12587.0,2001.0,,
3088,KW,2026-05-05 19:38:20.384385,2026-05-05 19:38:20.384385,10.89,10.93,10.89,1302575.0,879280.670898,879280.670898,770068.997587,10.99,2026-03-03,5.98,2025-05-22,4.411765,120510468.088,1521888390.8341,2.01293,-38.42,139303285.202206,Real Estate Development,321.0,1977.0,2026-04-09 00:00:00,2026-03-31 00:00:00
3089,VISN,2026-05-05 19:38:20.384385,2026-05-05 19:38:20.384385,12.495,12.54,12.2,7397573.0,11753086.778992,11753086.778992,8391371.02407,20.55,2025-12-11,4.5403,2025-05-06,,217365342.39,2767743900.0,0.600609,-55.75,225570000.0,Telecommunications Equipment,4500.0,1976.0,2026-04-27 00:00:00,2026-04-28 00:00:00
3097,IDYA,2026-05-05 19:38:20.384385,2026-05-05 19:38:20.384385,28.12,29.18,27.935,631912.0,990762.226097,990762.226097,1724346.69216,39.28,2026-01-07,16.82,2025-05-07,,82571152.944,2526409490.788225,2.48043,-22.17,87814024.705882,Pharmaceuticals: Major,145.0,2015.0,,
3099,NBBK,2026-05-05 19:38:20.384385,2026-05-05 19:38:20.384385,19.88,20.2,19.85,218876.0,540794.61201,540794.61201,385108.897377,22.8601,2026-04-17,15.44,2025-06-06,1.057935,37043263.722129,909852496.297482,1.05436,14.518724,45165177.279597,Regional Banks,526.0,1892.0,2026-05-20 00:00:00,2026-05-06 00:00:00
3100,EMPD,2026-05-05 19:38:20.384385,2026-05-05 19:38:20.384385,4.92,5.2,4.92,346095.0,250488.958621,250488.958621,513379.680696,44.09,2025-07-17,3.185,2026-02-05,,19531249.09386,142902131.33,0.616471,-0.06,27667402.0,Motor Vehicles,15.0,2020.0,,
3102,BVS,2026-05-05 19:38:20.384385,2026-05-05 19:38:20.384385,10.225,10.73,10.125,508820.0,385972.0648,385972.0648,445535.129125,10.76,2026-04-17,5.81,2025-08-05,,46503563.3139,889310880.489672,3.7065,30.827523,83425035.693215,Medical Specialties,930.0,2011.0,,
3106,LBTYK,2026-05-05 19:38:20.384385,2026-05-05 19:38:20.384385,11.51,11.86,11.27,1487394.0,1220695.326142,1220695.326142,1514028.50658,13.12,2026-02-18,9.27,2025-05-13,,126385975.116,4054801143.158127,0.40942,-0.71,345089458.992181,Major Telecommunications,6636.0,2004.0,2024-11-12 00:00:00,2024-11-13 00:00:00
3107,ESLA,2026-05-05 19:38:20.384385,2026-05-05 19:38:20.384385,1.5,1.55,1.39,18806.0,45031.019516,45031.019516,167675.902357,3.15,2025-11-04,0.78,2025-06-03,,16807742.214,60008639.651961,-5.6044,-4.29,42665225.490196,Biotechnology,,2022.0,,
3108,SBMT,2026-05-05 19:38:20.384385,2026-05-05 19:38:20.384385,10.7713,10.818,9.2,368721.0,616779.007266,616779.007266,462583.8412,11.5,2026-04-29,9.2,2026-05-05,,27469768.5075,282934822.5,6.34397,-29.35,29518500.0,Precious Metals,18.0,2020.0,,
3116,GILT,2026-05-05 19:38:20.384385,2026-05-05 19:38:20.384385,19.48,20.56,19.48,1454341.0,471697.082845,471697.082845,572433.017089,20.56,2026-05-05,5.43,2025-05-23,,63183231.6408,1518173658.466185,2.70663,53.453804,75643929.17121,Telecommunications Equipment,1159.0,1987.0,2021-01-20 00:00:00,2021-01-08 00:00:00
3117,CPRX,2026-05-05 19:38:20.384385,2026-05-05 19:38:20.384385,28.99,30.965,28.75,2824128.0,2600142.463454,2600142.463454,1910147.86912,32.56,2026-04-27,19.05,2025-09-25,,109839914.226,3776210793.788881,3.71546,17.183232,122346048.721493,Pharmaceuticals: Major,182.0,2002.0,,
3120,YDDL,2026-05-05 19:38:20.384385,2026-05-05 19:38:20.384385,5.01,5.12,4.9,113687.0,190916.030104,190916.030104,318960.871718,16.23,2026-04-07,3.61,2025-11-14,,8229582.48828,269730009.97006,10.3038,42.171717,54000001.996008,Environmental Services,97.0,2024.0,,
3122,NX,2026-05-05 19:38:20.384385,2026-05-05 19:38:20.384385,18.87,19.7,18.8,183843.0,305033.037822,305033.037822,350725.711128,22.975,2026-02-20,11.04,2025-11-19,1.725067,45103592.4988,900761999.828568,1.16661,-3.72,45933809.272237,Building Products,7071.0,1927.0,2026-03-31 00:00:00,2026-03-17 00:00:00
3124,HZO,2026-05-05 19:38:20.384385,2026-05-05 19:38:20.384385,28.04,30.0,28.04,444428.0,333868.051458,333868.051458,293152.263866,32.0,2026-02-26,20.52,2025-06-02,,19510619.0502,655779514.0,0.653581,-10.11,22028200.0,Specialty Stores,3385.0,1998.0,,
3125,CMP,2026-05-05 19:38:20.384385,2026-05-05 19:38:20.384385,25.85,26.87,25.73,561653.0,556543.596184,556543.596184,504428.624918,27.15,2026-04-22,13.52578,2025-05-06,,32114886.3721,1106656335.5,4.08628,-27.81,41863300.0,Chemicals: Specialty,1849.0,1844.0,2024-03-20 00:00:00,2024-03-08 00:00:00
3133,EPRX,2026-05-05 19:38:20.384385,2026-05-05 19:38:20.384385,7.715,7.715,7.05,193041.0,196165.51274,196165.51274,173653.344842,9.32,2026-01-21,3.6669,2025-05-14,,49526374.348,452913512.979783,7.36835,-7.48,61958072.911051,Biotechnology,,2011.0,,
3134,SIBN,2026-05-05 19:38:20.384385,2026-05-05 19:38:20.384385,13.34,13.67,13.07,650842.0,558480.594415,558480.594415,662201.214899,21.89,2026-01-08,11.8,2026-04-29,,41946345.8775,599281114.34832,3.28216,-30.66,44243714.606742,Medical Specialties,376.0,2008.0,,
3137,CYRX,2026-05-05 19:38:20.384385,2026-05-05 19:38:20.384385,10.98,12.65,10.98,2209999.0,418888.143516,418888.143516,452856.025282,12.65,2026-05-05,5.31,2025-06-03,,47757428.6957,611912482.18707,1.1056,-10.95,50197906.660137,Air Freight/Couriers,738.0,1990.0,,
3139,CRK,2026-05-05 19:38:20.384385,2026-05-05 19:38:20.384385,17.52,17.69,17.27,2107959.0,1907040.893217,1907040.893217,1987419.37341,31.1737,2025-06-23,14.65,2025-08-18,,59146347.586,5092461040.0,1.96749,13.314851,294022000.0,Oil & Gas Production,252.0,1919.0,2023-12-15 00:00:00,2023-11-30 00:00:00
3142,SLDE,2026-05-05 19:38:20.384385,2026-05-05 19:38:20.384385,18.58,18.775,18.28,1647873.0,1857234.764505,1857234.764505,1708959.65832,25.9,2025-06-20,12.53,2025-09-17,,69190802.41976,2131947533.950084,1.94568,5.116034,114559244.167119,Packaged Software,504.0,2021.0,,
3144,CLB,2026-05-05 19:38:20.384385,2026-05-05 19:38:20.384385,13.78,14.51,13.775,561036.0,575085.423278,575085.423278,439070.506312,20.36,2026-01-23,9.72,2025-08-11,0.290276,45430326.1048,655034107.0,2.3599,20.493754,46096700.0,Oil & Gas Production,3300.0,2012.0,2026-06-01 00:00:00,2026-05-11 00:00:00
3147,CLBK,2026-05-05 19:38:20.384385,2026-05-05 19:38:20.384385,18.78,19.34,18.72,183752.0,315275.276436,315275.276436,258457.245421,19.74,2026-05-01,13.66,2025-06-18,,26111253.675,2002669890.0,1.66189,34.042166,104143000.0,Savings Banks,796.0,1927.0,,
3150,PATH,2026-05-05 19:38:20.384385,2026-05-05 19:38:20.384385,10.86,10.8799,10.42,29376366.0,25747804.396592,25747804.396592,24710563.3437,19.84,2025-12-08,9.28,2026-04-10,,415485114.171,5605967186.297322,2.79273,20.899267,523922166.943675,Packaged Software,3981.0,2005.0,,
3155,MG,2026-05-05 19:38:20.384385,2026-05-05 19:38:20.384385,18.855,19.5558,18.51,248002.0,164926.946823,164926.946823,157064.606095,19.5558,2026-05-05,7.06,2025-05-08,,17741341.9037,604358216.5,2.50951,35.586443,31816700.0,Engineering & Construction,4800.0,1978.0,,
3157,KD,2026-05-05 19:38:20.384385,2026-05-05 19:38:20.384385,14.44,14.775,14.3,4940019.0,4044731.706784,4044731.706784,3806690.26406,44.2,2025-07-08,10.1,2026-02-09,,220500427.75702,3311819290.415573,2.72373,13.717827,225447194.718555,Data Processing Services,73000.0,2020.0,,
3159,GPGI,2026-05-05 19:38:20.384385,2026-05-05 19:38:20.384385,16.1905,16.725,15.97,2345892.0,3440718.068427,3440718.068427,3350835.10876,26.78,2025-11-03,11.07,2025-05-05,0.015694,181701396.877,4836331260.517261,8.31976,-11.12,289861028.499686,Commercial Printing/Forms,971.0,2000.0,2026-02-27 00:00:00,2026-02-13 00:00:00
3160,NCLH,2026-05-05 19:38:20.384385,2026-05-05 19:38:20.384385,17.2,17.45,16.91,33595121.0,24236475.947609,24236475.947609,21679880.5999,27.1799,2025-09-12,16.78,2025-05-06,,454968368.69,7712348225.4,3.24766,14.722246,455546000.0,Hotels/Resorts/Cruise lines,44500.0,1966.0,,
3161,SPNT,2026-05-05 19:38:20.384385,2026-05-05 19:38:20.384385,22.95,23.535,22.945,388307.0,569647.362702,569647.362702,701497.046343,23.97,2026-04-27,17.17,2025-09-22,,102586893.14,2722357300.0,1.17361,5.984389,116990000.0,Property/Casualty Insurance,1099.0,1945.0,,
3162,EGHT,2026-05-05 19:38:20.384385,2026-05-05 19:38:20.384385,2.66,2.79,2.465,2074933.0,1569111.898922,1569111.898922,1398180.08452,2.8598,2026-05-04,1.56,2025-06-02,,133981563.328,385215230.040892,2.62288,-85.13,139318347.211896,Packaged Software,1942.0,1987.0,,
3163,AVLN,2026-05-05 19:38:20.384385,2026-05-05 19:38:20.384385,29.32,29.6,25.4401,467845.0,2566446.380663,2566446.380663,1924834.7855,30.6683,2026-05-04,18.0,2026-04-29,,41812046.0,1162374878.8,,,41812046.0,Pharmaceuticals: Major,50.0,2011.0,,
3164,VYX,2026-05-05 19:38:20.384385,2026-05-05 19:38:20.384385,7.215,7.26,7.01,1503827.0,1887593.872647,1887593.872647,2106900.10515,14.67,2025-07-29,6.02,2026-04-02,,137678718.576,1007137257.452715,1.04892,24.151831,139011353.685675,Packaged Software,13500.0,1884.0,2023-10-16 00:00:00,2023-10-17 00:00:00
3165,OFIX,2026-05-05 19:38:20.384385,2026-05-05 19:38:20.384385,12.0,12.54,11.34,818934.0,217119.010912,217119.010912,227970.660425,16.99,2025-11-04,10.24,2025-06-23,,38928948.0012,499396336.0,1.06304,-5.13,40144400.0,Medical Specialties,1605.0,1987.0,,
3166,FCEL,2026-05-05 19:38:20.384385,2026-05-05 19:38:20.384385,13.2,14.06,12.66,10868276.0,10173457.88856,10173457.88856,6366795.09332,14.3,2026-05-01,3.5768,2025-05-06,,52811814.2835,716790987.0,0.985762,-1.96,52977900.0,Electronic Equipment/Instruments,424.0,1969.0,,
3168,GRPN,2026-05-05 19:38:20.384385,2026-05-05 19:38:20.384385,15.76,16.1049,15.045,1382200.0,1888422.282649,1888422.282649,2183304.54982,43.08,2025-08-07,9.17,2026-03-13,,25056926.552,614411980.0,-14.4317,-7.1,40743500.0,Internet Retail,1734.0,2007.0,,
3170,STTK,2026-05-05 19:38:20.384385,2026-05-05 19:38:20.384385,6.9,7.08,6.44,516196.0,423782.133629,423782.133629,456365.697983,8.33,2026-04-20,0.712,2025-08-12,,64360321.3176,495060790.0,5.31494,-8.94,75581800.0,Biotechnology,40.0,2016.0,,
3173,GERN,2026-05-05 19:38:20.384385,2026-05-05 19:38:20.384385,1.598,1.66,1.57,15760270.0,11839673.399662,11839673.399662,16421985.6022,2.01,2026-02-19,1.04,2025-11-05,,608361507.0,1060690080.83121,4.44759,-12.2,640900350.955414,Biotechnology,258.0,1990.0,2014-08-15 00:00:00,2014-07-22 00:00:00
3175,XRAY,2026-05-05 19:38:20.384385,2026-05-05 19:38:20.384385,11.18,11.43,10.91,9476093.0,4186783.101064,4186783.101064,3304628.97281,17.18,2025-05-12,9.85,2025-11-20,5.714286,198637101.674,2277649770.0,1.66954,-3.79,200321000.0,Medical Specialties,14000.0,1899.0,2026-01-09 00:00:00,2025-12-26 00:00:00
3176,RXRX,2026-05-05 19:38:20.384385,2026-05-05 19:38:20.384385,3.52,3.5579,3.32,13484661.0,11073962.645817,11073962.645817,11139547.3333,7.18,2025-10-20,2.8,2026-03-30,,466640374.481,1783021433.625,1.64405,-2.37,528302647.0,Biotechnology,600.0,2013.0,,
3177,BW,2026-05-05 19:38:20.384385,2026-05-05 19:38:20.384385,15.4,15.8,14.92,2173232.0,3252173.936765,3252173.936765,3127929.70555,18.8,2026-04-15,0.4052,2025-05-07,,130208884.596,2102643580.0,-14.9458,-17.28,135742000.0,Electronic Equipment/Instruments,1650.0,1856.0,,
3178,SST,2026-05-05 19:38:20.384385,2026-05-05 19:38:20.384385,3.7085,3.96,3.46,698050.0,5476136.097584,5476136.097584,3429791.95152,15.0,2025-06-23,1.35,2026-03-26,,4136181.447,38992198.318058,0.984884,-0.45,9896497.03504,Packaged Software,250.0,2013.0,,
3179,MTRX,2026-05-05 19:38:20.384385,2026-05-05 19:38:20.384385,13.49,14.02,13.44,357727.0,230825.944656,230825.944656,181675.060398,16.105,2025-07-30,9.88,2026-03-20,,26289224.566,392109956.292312,2.74165,-19.44,28128404.32513,Engineering & Construction,2239.0,1984.0,,
3183,BDTX,2026-05-05 19:38:20.384385,2026-05-05 19:38:20.384385,2.74,2.885,2.715,865887.0,844271.272196,844271.272196,838210.651138,4.94,2025-11-12,1.46,2025-05-06,,44974665.8011,163845827.118519,1.37484,6.948019,57288750.740741,Biotechnology,21.0,2014.0,,
3190,EVTL,2026-05-05 19:38:20.384385,2026-05-05 19:38:20.384385,2.41,2.47,2.331,2490232.0,2384943.288231,2384943.288231,3877632.17414,7.6,2025-07-08,1.9,2026-03-30,,121036596.192,304950572.177967,-1.4866,0.681608,127328005.084746,Aerospace & Defense,454.0,2016.0,,
3192,INVA,2026-05-05 19:38:20.384385,2026-05-05 19:38:20.384385,23.03,23.285,22.64,620479.0,495619.560997,495619.560997,561709.906703,25.145,2026-02-26,16.52,2025-10-15,,73574665.4831,1677769305.0,1.46301,6.963712,74073700.0,Pharmaceuticals: Major,159.0,1996.0,2015-09-30 00:00:00,2015-09-08 00:00:00
3195,NNVC,2026-05-05 19:38:20.384385,2026-05-05 19:38:20.384385,1.57,1.57,1.39,410811.0,320523.11773,320523.11773,297634.965656,2.2299,2025-11-05,0.85,2026-02-05,,20994572.62,31096800.0,2.92574,-3.11,21595000.0,Pharmaceuticals: Major,7.0,2005.0,,
3196,HOVR,2026-05-05 19:38:20.384385,2026-05-05 19:38:20.384385,2.35,2.35,2.22,1252073.0,1559770.178479,1559770.178479,1126812.66335,4.18,2025-10-15,0.45,2025-05-06,,37330040.99604,102974116.7,18.4289,-3.81,45263348.0,Aerospace & Defense,30.0,2022.0,,
3199,STXS,2026-05-05 19:38:20.384385,2026-05-05 19:38:20.384385,1.92,1.97,1.9,239468.0,314169.163213,314169.163213,412806.515593,3.59,2025-10-09,1.74,2026-03-19,,81931690.8225,187156872.757895,13.4361,-7.63,97477537.894737,Medical Specialties,131.0,1990.0,,
3201,GCTS,2026-05-05 19:38:20.384385,2026-05-05 19:38:20.384385,1.52,1.55,1.4202,2318825.0,2120870.705189,2120870.705189,1572959.72019,2.47,2025-05-14,0.9,2025-06-03,,55912249.95592,109103650.6,-1.0609,-1.87,72494120.0,Semiconductors,126.0,1998.0,,
3203,PRGS,2026-05-05 19:38:20.384385,2026-05-05 19:38:20.384385,29.26,29.28,28.435,474474.0,893082.190711,893082.190711,1045094.59416,65.5,2025-06-30,23.82,2026-04-01,,41166083.4804,1222804387.477677,2.47406,14.979571,42078609.341971,Packaged Software,2801.0,1981.0,2024-09-16 00:00:00,2024-08-30 00:00:00
3204,ALMR,2026-05-05 19:38:20.384385,2026-05-05 19:38:20.384385,23.67,24.415,23.13,121786.0,336272.311733,336272.311733,717517.0836,27.2,2026-04-28,17.0,2026-04-16,,36425064.62208,1604530759.2,,,67163280.0,Biotechnology,222.0,2018.0,,
3208,ZENA,2026-05-05 19:38:20.384385,2026-05-05 19:38:20.384385,2.37,2.38,2.1001,2810428.0,2655776.066317,2655776.066317,2051572.9047,7.1093,2025-10-15,1.91,2026-04-29,,18592918.33784,102412290.263599,9.74039,-2.88,48080887.447699,Information Technology Services,500.0,2017.0,,
3210,FJET,2026-05-05 19:38:20.384385,2026-05-05 19:38:20.384385,4.935,5.0699,4.71,809347.0,1031589.826768,1031589.826768,1207167.43225,31.5,2025-12-22,4.39,2026-04-13,,29286902.35927,216231602.130612,8.6371,-17.79,44173973.877551,Miscellaneous Commercial Services,,,,
3211,TSHA,2026-05-05 19:38:20.384385,2026-05-05 19:38:20.384385,6.71,6.95,6.565,2248675.0,2184417.299642,2184417.299642,2849432.45406,6.95,2026-05-05,1.845,2025-05-07,,235593429.852,1995590222.423948,7.66487,-18.42,287342004.668675,Biotechnology,99.0,2019.0,,
3214,ANGX,2026-05-05 19:38:20.384385,2026-05-05 19:38:20.384385,3.0906,3.1693,2.88,1841636.0,1686944.192295,1686944.192295,2147341.38869,60.0,2025-09-08,2.045,2026-04-10,,69758077.657485,586541674.270627,-12.464,-2.85,186796711.551155,Movies/Entertainment,311.0,,,
3216,RXO,2026-05-05 19:38:20.384385,2026-05-05 19:38:20.384385,18.105,18.42,17.905,2213786.0,1657738.006741,1657738.006741,1792289.10482,20.38,2026-05-01,10.425,2025-11-18,,163489072.6734,2997744386.0,1.88555,-29.82,164711230.0,Packaged Software,9218.0,2022.0,,
3222,LUMN,2026-05-05 19:38:20.384385,2026-05-05 19:38:20.384385,9.43,9.45,9.16,14223955.0,11107527.147861,11107527.147861,13027864.1544,11.95,2025-11-03,3.37,2025-08-01,,943327416.16,9475278926.087885,-8.5653,-5.34,1029921622.400857,Major Telecommunications,24000.0,1930.0,2022-09-09 00:00:00,2022-08-29 00:00:00
3223,LE,2026-05-05 19:38:20.384385,2026-05-05 19:38:20.384385,10.92,11.1,10.82,149106.0,190658.645294,190658.645294,354838.447656,20.04,2026-01-26,7.65,2025-05-07,,9574048.2394,333036977.999997,1.35544,61.014085,30751336.842105,Apparel/Footwear Retail,3900.0,1963.0,,
3226,LFMD,2026-05-05 19:38:20.384385,2026-05-05 19:38:20.384385,5.09,5.21,4.93,936470.0,1006325.690372,1006325.690372,1221337.46125,15.84,2025-06-23,2.56,2026-02-24,,39576370.1004,245626081.320238,10.2557,-25.8,47973844.007859,Medical/Nursing Services,389.0,1987.0,,
3227,TILE,2026-05-05 19:38:20.384385,2026-05-05 19:38:20.384385,26.7,27.48,26.635,343657.0,475588.134848,475588.134848,542614.669926,35.11,2026-02-09,18.7439,2025-05-23,0.29985,56907625.698,1595112470.498492,2.41079,13.595597,58429028.223388,Building Products,3570.0,1973.0,2026-04-10 00:00:00,2026-03-27 00:00:00
3228,KYIV,2026-05-05 19:38:20.384385,2026-05-05 19:38:20.384385,12.44,12.67,12.3,388071.0,424579.003605,424579.003605,505820.915618,16.48,2025-08-19,9.29,2026-03-30,,37260464.81352,2883486845.857955,2.202,21.59289,230863638.5795,Financial Conglomerates,5183.0,1994.0,,
3229,SMR,2026-05-05 19:38:20.384385,2026-05-05 19:38:20.384385,12.21,12.39,11.58,18634970.0,33231067.881298,33231067.881298,36312401.1714,57.42,2025-10-16,8.85,2026-04-13,,312759093.666,4079572078.976186,3.31876,-5.27,343109510.426929,Electrical Products,428.0,2007.0,,
3231,DGXX,2026-05-05 19:38:20.384385,2026-05-05 19:38:20.384385,5.34,5.68,4.71,115837539.0,2119620.531627,2119620.531627,2275364.70742,6.78,2025-11-03,1.16,2025-05-22,,61948284.5142,374080897.0,2.24623,-11.66,73493300.0,Data Processing Services,,2017.0,,
3235,SPIR,2026-05-05 19:38:20.384385,2026-05-05 19:38:20.384385,17.95,18.43,16.38,2479825.0,1364385.728033,1364385.728033,2665983.0602,23.59,2026-04-13,6.6,2025-12-17,,27063511.0104,575309089.784525,5.11592,11.717701,35037094.383954,Packaged Software,377.0,2012.0,,
3243,JAGU,2026-05-05 19:38:20.384385,2026-05-05 19:38:20.384385,2.3,2.4499,2.2541,48767.0,132333.350331,132333.350331,213826.884934,5.5,2026-02-10,1.44,2026-03-13,,14205615.337305,48364095.915,10.7588,-29.76,20193777.0,Other Metals/Minerals,3.0,2022.0,,
3246,NAUT,2026-05-05 19:38:20.384385,2026-05-05 19:38:20.384385,2.94,3.0256,2.81,275800.0,292709.365278,292709.365278,299583.832042,4.3101,2026-03-25,0.62,2025-09-04,,60542341.785,364716730.0,2.54289,-6.4,127079000.0,Biotechnology,130.0,2016.0,,
3248,NNOX,2026-05-05 19:38:20.384385,2026-05-05 19:38:20.384385,1.9,1.91,1.78,1038303.0,2501969.800206,2501969.800206,2127909.39603,5.86,2025-05-13,1.66,2026-04-30,,69017472.654,125262405.240642,0.931307,-1.56,69590225.13369,Medical Specialties,197.0,2011.0,,
3249,GRRR,2026-05-05 19:38:20.384385,2026-05-05 19:38:20.384385,15.35,15.7488,14.94,918507.0,771920.259854,771920.259854,677797.026857,27.8999,2025-06-20,9.04,2026-03-30,,24398943.605684,417573296.571993,2.02214,19.43,27653860.700132,Packaged Software,200.0,2001.0,,
3252,FATE,2026-05-05 19:38:20.384385,2026-05-05 19:38:20.384385,2.05,2.36,1.975,10705840.0,2141131.375303,2141131.375303,1775271.35799,2.36,2026-05-05,0.910001,2025-08-11,,110144659.625,273800436.525,1.00225,-1.57,116263455.0,Biotechnology,161.0,2007.0,,
3262,CMPX,2026-05-05 19:38:20.384385,2026-05-05 19:38:20.384385,1.95,2.0,1.8416,7685425.0,26979321.447823,26979321.447823,14581724.1249,6.88,2026-02-03,1.61,2026-04-27,,120850393.544,352072040.0,1.75795,-4.47,180088000.0,Pharmaceuticals: Major,39.0,2014.0,,
3263,XPOF,2026-05-05 19:38:20.384385,2026-05-05 19:38:20.384385,6.53,6.86,6.46,504150.0,263219.797475,263219.797475,365827.523526,11.14,2025-07-21,3.83,2026-03-02,,28319248.32,319315494.135135,-0.8726,-4.57,49049999.099099,Other Consumer Services,340.0,2017.0,,
3266,ARDX,2026-05-05 19:38:20.384385,2026-05-05 19:38:20.384385,7.31,7.42,6.94,5857346.0,4929890.407378,4929890.407378,3721022.22878,8.4,2026-01-23,3.21,2025-05-15,,236234326.758,1763789879.81096,11.4966,-29.93,247029394.931507,Pharmaceuticals: Major,489.0,2007.0,,
3269,UMAC,2026-05-05 19:38:20.384385,2026-05-05 19:38:20.384385,13.87,13.87,13.21,2280136.0,3309335.998682,3309335.998682,3926904.29605,23.38,2026-03-12,4.67,2025-05-22,,34214124.449934,531233543.046338,2.98082,-18.35,38961022.592324,Electronic Equipment/Instruments,141.0,2019.0,,
3271,PSTV,2026-05-05 19:38:20.384385,2026-05-05 19:38:20.384385,6.44,6.5774,6.195,103100.0,202144.170748,202144.170748,536433.202593,23.425,2025-10-06,2.9,2026-04-07,,6817831.66477,43093548.4,8.74538,-0.2,6862030.0,Pharmaceuticals: Major,28.0,1996.0,,
3272,CSHR,2026-05-05 19:38:20.384385,2026-05-05 19:38:20.384385,6.81,7.38,6.37,473556.0,1063318.494248,1063318.494248,810774.664518,13.7001,2026-03-26,4.72,2026-04-10,,59238318.14264,858350026.622615,0.8675,36.07,132257323.054332,Packaged Software,93.0,2025.0,,
3276,UEC,2026-05-05 19:38:20.384385,2026-05-05 19:38:20.384385,15.085,15.28,14.13,7683804.0,9248995.327288,9248995.327288,8229056.79836,20.34,2026-01-22,5.025,2025-05-20,,481364177.193,7115557815.0,5.13176,-81.25,490221000.0,Other Metals/Minerals,171.0,2003.0,,
3279,SMJF,2026-05-05 19:38:20.384385,2026-05-05 19:38:20.384385,3.2101,3.3,2.87,1378171.0,624829.046333,624829.046333,764915.865764,7.0,2025-12-04,0.82,2026-02-17,,2500002.1225,89925000.0,17.0556,158.252427,27500000.0,Building Products,41.0,1988.0,,
3290,STRZ,2026-05-05 19:38:20.384385,2026-05-05 19:38:20.384385,19.655,20.15,19.3749,81688.0,123620.93431,123620.93431,157073.972915,22.98,2025-06-02,8.0,2025-05-07,,11301795.301632,326385284.654616,0.500742,-16.21,16789366.494579,Movies/Entertainment,541.0,1987.0,,
3298,LTH,2026-05-05 19:38:20.384385,2026-05-05 19:38:20.384385,26.995,29.6,26.76,7727244.0,2154359.700034,2154359.700034,1965073.08616,34.99,2025-05-08,24.14,2025-11-04,,142180383.3562,6516633545.094356,1.85845,15.859031,221805090.030441,Other Consumer Services,44000.0,1992.0,,
3299,ERO,2026-05-05 19:38:20.384385,2026-05-05 19:38:20.384385,25.8,26.4,25.08,2859189.0,1096822.581842,1096822.581842,1037289.79936,39.799,2026-01-29,12.79,2025-07-31,,98234672.788,2696557500.666386,2.72416,8.698745,104477237.530662,Other Metals/Minerals,,2016.0,,
3304,URGN,2026-05-05 19:38:20.384385,2026-05-05 19:38:20.384385,23.33,23.89,22.99,759374.0,771189.394677,771189.394677,795099.373838,30.0,2025-11-26,3.42,2025-05-21,,38532624.6376,1160099209.0,-10.6763,-7.26,48682300.0,Biotechnology,291.0,2004.0,,
3306,DCH,2026-05-05 19:38:20.384385,2026-05-05 19:38:20.384385,5.43,5.46,5.31,3291974.0,3084179.950878,3084179.950878,3581055.49289,9.25,2026-02-05,3.94,2025-07-01,,225331296.407,1274882595.0,0.994113,-32.41,236747000.0,Auto Parts: OEM,18000.0,1994.0,2008-12-29 00:00:00,2008-12-04 00:00:00
3307,AMTX,2026-05-05 19:38:20.384385,2026-05-05 19:38:20.384385,3.6,3.8,3.54,1831155.0,1999991.99198,1999991.99198,1699408.61779,3.8,2026-05-05,1.22,2025-05-08,,63015190.3584,249753624.0,-0.7895,-2.76,68145600.0,Chemicals: Specialty,220.0,2006.0,,
3316,BWLP,2026-05-05 19:38:20.384385,2026-05-05 19:38:20.384385,20.61,20.74,20.5,380421.0,392200.205073,392200.205073,359294.327419,20.74,2026-05-05,9.95,2025-05-07,6.997633,86613702.997206,3309113943.017848,1.58135,12.609348,159860576.957384,Marine Shipping,1444.0,1955.0,2026-03-23 00:00:00,2026-03-13 00:00:00
3319,ANNX,2026-05-05 19:38:20.384385,2026-05-05 19:38:20.384385,5.78,5.88,5.635,1917644.0,2059561.321492,2059561.321492,2234222.67381,7.18,2026-01-23,1.6,2025-05-09,,143568759.234,932791788.007033,4.0155,-4.2,162507280.140598,Pharmaceuticals: Major,96.0,2011.0,,
3320,SERV,2026-05-05 19:38:20.384385,2026-05-05 19:38:20.384385,9.443,9.45,8.9,3015096.0,3078262.681686,3078262.681686,3138808.04968,18.64,2025-10-15,5.87,2025-05-07,,66236400.82782,692565155.807488,1.99226,-5.84,75690180.962567,Industrial Machinery,380.0,2017.0,,
3328,ESPR,2026-05-05 19:38:20.384385,2026-05-05 19:38:20.384385,3.11,3.12,3.11,25966861.0,27443265.832142,27443265.832142,17489394.9029,4.175,2026-01-08,0.6925,2025-05-15,,246512135.21,803103600.0,-2.5337,-14.89,257405000.0,Pharmaceuticals: Major,294.0,1998.0,,
3334,PANL,2026-05-05 19:38:20.384385,2026-05-05 19:38:20.384385,7.54,7.965,7.54,456760.0,411573.169869,411573.169869,438896.79325,9.3901,2026-02-27,3.945,2025-05-06,2.677376,34901087.784,516997510.5,1.13049,24.9499,65318700.0,Miscellaneous,1070.0,1996.0,2026-03-13 00:00:00,2026-02-27 00:00:00
3336,VACI,2026-05-05 19:38:20.384385,2026-05-05 19:38:20.384385,10.115,10.115,10.105,50478.0,129904.303588,129904.303588,265241.6605,10.3,2026-04-21,9.86,2025-11-21,,23660000.0,316712603.37,1.41695,1531.818182,31326667.0,Financial Conglomerates,3.0,2025.0,,
3345,DRVN,2026-05-05 19:38:20.384385,2026-05-05 19:38:20.384385,13.88,13.96,13.51,1241058.0,2418691.315339,2418691.315339,1732759.81619,19.74,2025-09-05,9.8,2026-02-25,,58864993.668,2285091373.666666,2.82902,-10.94,164454219.047619,Other Consumer Services,10700.0,1972.0,,
3348,LSPD,2026-05-05 19:38:20.384385,2026-05-05 19:38:20.384385,9.56,9.6,9.24,902943.0,1253625.367811,1253625.367811,916109.355981,14.34,2025-07-31,8.365,2026-03-27,,122731441.686,1291014366.910999,0.872592,-2.07,137341953.926702,Packaged Software,3000.0,2005.0,,
3356,GDOT,2026-05-05 19:38:20.384385,2026-05-05 19:38:20.384385,12.54,12.635,12.465,218247.0,383152.874278,383152.874278,437113.976343,15.4099,2025-09-19,8.045,2025-05-07,,50501820.0609,707982943.5,0.780817,-7.0,56661300.0,Finance/Rental/Leasing,900.0,1999.0,,
3358,LOCO,2026-05-05 19:38:20.384385,2026-05-05 19:38:20.384385,13.0,13.2,12.9525,167464.0,248838.989936,248838.989936,255058.609994,14.5,2026-03-18,8.79,2025-05-06,,27520103.9025,391828404.0,1.33795,14.428413,29956300.0,Restaurants,4034.0,1980.0,2022-11-09 00:00:00,2022-10-21 00:00:00
3361,HLLY,2026-05-05 19:38:20.384385,2026-05-05 19:38:20.384385,3.23,3.31,3.21,480506.0,565451.65554,565451.65554,545086.120712,4.48,2026-02-18,1.6,2025-05-08,,76169276.552,391303720.0,0.866359,20.350657,119848000.0,Auto Parts: OEM,1407.0,1903.0,,
3362,LYFT,2026-05-05 19:38:20.384385,2026-05-05 19:38:20.384385,14.1,14.28,14.01,14238634.0,11392681.667478,11392681.667478,12760222.6321,25.54,2025-11-12,12.305,2025-05-07,,370620244.875,5472177747.130154,1.7217,2.064793,388925213.015647,Other Transportation,3913.0,2007.0,,
3364,LBTYA,2026-05-05 19:38:20.384385,2026-05-05 19:38:20.384385,11.8,12.1,11.5,2827449.0,2479908.783896,2479908.783896,2292578.62375,13.52,2026-02-18,9.025,2025-05-13,,168392120.28,4042607592.672316,0.420091,-0.73,336323427.011008,Major Telecommunications,6636.0,2004.0,2024-11-12 00:00:00,2024-11-13 00:00:00
3365,MITK,2026-05-05 19:38:20.384385,2026-05-05 19:38:20.384385,15.38,15.5595,15.13,1360059.0,916502.219519,916502.219519,968273.714774,15.795,2026-04-21,8.23,2025-05-06,,43657270.257,698097601.5,2.95739,44.155093,45316300.0,Information Technology Services,595.0,1983.0,,
3377,BBWI,2026-05-05 19:38:20.384385,2026-05-05 19:38:20.384385,18.58,19.04,18.295,7389700.0,5540572.463915,5540572.463915,5932924.73321,34.66,2025-05-12,14.275,2025-11-21,4.310345,199258006.584,3702426455.0,-2.8871,5.976878,201383000.0,Specialty Stores,60735.0,1963.0,2026-03-06 00:00:00,2026-02-20 00:00:00
3378,AMBP,2026-05-05 19:38:20.384385,2026-05-05 19:38:20.384385,3.95,4.01,3.9,706116.0,1263432.431115,1263432.431115,1153033.73463,5.03,2026-02-05,3.29,2025-11-07,10.152284,137268379.7,2342984000.0,-3.3738,-469.05,597700000.0,Containers/Packaging,6498.0,2021.0,2026-06-25 00:00:00,2026-06-11 00:00:00
3380,VTS,2026-05-05 19:38:20.384385,2026-05-05 19:38:20.384385,18.74,19.04,18.155,542196.0,408548.887275,408548.887275,528513.446432,27.15,2025-08-27,17.22,2026-04-08,11.137317,30759868.430475,786696336.488471,1.3609,30.92,41712425.052411,Oil & Gas Production,37.0,2022.0,2026-06-30 00:00:00,2026-06-15 00:00:00
3384,SSRM,2026-05-05 19:38:20.384385,2026-05-05 19:38:20.384385,29.01,29.19,28.14,2319904.0,2771192.492363,2771192.492363,3240468.11951,36.515,2026-04-09,10.185,2025-05-14,,202115701.425,5781537214.577283,1.64009,15.347956,204801176.570219,Precious Metals,4800.0,2020.0,2023-12-11 00:00:00,2023-11-09 00:00:00
3386,HURA,2026-05-05 19:38:20.384385,2026-05-05 19:38:20.384385,2.16,2.3391,2.16,610636.0,948595.039886,948595.039886,1390131.8607,4.2,2025-05-13,0.41,2026-02-03,,47966805.285,148061879.859814,6.14801,-3.39,63682528.971963,Biotechnology,22.0,2023.0,,
3389,CALY,2026-05-05 19:38:20.384385,2026-05-05 19:38:20.384385,14.33,14.75,14.33,2203805.0,2183229.983374,2183229.983374,2432234.46757,16.65,2026-01-22,5.865,2025-06-03,,137896135.496,2655940803.614737,1.26665,-7.39,181976074.245614,Recreational Products,28000.0,1982.0,2020-06-17 00:00:00,2020-05-26 00:00:00
3391,CZR,2026-05-05 19:38:20.384385,2026-05-05 19:38:20.384385,27.4,28.13,27.31,3025573.0,3236536.668425,3236536.668425,3524843.75362,31.58,2025-07-10,17.86,2026-02-17,,190226374.597,5723323700.0,1.6369,-11.86,203677000.0,Casinos/Gaming,50000.0,1937.0,,
3394,GEVO,2026-05-05 19:38:20.384385,2026-05-05 19:38:20.384385,2.07,2.165,2.06,3338400.0,2724829.42809,2724829.42809,4160799.69892,2.97,2026-03-31,1.01,2025-05-06,,232687756.696,506409756.65942,1.07626,-14.44,242882377.294686,Chemicals: Specialty,151.0,2005.0,,
3396,KRO,2026-05-05 19:38:20.384385,2026-05-05 19:38:20.384385,7.525,7.825,7.525,335050.0,384726.779305,384726.779305,318219.831424,7.9,2025-05-12,4.08,2025-11-07,2.695418,21472801.602,896839046.867924,1.13607,-7.69,115053116.981132,Chemicals: Specialty,2263.0,1916.0,2026-03-19 00:00:00,2026-03-10 00:00:00
3398,DRTS,2026-05-05 19:38:20.384385,2026-05-05 19:38:20.384385,7.76,7.8584,7.1701,759946.0,533970.958219,533970.958219,410818.778133,9.071,2026-05-04,2.57,2025-05-05,,69601679.1577,649071814.674632,8.5956,-14.26,88009737.583001,Medical Specialties,112.0,2015.0,,
3400,CRBP,2026-05-05 19:38:20.384385,2026-05-05 19:38:20.384385,10.6,10.74,10.27,234853.0,324565.364508,324565.364508,286453.141825,20.56,2025-10-20,6.1,2025-05-07,,16012405.781,190490010.0,1.25606,-1.78,17736500.0,Pharmaceuticals: Major,36.0,2009.0,,
3407,GNTX,2026-05-05 19:38:20.384385,2026-05-05 19:38:20.384385,22.64,22.985,22.38,2033222.0,2951330.724191,2951330.724191,2250856.92714,29.38,2025-09-17,20.48,2026-03-20,2.124834,212906713.145,4901069987.114662,1.95628,12.718878,213647340.327579,Auto Parts: OEM,6398.0,1974.0,2026-04-22 00:00:00,2026-04-08 00:00:00
3410,DGNX,2026-05-05 19:38:20.384385,2026-05-05 19:38:20.384385,1.9,2.13,1.81,1003448.0,684093.536376,684093.536376,847082.555065,318.836,2025-10-09,1.7703,2026-05-04,,13197421.7947,52818208.062162,5.23368,-5.27,29100941.081081,Packaged Software,32.0,,,
3411,BCTX,2026-05-05 19:38:20.384385,2026-05-05 19:38:20.384385,4.0259,4.0897,3.98,55327.0,150579.4388,150579.4388,154604.719405,39.5,2025-05-05,3.6,2026-02-24,,7154479.01142,29255727.15,0.959182,-0.15,7250490.0,Biotechnology,17.0,2006.0,,2023-09-05 00:00:00
3412,HTLD,2026-05-05 19:38:20.384385,2026-05-05 19:38:20.384385,12.57,12.825,12.57,380058.0,554445.249861,554445.249861,427465.875498,13.92,2026-04-29,6.995,2025-11-20,0.64,51527689.5731,989193571.0,1.29279,-22.83,77462300.0,Trucking,,1978.0,2026-04-03 00:00:00,2026-03-24 00:00:00
3413,OEC,2026-05-05 19:38:20.384385,2026-05-05 19:38:20.384385,7.82,8.37,7.765,559421.0,395753.444195,395753.444195,446186.292439,12.29,2025-05-05,4.345,2025-11-06,1.056122,54355104.4722,468197198.85714,1.1447,-6.25,56273701.785714,Chemicals: Specialty,1639.0,2011.0,2026-07-02 00:00:00,2026-06-10 00:00:00
3415,FNKO,2026-05-05 19:38:20.384385,2026-05-05 19:38:20.384385,4.28,4.425,4.28,228098.0,382137.777564,382137.777564,531051.014404,6.04,2026-02-20,2.22,2025-08-08,,39911773.755,241044263.296729,1.27439,-3.46,55926743.224299,Recreational Products,1104.0,1998.0,,
3417,DTCX,2026-05-05 19:38:20.384385,2026-05-05 19:38:20.384385,2.2,2.37,2.15,342333.0,475315.933233,475315.933233,403003.013796,16.49,2025-08-08,1.51,2026-01-14,,25811197.712655,84727667.7,1.00678,-1.52,36208405.0,Packaged Software,11.0,2019.0,,
3419,DC,2026-05-05 19:38:20.384385,2026-05-05 19:38:20.384385,5.525,5.58,5.375,684005.0,1020485.754764,1020485.754764,1158667.08783,7.25,2026-01-26,2.65,2025-05-05,,112699982.39748,717654842.5,5.53511,-20.46,133517180.0,Precious Metals,41.0,2017.0,,
3421,HCKT,2026-05-05 19:38:20.384385,2026-05-05 19:38:20.384385,13.76,14.14,13.52,341508.0,238464.824525,238464.824525,231187.126563,26.53,2025-05-06,12.19,2026-03-27,3.50365,22099376.7914,350308937.923361,5.04797,29.538594,25220225.912409,Miscellaneous Commercial Services,1503.0,1991.0,2026-04-03 00:00:00,2026-03-20 00:00:00
3424,RES,2026-05-05 19:38:20.384385,2026-05-05 19:38:20.384385,7.72,7.87,7.7,1086660.0,2201355.473339,2201355.473339,2274607.46137,8.16,2026-04-27,4.175,2025-10-13,2.061856,109137259.99,1729894529.30541,1.55721,53.223594,221639273.453608,Oilfield Services/Equipment,2893.0,1984.0,2026-06-10 00:00:00,2026-05-11 00:00:00
3425,MOB,2026-05-05 19:38:20.384385,2026-05-05 19:38:20.384385,6.8,7.0,6.355,221311.0,285900.044238,285900.044238,310615.465023,11.02,2025-10-06,1.5198,2025-05-23,,11648245.996162,85401592.566372,9.38525,-3.45,12633371.681416,Aerospace & Defense,38.0,2006.0,,
3426,CBIO,2026-05-05 19:38:20.384385,2026-05-05 19:38:20.384385,18.05,18.24,16.435,380095.0,374491.676071,374491.676071,303713.06632,27.97,2025-05-06,8.72,2026-02-09,,21313106.2719,496570563.219303,2.74727,-1.45,27571935.770089,Biotechnology,44.0,2024.0,,
3431,NMRK,2026-05-05 19:38:20.384385,2026-05-05 19:38:20.384385,15.67,16.35,15.58,1622268.0,1765051.167223,1765051.167223,1442596.03728,19.835,2025-10-24,10.2,2025-05-22,0.767263,154789481.088,3010942726.225,1.94693,19.306258,184437533.0,Real Estate Development,8800.0,1929.0,2026-05-29 00:00:00,2026-05-14 00:00:00
3434,AVR,2026-05-05 19:38:20.384385,2026-05-05 19:38:20.384385,6.21,6.35,6.15,413161.0,721591.139509,721591.139509,690069.311013,6.9494,2026-03-02,2.85,2025-07-16,,81176709.985056,601380275.158237,-2763.3929,-2.43,97232057.422512,Medical Specialties,174.0,1999.0,,
3439,TROX,2026-05-05 19:38:20.384385,2026-05-05 19:38:20.384385,9.95,10.54,9.94,2814992.0,2582567.542789,2582567.542789,2605733.98247,10.59,2026-04-27,2.86,2025-11-06,2.75,117403003.617,1670101115.235,1.11818,-3.37,159513000.5,Chemicals: Specialty,5750.0,2018.0,2026-07-08 00:00:00,2026-05-11 00:00:00
3441,RCUS,2026-05-05 19:38:20.384385,2026-05-05 19:38:20.384385,26.49,26.7,25.245,1150829.0,1463535.581952,1463535.581952,1261507.57639,28.72,2026-04-22,7.06,2025-05-07,,82863883.368,3278916900.0,5.17285,-7.9,125629000.0,Biotechnology,601.0,2015.0,,
3445,BRR,2026-05-05 19:38:20.384385,2026-05-05 19:38:20.384385,2.02,2.06,1.99,358929.0,539162.44122,539162.44122,852461.876398,16.25,2025-06-20,1.77,2026-04-07,,61273861.39195,168514007.276382,0.399383,,83422775.879397,Internet Software/Services,5.0,2025.0,,
3446,ABUS,2026-05-05 19:38:20.384385,2026-05-05 19:38:20.384385,4.44,4.54,4.355,498418.0,2506072.122205,2506072.122205,2061321.40776,5.1,2025-09-11,2.94,2025-05-15,,156220685.6,865551300.0,11.0376,-25.03,196940000.0,Pharmaceuticals: Major,19.0,2005.0,,
3447,WKC,2026-05-05 19:38:20.384385,2026-05-05 19:38:20.384385,27.6,27.79,27.24,913234.0,1182431.129564,1182431.129564,891867.761328,29.85,2025-07-03,22.21,2026-03-20,2.917578,49149473.142,1418438910.0,1.17088,-2.69,51355500.0,Wholesale Distributors,4003.0,1984.0,2026-04-16 00:00:00,2026-03-30 00:00:00
3452,AVNS,2026-05-05 19:38:20.384385,2026-05-05 19:38:20.384385,24.69,24.74,24.66,918517.0,1416705.565118,1416705.565118,2466589.01828,24.75,2026-04-24,9.303,2025-08-05,,44784735.0356,1154719708.0,1.47214,-15.67,46674200.0,Medical Specialties,2287.0,2014.0,,
3454,SRI,2026-05-05 19:38:20.384385,2026-05-05 19:38:20.384385,6.73,6.99,6.605,137511.0,199668.938287,199668.938287,222599.574778,9.71,2026-02-10,4.19,2025-05-06,,27391532.224,194540842.942306,1.05353,-1.87,28235245.710059,Auto Parts: OEM,4200.0,1965.0,,
3459,XGN,2026-05-05 19:38:20.384385,2026-05-05 19:38:20.384385,3.14,3.25,3.0324,249223.0,213127.703853,213127.703853,209144.976182,12.23,2025-10-27,2.59,2026-03-30,,15666818.3133,74203813.5,4.07048,-3.37,24053100.0,Medical/Nursing Services,216.0,2002.0,,
3465,OCGN,2026-05-05 19:38:20.384385,2026-05-05 19:38:20.384385,1.57,1.57,1.48,29506423.0,5738716.212309,5738716.212309,5789669.33035,2.725,2026-03-17,0.64,2025-05-15,,329038567.548,506081687.483784,-47.4968,-8.2,338516178.918919,Pharmaceuticals: Major,116.0,2013.0,,
3473,BRLS,2026-05-05 19:38:20.384385,2026-05-05 19:38:20.384385,1.59,1.65,1.52,66776.0,1556998.050807,1556998.050807,733892.658805,7.05,2025-06-11,0.6,2026-02-06,,5572088.87066,34448607.745222,-2.6521,-1.87,21463307.006369,Information Technology Services,147.0,2019.0,,
3474,SMWB,2026-05-05 19:38:20.384385,2026-05-05 19:38:20.384385,3.05,3.195,2.99,773888.0,525881.477789,525881.477789,509997.743337,10.75,2025-08-28,2.22,2026-02-18,,48875278.3038,277844239.579469,11.259,-7.75,86962203.311258,Packaged Software,1000.0,2007.0,,
3475,RCAT,2026-05-05 19:38:20.384385,2026-05-05 19:38:20.384385,11.03,11.03,10.08,11752091.0,9312060.329143,9312060.329143,10293450.2337,18.78,2026-03-06,5.1232,2025-05-06,,106623519.325,1262874075.0,5.37264,-14.07,121139000.0,Packaged Software,244.0,1984.0,,
3478,FDUS,2026-05-05 19:38:20.384385,2026-05-05 19:38:20.384385,19.19,19.2,18.84,138787.0,188876.849457,188876.849457,210556.185446,22.0899,2025-07-21,16.865,2026-03-27,8.963002,37631446.0104,727585848.0,0.98173,8.264783,37954400.0,Investment Trusts/Mutual Funds,,2011.0,2026-03-30 00:00:00,2026-03-20 00:00:00
3480,CMCO,2026-05-05 19:38:20.384385,2026-05-05 19:38:20.384385,14.96,15.39,14.82,195915.0,257458.036802,257458.036802,321226.503189,24.4,2026-02-10,13.31,2026-03-19,1.898305,27921649.1124,440143911.0,0.459199,71.463178,28739400.0,Trucks/Construction/Farm Machinery,3478.0,1875.0,2026-05-11 00:00:00,2026-05-01 00:00:00
3481,ACB,2026-05-05 19:38:20.384385,2026-05-05 19:38:20.384385,3.43,3.485,3.4,804244.0,2451103.332085,2451103.332085,1520250.94011,6.665,2025-10-09,3.07,2026-03-30,,56403793.0434,196214524.0,0.495659,-3.03,56709400.0,Agricultural Commodities/Milling,1101.0,2006.0,,
3482,CBLL,2026-05-05 19:38:20.384385,2026-05-05 19:38:20.384385,20.4,20.475,19.69,318342.0,236259.854792,236259.854792,237181.212411,24.33,2026-01-12,10.85,2025-11-04,,24350306.80795,772220165.354712,4.89148,-13.87,37872494.622595,Medical Specialties,327.0,2014.0,,
3483,NMFC,2026-05-05 19:38:20.384385,2026-05-05 19:38:20.384385,8.01,8.43,7.99,1144981.0,621764.500398,621764.500398,696690.833312,11.04,2025-06-09,7.475,2026-03-27,14.953271,80525582.5248,828465736.0,0.709727,60.41,98509600.0,Financial Conglomerates,,2010.0,2026-03-31 00:00:00,2026-03-17 00:00:00
3488,SUIG,2026-05-05 19:38:20.384385,2026-05-05 19:38:20.384385,1.6,1.69,1.575,443422.0,299588.309363,299588.309363,318758.317582,8.66,2025-08-13,1.09,2026-02-17,,69255248.6083,129028872.0,0.7149,-0.46,76802900.0,Finance/Rental/Leasing,2.0,2006.0,2021-10-29 00:00:00,2021-10-14 00:00:00
3489,MD,2026-05-05 19:38:20.384385,2026-05-05 19:38:20.384385,21.04,21.665,19.655,1910824.0,709408.859156,709408.859156,653967.418014,24.99,2025-11-28,11.84,2025-08-01,,81558443.2659,1730391843.0,2.14758,11.553929,83072100.0,Medical/Nursing Services,6575.0,1979.0,,
3495,RIG,2026-05-05 19:38:20.384385,2026-05-05 19:38:20.384385,6.324,6.69,6.22,65009004.0,37023162.285998,37023162.285998,31552112.0079,7.14,2026-03-30,2.27,2025-05-07,,1001067549.25,6917191429.869186,0.934696,-2.2,1106750628.77907,Contract Drilling,5600.0,1953.0,2015-09-23 00:00:00,2015-08-21 00:00:00
3500,EPC,2026-05-05 19:38:20.384385,2026-05-05 19:38:20.384385,21.975,22.985,21.49,538371.0,571457.321674,571457.321674,532271.038242,30.79,2025-05-05,15.88,2025-12-08,2.782931,46067052.3936,1067240840.377313,0.677708,-25.45,46716604.962894,Household/Personal Care,6700.0,1999.0,2026-04-08 00:00:00,2026-03-06 00:00:00
3501,WU,2026-05-05 19:38:20.384385,2026-05-05 19:38:20.384385,9.2,9.29,9.085,5906605.0,12654199.50287,12654199.50287,9528263.30549,10.3507,2026-02-09,7.85,2025-09-25,10.239651,307486029.6,2850970282.529959,3.15275,6.720843,312435099.455338,Regional Banks,9600.0,1851.0,2026-03-31 00:00:00,2026-03-17 00:00:00
3502,RMAX,2026-05-05 19:38:20.384385,2026-05-05 19:38:20.384385,10.55,10.665,10.3501,964424.0,2548665.787078,2548665.787078,1297055.27528,11.62,2026-04-29,5.46,2026-04-02,,15323205.45,340428388.987646,0.467275,26.31974,32702054.657795,Real Estate Development,519.0,1973.0,2023-08-29 00:00:00,2023-08-14 00:00:00
3503,NRDS,2026-05-05 19:38:20.384385,2026-05-05 19:38:20.384385,10.95,11.13,10.56,1611143.0,533980.227142,533980.227142,459567.944543,16.24,2025-12-02,8.34,2025-05-06,,31636183.692864,728966996.085,2.0749,16.988778,66785799.0,Packaged Software,650.0,2009.0,,
3505,OXSQ,2026-05-05 19:38:20.384385,2026-05-05 19:38:20.384385,1.95,1.96,1.915,7494441.0,1279113.137972,1279113.137972,1223111.38514,2.5301,2025-05-05,1.56,2025-09-29,21.538462,86541093.2655,183313116.0,1.47833,-4.81,93527100.0,Investment Trusts/Mutual Funds,,2003.0,2026-05-29 00:00:00,2026-05-15 00:00:00
3506,FTRE,2026-05-05 19:38:20.384385,2026-05-05 19:38:20.384385,13.96,15.61,13.96,4228415.0,1959680.926818,1959680.926818,1395708.54039,18.67,2026-01-06,3.97,2025-05-29,,92946199.5,1356685000.0,2.02391,-1.33,93500000.0,Miscellaneous Commercial Services,14300.0,2023.0,,
3510,MVST,2026-05-05 19:38:20.384385,2026-05-05 19:38:20.384385,1.89,2.0,1.87,2551261.0,2704032.718821,2704032.718821,2960622.82896,7.12,2025-10-16,1.37,2026-03-30,,207104255.618,645804185.0,1.51138,-16.48,332033000.0,Electrical Products,2174.0,2006.0,,
3513,SGML,2026-05-05 19:38:20.384385,2026-05-05 19:38:20.384385,22.95,23.4643,22.11,2384452.0,2602197.99069,2602197.99069,3407276.73126,23.4643,2026-05-05,4.25,2025-06-25,,106777881.649,2509352575.0,44.4003,-49.99,111403000.0,Other Metals/Minerals,560.0,2011.0,,
3515,RARE,2026-05-05 19:38:20.384385,2026-05-05 19:38:20.384385,24.96,25.32,24.45,1481951.0,1647388.245721,1647388.245721,1646002.47468,42.37,2025-07-09,18.29,2026-03-24,,92635743.9636,2458913493.571552,-30.1369,-4.29,98317212.857719,Pharmaceuticals: Major,1371.0,2010.0,,
3516,TCMD,2026-05-05 19:38:20.384385,2026-05-05 19:38:20.384385,21.43,24.67,20.53,975700.0,429042.626328,429042.626328,283453.64123,37.77,2026-02-18,8.6098,2025-05-06,,21874174.9317,548512394.451618,2.33808,25.304603,22750410.387873,Medical Specialties,1086.0,1995.0,,
3517,MMI,2026-05-05 19:38:20.384385,2026-05-05 19:38:20.384385,27.385,28.69,27.0901,220687.0,210634.976901,210634.976901,183489.88095,33.615,2025-09-05,24.43,2026-02-12,1.82083,22541682.763,1091057540.0,1.74944,-560.41,38069000.0,Real Estate Development,854.0,1971.0,2026-04-03 00:00:00,2026-03-13 00:00:00
3519,IHRT,2026-05-05 19:38:20.384385,2026-05-05 19:38:20.384385,6.23,6.5599,6.11,1491029.0,1921055.920528,1921055.920528,1212358.40363,6.5599,2026-05-05,1.015,2025-05-05,,113523132.912,950993478.28,-0.5121,-1.99,151191332.0,Broadcasting,9550.0,1972.0,,
3521,CTGO,2026-05-05 19:38:20.384385,2026-05-05 19:38:20.384385,22.95,23.55,22.75,285510.0,354860.8784,354860.8784,420633.29201,34.38,2026-01-26,12.65,2025-05-13,,27730650.1335,707554784.401593,13.5125,-8.47,30669908.296558,Precious Metals,15.0,,,
3525,LPTH,2026-05-05 19:38:20.384385,2026-05-05 19:38:20.384385,12.674,12.69,11.91,1928572.0,3629458.948596,3629458.948596,3004039.7026,16.53,2026-04-24,2.2072,2025-05-20,,54814744.5444,697985547.409164,8.61328,-23.8,57708602.514193,Electronic Components,350.0,1985.0,,
3526,NEOV,2026-05-05 19:38:20.384385,2026-05-05 19:38:20.384385,2.63,2.65,2.48,568515.0,432196.698605,432196.698605,377481.958908,7.13,2026-01-23,2.435,2026-04-30,,33622976.0295,110195154.0,18.6672,-9.02,42711300.0,Electrical Products,17.0,2018.0,,
3533,HTCO,2026-05-05 19:38:20.384385,2026-05-05 19:38:20.384385,7.31,7.47,6.55,694327.0,2388094.915569,2388094.915569,1338181.72182,61.75,2025-05-09,4.55,2025-06-30,,3223952.573748,54060573.032612,6.29065,-1.88,7385324.184783,Marine Shipping,18.0,2021.0,,
3536,USAU,2026-05-05 19:38:20.384385,2026-05-05 19:38:20.384385,16.11,16.46,16.0,118328.0,179192.059871,179192.059871,241638.868066,23.75,2026-01-26,9.56,2025-05-05,,13948761.3816,265091778.0,4.99097,-11.22,16501200.0,Precious Metals,4.0,1967.0,2018-01-19 00:00:00,2017-05-04 00:00:00
3542,PRE,2026-05-05 19:38:20.384385,2026-05-05 19:38:20.384385,16.19,16.91,16.0408,93656.0,166131.56687,166131.56687,157930.056619,23.63,2026-03-25,5.07,2025-05-07,,11497102.92,279689204.64,1.76444,-4.01,16828472.0,Financial Conglomerates,98.0,2014.0,,
3545,IAG,2026-05-05 19:38:20.384385,2026-05-05 19:38:20.384385,16.68,16.7,16.27,5346683.0,7634979.980211,7634979.980211,6923942.58068,24.87,2026-03-02,6.06,2025-05-16,,587611801.6,9593313114.109447,2.30015,14.117545,589450882.58737,Precious Metals,,1990.0,2013-07-12 00:00:00,2013-07-01 00:00:00
3548,BHVN,2026-05-05 19:38:20.384385,2026-05-05 19:38:20.384385,10.15,10.78,9.125,3939590.0,1795513.951101,1795513.951101,1683470.77256,22.22,2025-05-06,7.48,2025-11-11,,125305156.59856,1460583862.251482,11.7848,-1.71,150420583.136095,Pharmaceuticals: Major,274.0,2022.0,,
3549,SBGI,2026-05-05 19:38:20.384385,2026-05-05 19:38:20.384385,14.8,14.99,14.51,407064.0,478959.847485,478959.847485,468119.97481,17.88,2025-11-17,11.8925,2025-08-08,6.779661,41679682.024,1063936936.703387,2.32186,16.318177,72009268.135593,Broadcasting,7100.0,1971.0,2026-06-09 00:00:00,2026-05-26 00:00:00
3551,OBE,2026-05-05 19:38:20.384385,2026-05-05 19:38:20.384385,14.39,14.39,13.71,1531142.0,1749776.962749,1749776.962749,1414175.59492,14.59,2026-05-04,3.88,2025-05-07,,61508545.1788,931527496.0,0.958212,39.834711,67306900.0,Oil & Gas Production,148.0,1979.0,2015-10-15 00:00:00,2015-09-28 00:00:00
3557,WVE,2026-05-05 19:38:20.384385,2026-05-05 19:38:20.384385,7.53,7.615,7.03,3221824.0,4196045.061796,4196045.061796,3843763.44279,21.73,2025-12-09,5.02,2026-03-26,,157851060.46,1378402700.0,2.80766,-6.81,192380000.0,Biotechnology,317.0,2012.0,,
3563,IMXI,2026-05-05 19:38:20.384385,2026-05-05 19:38:20.384385,15.91,15.925,15.88,601880.0,294947.378385,294947.378385,342387.238429,15.95,2026-04-24,8.58,2025-08-01,,27681939.2106,478197206.304649,2.9377,14.706697,30094223.178392,Miscellaneous Commercial Services,531.0,1994.0,,
3566,DNN,2026-05-05 19:38:20.384385,2026-05-05 19:38:20.384385,3.79,3.85,3.56,27145737.0,19167786.710541,19167786.710541,23235466.8629,4.43,2026-01-29,1.39,2025-05-06,,894613264.124,3245984660.0,12.6149,-21.62,904174000.0,Other Metals/Minerals,,1997.0,2012-06-29 00:00:00,2012-07-02 00:00:00
3571,DBI,2026-05-05 19:38:20.384385,2026-05-05 19:38:20.384385,7.34,7.58,7.075,356152.0,572385.898527,572385.898527,626798.293976,8.7508,2025-12-12,2.175,2025-06-16,2.766252,34380307.632,354866251.966803,1.27446,-37.14,49596960.4426,Apparel/Footwear Retail,13000.0,1969.0,2026-04-10 00:00:00,2026-03-26 00:00:00
3573,KULR,2026-05-05 19:38:20.384385,2026-05-05 19:38:20.384385,2.835,2.835,2.66,972157.0,1258768.19438,1258768.19438,1327951.44527,14.24,2025-05-14,1.94,2026-04-02,,42568178.268,129469299.29078,1.06763,-1.94,46239035.460993,Industrial Machinery,75.0,2015.0,,
3574,NKTX,2026-05-05 19:38:20.384385,2026-05-05 19:38:20.384385,3.06,3.14,2.955,1152467.0,975629.149001,975629.149001,1021447.13612,3.65,2026-04-21,1.63,2025-07-01,,54048536.1225,218861835.0,0.687288,-2.19,71290500.0,Biotechnology,108.0,2005.0,,
3578,AUPH,2026-05-05 19:38:20.384385,2026-05-05 19:38:20.384385,15.86,16.105,15.67,928827.0,1119374.363564,1119374.363564,1041843.42876,16.88,2026-04-23,7.285,2025-07-02,,117743294.051,2132854840.0,3.58958,7.615782,132971000.0,Biotechnology,128.0,1993.0,,
3580,EMBC,2026-05-05 19:38:20.384385,2026-05-05 19:38:20.384385,5.065,5.11,3.89,16136475.0,764907.410894,764907.410894,695750.765332,15.55,2025-09-17,3.89,2026-05-05,6.486486,54378451.439444,230459992.451026,-0.8933,3.900485,59219856.216216,Medical Specialties,1850.0,1924.0,2026-03-17 00:00:00,2026-02-27 00:00:00
3585,ZNTL,2026-05-05 19:38:20.384385,2026-05-05 19:38:20.384385,4.07,4.31,3.9782,696678.0,1075510.696295,1075510.696295,4409625.80803,6.95,2026-04-10,1.13,2025-07-01,,48256274.437,288334575.975,1.27816,-2.1,70931015.0,Biotechnology,106.0,2014.0,,
3587,OPCH,2026-05-05 19:38:20.384385,2026-05-05 19:38:20.384385,21.31,21.92,21.29,6409442.0,4393350.062018,4393350.062018,2944354.44605,36.8,2026-01-23,18.01,2026-04-30,,154112618.152,3343126120.0,2.45638,16.538883,157028000.0,Medical/Nursing Services,6528.0,1996.0,,
3588,KOPN,2026-05-05 19:38:20.384385,2026-05-05 19:38:20.384385,4.77,4.9,4.35,20984493.0,13955835.066333,13955835.066333,7500521.12721,4.9,2026-05-05,1.23,2025-06-02,,170315989.098,871012870.500805,12.3331,306.164384,183363410.067114,Semiconductors,145.0,1984.0,,
3590,AGL,2026-05-05 19:38:20.384385,2026-05-05 19:38:20.384385,26.99,27.32,25.5,187518.0,396187.483482,396187.483482,421928.972874,119.5,2025-05-07,7.48,2026-03-31,,16016565.122,443984175.499252,3.52637,-1.1,16659818.968077,Medical/Nursing Services,856.0,2016.0,,
3594,CLNE,2026-05-05 19:38:20.384385,2026-05-05 19:38:20.384385,2.4,2.408,2.31,1026959.0,1166956.239358,1166956.239358,1222841.70205,3.11,2025-10-27,1.48,2025-05-05,,139468588.152,517857160.0,0.948808,-2.42,219431000.0,Gas Distributors,503.0,1996.0,,
3596,GRND,2026-05-05 19:38:20.384385,2026-05-05 19:38:20.384385,13.69,13.98,13.591,1063760.0,876767.372469,876767.372469,1015048.52974,25.13,2025-06-02,9.7316,2026-02-06,,34213313.772,2560596840.0,53.7317,31.400966,185148000.0,Internet Software/Services,165.0,2009.0,,
3597,OSS,2026-05-05 19:38:20.384385,2026-05-05 19:38:20.384385,9.98,10.32,9.5,1516086.0,1187827.883577,1187827.883577,1188068.50648,12.75,2026-01-13,2.3299,2025-05-07,,20978079.781,241993313.1875,5.21535,44.525547,24769018.75,Computer Processing Hardware,57.0,1998.0,,
3602,SLM,2026-05-05 19:38:20.384385,2026-05-05 19:38:20.384385,22.5,22.815,22.49,1156400.0,4084084.882294,4084084.882294,3682408.18032,34.97,2025-07-08,17.77,2026-03-03,2.310084,185171344.947,4248774990.0,1.9414,6.254168,188583000.0,Finance/Rental/Leasing,1788.0,1972.0,2026-06-15 00:00:00,2026-06-04 00:00:00
3604,BZAI,2026-05-05 19:38:20.384385,2026-05-05 19:38:20.384385,2.33,2.465,2.26,12333088.0,11149326.564825,11149326.564825,12807411.8558,6.76,2025-10-15,1.0,2026-03-03,,83842742.6661,283663204.519314,7.29128,-1.07,122797924.034335,Semiconductors,232.0,2010.0,,
3610,CTLP,2026-05-05 19:38:20.384385,2026-05-05 19:38:20.384385,11.18,11.2,11.18,2467499.0,1525309.529232,1525309.529232,1310467.81183,11.2,2026-05-04,7.57,2025-05-09,,71747447.448,825297639.0,3.26747,15.339273,73720200.0,Miscellaneous Commercial Services,358.0,1992.0,,
3614,PLCE,2026-05-05 19:38:20.384385,2026-05-05 19:38:20.384385,3.12,3.14,3.0,224977.0,192018.460293,192018.460293,506705.840974,9.56,2025-11-11,2.76,2026-04-14,,6983221.4529,66635700.0,-1.2765,-0.78,22211900.0,Apparel/Footwear Retail,7800.0,1969.0,2019-12-27 00:00:00,2019-12-13 00:00:00
3615,AGPU,2026-05-05 19:38:20.384385,2026-05-05 19:38:20.384385,5.17,5.5,4.9,367926.0,9203800.920425,9203800.920425,5014366.05541,32.1,2025-09-29,1.03,2026-03-27,,3866122.41796,30189021.5,0.444975,-0.03,5539270.0,Medical Specialties,14.0,2002.0,,
3618,PACB,2026-05-05 19:38:20.384385,2026-05-05 19:38:20.384385,1.55,1.58,1.5,5805955.0,6450421.448303,6450421.448303,5867020.87965,2.73,2026-01-23,0.8511,2025-05-28,,273043941.75,475647294.048387,87.5212,-0.84,301998281.935484,Medical Specialties,485.0,2000.0,,
3619,OWLT,2026-05-05 19:38:20.384385,2026-05-05 19:38:20.384385,4.965,5.07,4.8,225996.0,166318.686544,166318.686544,219569.376284,16.94,2025-12-31,3.92,2025-05-06,,14241046.455,139112870.0,6.79223,-2.04,28160500.0,Electronics/Appliances,114.0,2012.0,,
3620,AEBI,2026-05-05 19:38:20.384385,2026-05-05 19:38:20.384385,11.09,11.69,10.745,256041.0,241185.189182,241185.189182,314975.991957,32.9999,2025-07-02,8.91,2025-07-21,0.457457,36550031.07527,889728494.7,0.818203,71.766251,77435030.0,Motor Vehicles,5700.0,1883.0,2026-03-26 00:00:00,2026-02-19 00:00:00
3622,AURA,2026-05-05 19:38:20.384385,2026-05-05 19:38:20.384385,8.48,9.535,8.43,5880544.0,946727.015568,946727.015568,624175.785957,9.535,2026-05-05,4.345,2025-05-15,,44745703.077376,572662025.849104,3.87808,-4.91,64199778.682635,Biotechnology,113.0,2007.0,,
3626,IIIN,2026-05-05 19:38:20.384385,2026-05-05 19:38:20.384385,25.87,26.95,25.765,184539.0,304428.1088,304428.1088,303691.168266,41.64,2025-07-17,24.35,2026-04-21,0.466382,18456526.2344,515564022.999606,1.37171,11.842408,19433246.249514,Metal Fabrication,1007.0,1953.0,2026-03-27 00:00:00,2026-03-13 00:00:00
3627,BBDC,2026-05-05 19:38:20.384385,2026-05-05 19:38:20.384385,9.13,9.22,9.08,689060.0,531472.543202,531472.543202,608777.152579,9.92,2025-08-29,7.9601,2026-03-09,11.255411,104051743.594,965398540.0,0.833554,9.537572,104707000.0,Investment Trusts/Mutual Funds,,2006.0,2026-03-11 00:00:00,2026-03-04 00:00:00
3637,BTBT,2026-05-05 19:38:20.384385,2026-05-05 19:38:20.384385,1.725,1.8,1.66,30992048.0,16962179.315934,16962179.315934,18353772.104,4.55,2025-10-20,1.25,2026-03-30,,320371057.269,582940300.9375,0.761798,-4.74,326577199.404762,Miscellaneous Commercial Services,104.0,2015.0,,
3639,QCLS,2026-05-05 19:38:20.384385,2026-05-05 19:38:20.384385,3.83,3.9,3.7201,213562.0,366488.558817,366488.558817,360615.910474,33.56,2025-06-10,2.5,2025-11-17,,7428912.84135,30000102.6,1.34893,-0.07,7853430.0,Pharmaceuticals: Major,2.0,1989.0,,
3649,RGP,2026-05-05 19:38:20.384385,2026-05-05 19:38:20.384385,4.21,4.29,4.18,177356.0,259307.655787,259307.655787,349895.166069,6.2976,2025-07-07,3.055,2026-04-09,6.650831,31535924.859,146929584.95962,0.768757,-1.44,34329342.280285,Miscellaneous Commercial Services,3055.0,1996.0,2026-06-19 00:00:00,2026-05-21 00:00:00
3650,OSTX,2026-05-05 19:38:20.384385,2026-05-05 19:38:20.384385,1.6999,1.74,1.69,278282.0,1016681.850138,1016681.850138,881211.821554,2.57,2025-08-22,1.15,2026-02-19,,29773415.7835,72936450.5,-10.1072,-1.76,42038300.0,Biotechnology,5.0,2018.0,,
3655,EUDA,2026-05-05 19:38:20.384385,2026-05-05 19:38:20.384385,16.775,17.0,15.95,21871.0,650080.509107,650080.509107,313500.938443,86.0,2025-10-16,5.26,2026-04-17,,1564517.964075,40807157.0,-7.5927,-11.51,2494325.0,Medical/Nursing Services,123.0,2019.0,,
3659,RFIL,2026-05-05 19:38:20.384385,2026-05-05 19:38:20.384385,14.28,14.78,13.9712,100634.0,176416.57232,176416.57232,205723.691723,15.42,2026-04-22,3.82,2025-05-09,,8389463.5825,156915493.0,4.24065,568.979592,10814300.0,Electronic Components,289.0,1979.0,2020-04-15 00:00:00,2020-03-30 00:00:00
3661,PTLO,2026-05-05 19:38:20.384385,2026-05-05 19:38:20.384385,5.73,5.73,4.725,5979081.0,1425579.196879,1425579.196879,1361731.93942,13.55,2025-05-16,4.41,2026-01-09,,68507486.77383,361294206.660839,0.880037,21.021683,75584562.062937,Restaurants,7890.0,1963.0,,
3663,WRBY,2026-05-05 19:38:20.384385,2026-05-05 19:38:20.384385,22.055,22.43,21.52,2346799.0,1933458.114638,1933458.114638,2066200.33266,31.0,2025-12-11,14.96,2025-11-06,,100527127.39752,2647320944.412915,7.32231,1678.625954,122447777.262392,Specialty Stores,4036.0,2010.0,,
3665,EHTH,2026-05-05 19:38:20.384385,2026-05-05 19:38:20.384385,1.92,2.005,1.88,384364.0,386339.356412,386339.356412,526900.53192,7.09,2025-05-07,1.1972,2026-03-02,,27792219.441,60592353.095239,0.099018,-4.12,31073001.587302,Insurance Brokers/Services,1665.0,1997.0,,
3669,EVEX,2026-05-05 19:38:20.384385,2026-05-05 19:38:20.384385,2.79,2.885,2.585,2125551.0,1333425.793499,1333425.793499,1307067.17317,7.6989,2025-07-08,2.34,2026-03-20,,94197694.03,938681975.0,8.02094,-4.07,348305000.0,Aerospace & Defense,198.0,2020.0,,
3672,WNC,2026-05-05 19:38:20.384385,2026-05-05 19:38:20.384385,7.79,7.985,7.57,2013738.0,1008402.783523,1008402.783523,713223.264077,12.94,2026-02-12,7.1007,2026-05-01,4.210526,38617319.19,308308920.0,0.964156,-4.77,40674000.0,Trucks/Construction/Farm Machinery,4700.0,1985.0,2026-04-23 00:00:00,2026-04-02 00:00:00
3674,NWL,2026-05-05 19:38:20.384385,2026-05-05 19:38:20.384385,4.63,4.67,4.445,6704083.0,6761968.426296,6761968.426296,6042714.82595,6.635,2025-09-05,3.07,2025-11-04,6.073753,418704533.1,1907801028.245117,0.836374,-6.87,424900006.290672,Industrial Machinery,21900.0,1903.0,2026-03-13 00:00:00,2026-02-27 00:00:00
3679,AKBA,2026-05-05 19:38:20.384385,2026-05-05 19:38:20.384385,1.52,1.535,1.43,2375117.0,2144113.599138,2144113.599138,2353565.56724,4.0787,2025-07-11,1.14,2026-02-20,,258874394.25,388962544.466667,12.209,-83.33,268250030.666667,Pharmaceuticals: Major,194.0,2007.0,,
3681,ARRY,2026-05-05 19:38:20.384385,2026-05-05 19:38:20.384385,7.89,8.335,7.85,5624454.0,4581259.919734,4581259.919734,5248575.39987,12.23,2026-02-09,4.86,2025-05-05,,150308950.676,1252667289.898169,-5.6717,-10.42,153044262.663185,Electrical Products,1200.0,1989.0,,
3684,CWK,2026-05-05 19:38:20.384385,2026-05-05 19:38:20.384385,14.06,14.585,13.77,1342983.0,1294658.140298,1294658.140298,1439661.30415,17.4,2026-01-22,9.43,2025-05-22,,232611847.95,3408881088.0,1.6412,36.85471,234287360.0,Real Estate Development,53000.0,1917.0,,
3685,PLSE,2026-05-05 19:38:20.384385,2026-05-05 19:38:20.384385,19.9,20.17,18.54,366367.0,258577.259551,258577.259551,259767.8904,26.3,2026-02-11,12.56,2025-11-20,,17996553.3282,1268986860.0,20.6123,-16.91,68225100.0,Medical Specialties,116.0,2014.0,,
3687,ONB,2026-05-05 19:38:20.384385,2026-05-05 19:38:20.384385,23.86,24.245,23.82,1762068.0,3454801.919531,3454801.919531,3212137.88409,26.17,2026-02-06,19.391,2025-10-16,2.375946,342505755.072,9330907950.0,1.10947,12.318052,386373000.0,Major Banks,4971.0,1982.0,2026-03-16 00:00:00,2026-03-05 00:00:00
3693,INDI,2026-05-05 19:38:20.384385,2026-05-05 19:38:20.384385,4.45,4.695,4.45,5299008.0,7039767.170048,7039767.170048,4914442.10643,6.05,2025-10-16,1.96,2025-05-06,,207572135.168,1049678539.14,2.68665,-5.97,227203147.0,Semiconductors,800.0,2007.0,,
3703,DNOW,2026-05-05 19:38:20.384385,2026-05-05 19:38:20.384385,13.46,13.78,13.42,2673407.0,2762119.122492,2762119.122492,2851172.60512,17.26,2026-02-11,10.935,2026-03-17,,182919305.455,2531314415.0,1.11858,-46.5,185921000.0,Wholesale Distributors,5300.0,2013.0,,
3706,MIR,2026-05-05 19:38:20.384385,2026-05-05 19:38:20.384385,20.46,20.79,19.99,2646669.0,4525263.353153,4525263.353153,3692685.12159,30.277,2025-10-30,15.55,2025-05-06,,235970956.656,5044231374.925,2.74452,213.559322,250520555.0,Aerospace & Defense,3281.0,2005.0,,
3711,WEAV,2026-05-05 19:38:20.384385,2026-05-05 19:38:20.384385,6.01,6.265,5.92,1339566.0,1993798.218182,1993798.218182,1539402.20194,11.32,2025-05-14,4.24,2026-03-25,,66029361.87689,479363308.074714,5.80536,-18.8,78648614.942529,Packaged Software,904.0,2008.0,,
3715,KVYO,2026-05-05 19:38:20.384385,2026-05-05 19:38:20.384385,22.26,23.52,21.945,8810695.0,5258101.646043,5258101.646043,4762339.48033,37.79,2025-05-13,15.53,2026-02-23,,113866442.04144,7119523630.08,5.71182,-202.52,304774128.0,Packaged Software,2368.0,2012.0,,
3718,INV,2026-05-05 19:38:20.384385,2026-05-05 19:38:20.384385,6.24,6.59,6.0201,1143733.0,2427292.911169,2427292.911169,2043010.98953,7.3207,2026-04-27,2.36,2025-10-30,,50605731.90368,492025992.339966,2.08326,-1.09,80069323.407643,Miscellaneous,169.0,2023.0,,
3721,FF,2026-05-05 19:38:20.384385,2026-05-05 19:38:20.384385,5.02,5.11,4.965,244705.0,385013.963842,385013.963842,450945.681253,5.12,2026-05-01,3.09,2025-11-19,4.897959,26127600.8195,218659583.107142,1.38927,-4.35,43863507.142857,Chemicals: Specialty,493.0,2005.0,2026-06-18 00:00:00,2026-06-04 00:00:00
3723,BTE,2026-05-05 19:38:20.384385,2026-05-05 19:38:20.384385,5.07,5.24,5.0635,22090324.0,24698641.663988,24698641.663988,22425402.3236,5.24,2026-05-05,1.44,2025-05-06,1.2579,643523610.9,3867022500.0,2.24899,25.61,740100000.0,Integrated Oil,454.0,1993.0,2026-04-01 00:00:00,2026-03-13 00:00:00
3725,EPSN,2026-05-05 19:38:20.384385,2026-05-05 19:38:20.384385,6.3,6.37,6.1,105160.0,160372.70628,160372.70628,190684.834392,8.5,2025-06-20,4.2,2026-01-07,3.968254,20607403.2248,190959526.035237,1.52737,-24.86,30248618.095238,Integrated Oil,27.0,2005.0,2026-03-31 00:00:00,2026-03-13 00:00:00
3727,OUST,2026-05-05 19:38:20.384385,2026-05-05 19:38:20.384385,29.8,30.46,28.545,6078201.0,2789426.632043,2789426.632043,2095471.70387,41.65,2025-10-15,7.65,2025-05-06,,59029455.456,1821684530.0,6.55496,-25.74,63673000.0,Semiconductors,320.0,2015.0,,
3728,DEC,2026-05-05 19:38:20.384385,2026-05-05 19:38:20.384385,16.42,16.575,16.145,381342.0,553986.323199,553986.323199,706726.476373,18.9,2026-03-31,12.33,2025-10-16,8.6011,65535064.15125,1259001766.875,1.31577,3.598092,76979625.0,Oil & Gas Production,1987.0,2001.0,2026-06-30 00:00:00,2026-05-29 00:00:00
3734,CDXS,2026-05-05 19:38:20.384385,2026-05-05 19:38:20.384385,2.54,2.765,2.54,1722802.0,1262147.80444,1262147.80444,1431838.6543,3.87,2025-08-14,0.9583,2026-03-04,,83591488.0152,251253891.0,4.49442,-5.31,90869400.0,Chemicals: Specialty,146.0,2002.0,,
3737,RDWR,2026-05-05 19:38:20.384385,2026-05-05 19:38:20.384385,27.35,27.57,27.015,149366.0,187965.944598,187965.944598,200454.147267,31.5719,2025-07-08,21.29,2025-05-07,,35519081.58,1184357700.0,3.3629,60.083848,43146000.0,Computer Communications,1296.0,1996.0,,
3738,SND,2026-05-05 19:38:20.384385,2026-05-05 19:38:20.384385,5.4,5.4,5.11,228283.0,271335.818783,271335.818783,271222.397011,5.84,2026-03-30,1.76,2025-08-04,,30709408.1408,226616331.0,0.877361,158.823529,43538200.0,Construction Materials,318.0,2011.0,2026-05-05 00:00:00,2026-04-22 00:00:00
3742,CBRL,2026-05-05 19:38:20.384385,2026-05-05 19:38:20.384385,28.89,29.78,28.5,721142.0,882501.141464,882501.141464,1036403.26554,71.93,2025-07-23,24.85,2025-12-31,3.43879,21928923.716,660919740.104192,1.52635,-154.52,22351022.661623,Restaurants,76730.0,1969.0,2026-05-13 00:00:00,2026-04-10 00:00:00
3750,AQST,2026-05-05 19:38:20.384385,2026-05-05 19:38:20.384385,4.22,4.29,4.13,991591.0,1161269.095871,1161269.095871,1134239.21464,7.55,2025-10-20,2.12,2025-05-13,,116969957.755,518889875.0,-15.1548,-5.38,124285000.0,Pharmaceuticals: Major,147.0,2004.0,,
3751,BXSL,2026-05-05 19:38:20.384385,2026-05-05 19:38:20.384385,24.81,25.01,24.39,1885898.0,2918246.384351,2918246.384351,2736824.77162,32.81,2025-07-24,22.47,2026-04-09,12.459547,202299695.91242,5788413114.400001,0.918193,10.053685,232279820.0,Investment Trusts/Mutual Funds,,2018.0,2026-04-24 00:00:00,2026-03-31 00:00:00
3753,LCID,2026-05-05 19:38:20.384385,2026-05-05 19:38:20.384385,6.65,6.7,6.1826,19146496.0,20831926.381499,20831926.381499,21646026.3259,33.7,2025-07-17,5.62,2026-04-29,,109906921.225,2065056975.0,3.05327,-0.51,330145000.0,Motor Vehicles,9000.0,2007.0,,
3756,PLTK,2026-05-05 19:38:20.384385,2026-05-05 19:38:20.384385,3.65,3.69,3.59,797600.0,980552.337147,980552.337147,1233613.83066,5.52,2025-05-07,2.64,2026-04-02,10.958904,74608169.788,1382673632.350686,-3.3448,-6.69,379334329.863014,Packaged Software,3175.0,2010.0,2026-01-09 00:00:00,2025-12-26 00:00:00
3760,XIFR,2026-05-05 19:38:20.384385,2026-05-05 19:38:20.384385,10.465,10.88,10.42,1372399.0,862793.31332,862793.31332,749086.064339,11.43,2025-10-06,7.99,2025-06-23,,86377109.7376,2083607724.975962,0.306458,-35.79,192748170.673077,Alternative Power Generation,,2014.0,2024-11-14 00:00:00,2024-11-06 00:00:00
3761,PENN,2026-05-05 19:38:20.384385,2026-05-05 19:38:20.384385,16.8,17.115,16.475,2669164.0,5637503.323507,5637503.323507,4476633.7988,20.605,2025-09-05,11.65,2026-02-17,,130891089.609,2282617168.799585,1.2277,-2.55,133447364.443121,Casinos/Gaming,23441.0,1982.0,2013-11-01 00:00:00,2013-11-04 00:00:00
3764,MBX,2026-05-05 19:38:20.384385,2026-05-05 19:38:20.384385,29.8,30.645,28.83,312725.0,430401.981552,430401.981552,442486.6773,44.89,2026-01-15,9.43,2025-06-20,,29465348.071536,1407610651.753044,3.58233,-12.24,47570485.02038,Biotechnology,63.0,2018.0,,
3768,FLOC,2026-05-05 19:38:20.384385,2026-05-05 19:38:20.384385,25.01,25.76,25.0,784029.0,499337.725898,499337.725898,702181.300527,25.76,2026-05-05,14.03,2025-10-10,1.275917,33647694.310062,2274700917.594103,9.83502,54.309225,90337605.940989,Oilfield Services/Equipment,1281.0,,2026-05-27 00:00:00,2026-05-15 00:00:00
3769,ATEN,2026-05-05 19:38:20.384385,2026-05-05 19:38:20.384385,27.0,27.42,26.8501,604554.0,1058220.235748,1058220.235748,1108333.33025,28.59,2026-04-17,16.18,2025-05-05,0.887574,70122044.46,1945872120.0,8.78641,44.19745,71724000.0,Information Technology Services,494.0,2004.0,2026-06-01 00:00:00,2026-05-15 00:00:00
3772,FLNC,2026-05-05 19:38:20.384385,2026-05-05 19:38:20.384385,12.33,12.81,12.255,4309207.0,4738096.595917,4738096.595917,4575762.54401,33.51,2026-01-30,3.93,2025-05-08,,97093790.38296,2330459931.424172,4.20188,-27.38,183935274.776967,Electrical Products,1670.0,2021.0,,
3774,RPAY,2026-05-05 19:38:20.384385,2026-05-05 19:38:20.384385,3.825,3.9365,3.5,1303917.0,1411304.887362,1411304.887362,2644866.75637,6.055,2025-08-29,2.3,2026-04-07,,64175908.662,312217607.625,0.528903,-1.17,87455912.5,Miscellaneous Commercial Services,486.0,2006.0,,
3775,CGEM,2026-05-05 19:38:20.384385,2026-05-05 19:38:20.384385,15.49,15.75,14.21,893194.0,738521.903926,738521.903926,730622.095132,16.74,2026-02-27,5.68,2025-10-03,,45124869.1452,918698430.0,2.26102,-4.12,61451400.0,Pharmaceuticals: Major,109.0,2016.0,,
3777,SFNC,2026-05-05 19:38:20.384385,2026-05-05 19:38:20.384385,21.21,21.47,21.125,730940.0,1014997.926544,1014997.926544,1276253.40465,22.175,2026-02-11,17.0,2025-11-03,4.036458,142907066.752,3102348220.0,0.891178,-8.33,144868000.0,Major Banks,2917.0,1903.0,2026-04-01 00:00:00,2026-03-13 00:00:00
3780,AMRX,2026-05-05 19:38:20.384385,2026-05-05 19:38:20.384385,13.08,13.46,13.08,1283550.0,1751727.481233,1751727.481233,1580193.73134,15.42,2026-02-17,7.02,2025-05-23,,154360107.111,4279371787.60641,-58.2537,35.081616,318999015.102975,Pharmaceuticals: Major,8500.0,2002.0,,
3786,ACIC,2026-05-05 19:38:20.384385,2026-05-05 19:38:20.384385,11.625,11.925,11.625,139798.0,125058.479542,125058.479542,156278.905898,13.055,2025-12-18,9.97,2025-08-01,,24669814.268,573829155.209437,1.78896,5.428705,48342810.042918,Property/Casualty Insurance,68.0,2007.0,2026-01-09 00:00:00,2026-01-02 00:00:00
3788,TMCR,2026-05-05 19:38:20.384385,2026-05-05 19:38:20.384385,15.75,17.0,15.0,94748.0,102027.270478,102027.270478,153338.7214,21.38,2026-04-08,5.0,2026-04-07,,20623469.11716,849042346.96088,27.5257,767.980296,55061111.994869,Financial Conglomerates,10.0,2022.0,,
3791,NB,2026-05-05 19:38:20.384385,2026-05-05 19:38:20.384385,6.12,6.14,5.785,3824086.0,4395523.76579,4395523.76579,4882783.77305,12.58,2025-10-13,2.17,2025-07-01,,141980331.54164,856173026.852,2.36308,-7.25,145320970.0,Other Metals/Minerals,8.0,1987.0,,
3792,HPK,2026-05-05 19:38:20.384385,2026-05-05 19:38:20.384385,6.79,6.865,6.64,513938.0,735641.245648,735641.245648,847238.513255,12.0,2025-06-13,3.85,2026-01-26,2.312139,21678357.554,859866886.234106,0.543899,51.373422,126358102.312139,Oil & Gas Production,50.0,2019.0,2025-12-23 00:00:00,2025-12-01 00:00:00
3795,RPC,2026-05-05 19:38:20.384385,2026-05-05 19:38:20.384385,8.04,8.31,7.85,302697.0,493064.02533,493064.02533,622531.739306,13.08,2025-08-08,6.79,2026-04-02,1.867995,56089231.9375,903968711.49,2.50486,48.607748,109505598.0,Investment Managers,326.0,1992.0,2026-03-20 00:00:00,2026-02-27 00:00:00
3798,EQ,2026-05-05 19:38:20.384385,2026-05-05 19:38:20.384385,2.13,2.1601,2.03,115887.0,325765.647667,325765.647667,368244.957701,2.7,2026-03-16,0.27,2025-06-24,,52700193.0458,130879062.0,4.51361,-4.12,63226600.0,Biotechnology,14.0,2017.0,,
3802,FLO,2026-05-05 19:38:20.384385,2026-05-05 19:38:20.384385,8.32,8.71,8.195,5789458.0,4621351.134756,4621351.134756,4555148.08012,17.675,2025-05-08,7.855,2026-04-09,11.856287,195970189.696,1830440034.797605,1.35279,21.128543,211856485.508982,Food: Specialty/Candy,10300.0,1919.0,2026-03-20 00:00:00,2026-03-06 00:00:00
3803,MNTN,2026-05-05 19:38:20.384385,2026-05-05 19:38:20.384385,10.58,11.39,10.325,1455152.0,570233.790326,570233.790326,518827.409965,32.49,2025-05-23,7.71,2026-02-06,,26558782.474276,839193974.24,2.55604,-116.39,73872709.0,Packaged Software,,2009.0,,
3804,BYRN,2026-05-05 19:38:20.384385,2026-05-05 19:38:20.384385,5.44,5.49,5.24,584532.0,522280.570386,522280.570386,817198.362144,34.3,2025-07-08,5.24,2026-05-05,,17757004.818,122729637.0,1.82872,14.577101,22685700.0,Aerospace & Defense,159.0,2005.0,,
3807,STSS,2026-05-05 19:38:20.384385,2026-05-05 19:38:20.384385,1.86,1.91,1.825,439320.0,322947.225139,322947.225139,388192.311749,18.23,2025-08-27,1.415,2026-02-05,,29333997.30303,73656006.786885,0.200702,0.06,38664570.491803,Medical Specialties,,2017.0,,
3811,DJT,2026-05-05 19:38:20.384385,2026-05-05 19:38:20.384385,9.25,9.34,9.08,2630097.0,4070621.721326,4070621.721326,3595761.6162,27.78,2025-05-14,8.305,2026-03-20,,158940202.63721,2543820847.682064,1.54603,-3.52,276953821.195652,Advertising/Marketing Services,31.0,,,
3818,OCSL,2026-05-05 19:38:20.384385,2026-05-05 19:38:20.384385,12.33,12.46,11.955,2110126.0,776186.85093,776186.85093,1143405.11166,14.765,2025-07-17,10.63,2026-03-16,12.403101,87821419.671,1071119959.02015,0.791199,36.215609,88085522.945736,Investment Trusts/Mutual Funds,,2007.0,2026-03-31 00:00:00,2026-03-16 00:00:00
3823,TUSK,2026-05-05 19:38:20.384385,2026-05-05 19:38:20.384385,2.54,2.73,2.525,232869.0,315722.145341,315722.145341,270689.325744,3.115,2025-06-24,1.715,2025-11-21,,47076611.6168,129842072.498033,0.475555,-1.6,48358313.779528,Oilfield Services/Equipment,115.0,2016.0,2019-05-17 00:00:00,2019-05-09 00:00:00
3826,ABX,2026-05-05 19:38:20.384385,2026-05-05 19:38:20.384385,9.26,9.49,9.185,507495.0,455724.097798,455724.097798,559856.806616,10.535,2026-03-16,4.6,2025-06-27,2.176279,34573551.6104,884451700.0,2.14025,24.966042,95616400.0,Investment Managers,326.0,2004.0,2025-12-17 00:00:00,2025-12-02 00:00:00
3827,CNK,2026-05-05 19:38:20.384385,2026-05-05 19:38:20.384385,27.28,27.61,26.97,2132527.0,2276354.620264,2276354.620264,2228141.73428,34.01,2025-05-30,21.6,2025-12-18,1.247249,103966628.22,3153666851.24724,8.35486,21.916707,116802475.97212,Movies/Entertainment,27900.0,1984.0,2026-03-17 00:00:00,2026-03-03 00:00:00
3833,CPSH,2026-05-05 19:38:20.384385,2026-05-05 19:38:20.384385,3.77,3.8399,3.21,1640056.0,437318.451179,437318.451179,297549.460742,6.85,2026-01-28,1.6302,2025-05-06,,14645831.387,65725550.0,3.64339,882.142857,18007000.0,Metal Fabrication,117.0,1984.0,,
3836,TDAY,2026-05-05 19:38:20.384385,2026-05-05 19:38:20.384385,6.92,7.21,6.83,1724361.0,1846740.118412,1846740.118412,1801514.26321,7.68,2026-05-01,3.08,2025-05-05,,119721741.776,1056988679.239707,7.02835,153.153153,146702106.764706,Publishing: Newspapers,9500.0,1906.0,2019-11-12 00:00:00,2019-10-31 00:00:00
3837,PRGO,2026-05-05 19:38:20.384385,2026-05-05 19:38:20.384385,11.5877,11.66,11.32,2420116.0,2055788.969286,2055788.969286,2455315.38997,28.435,2025-07-25,9.225,2026-03-20,10.184372,137127860.886,1602238517.288844,0.5339,-1.11,137649357.155399,Pharmaceuticals: Major,8100.0,2013.0,2026-06-16 00:00:00,2026-05-29 00:00:00
3838,FULC,2026-05-05 19:38:20.384385,2026-05-05 19:38:20.384385,7.06,7.2,6.85,591970.0,809151.907307,809151.907307,822981.852637,15.7399,2025-12-08,4.775,2025-05-07,,56834739.9684,467099597.764961,1.40289,-6.12,66633323.504274,Pharmaceuticals: Major,55.0,2015.0,,
3842,HSHP,2026-05-05 19:38:20.384385,2026-05-05 19:38:20.384385,14.89,15.59,14.835,983725.0,245718.417163,245718.417163,249433.095155,15.59,2026-05-05,5.27,2025-05-08,5.768936,26225182.83,725949756.885675,4.088,36.843474,47047942.766408,Marine Shipping,3.0,2021.0,2026-04-27 00:00:00,2026-04-20 00:00:00
3843,PAYO,2026-05-05 19:38:20.384385,2026-05-05 19:38:20.384385,5.03,5.03,4.88,3519812.0,2622769.375112,2622769.375112,2853552.71347,7.665,2025-08-07,4.0801,2026-03-02,,260997643.049,1684216105.0,2.48004,25.784869,344773000.0,Miscellaneous Commercial Services,2540.0,2005.0,,
3855,RLYB,2026-05-05 19:38:20.384385,2026-05-05 19:38:20.384385,14.5,15.3102,13.8698,505340.0,1173410.928761,1173410.928761,570938.90267,15.3102,2026-05-05,2.16,2025-06-04,,3171443.51304,75325043.2,1.28719,-8.49,5289680.0,Biotechnology,14.0,2018.0,,
3856,GROY,2026-05-05 19:38:20.384385,2026-05-05 19:38:20.384385,3.498,3.52,3.43,1141140.0,2112658.483042,2112658.483042,1974971.42926,5.4547,2026-01-21,1.45,2025-05-15,,174404206.184,792771239.952034,1.10468,-150.22,230792209.593023,Other Metals/Minerals,,2020.0,2023-06-30 00:00:00,2023-06-16 00:00:00
3857,ALMU,2026-05-05 19:38:20.384385,2026-05-05 19:38:20.384385,24.38,28.39,23.3,2720904.0,2016144.419012,2016144.419012,2308769.0523,28.39,2026-05-05,10.2001,2025-06-13,,12393266.097498,492830728.875,10.1303,-195.82,18002949.0,Miscellaneous Commercial Services,14.0,2019.0,,
3858,IIIV,2026-05-05 19:38:20.384385,2026-05-05 19:38:20.384385,23.29,23.915,22.39,321330.0,263382.885125,263382.885125,323521.130318,33.97,2025-10-24,19.89,2026-02-05,,20935270.8332,683268548.339916,1.46944,227.539062,30475849.613734,Packaged Software,1202.0,2012.0,,
3859,VRNS,2026-05-05 19:38:20.384385,2026-05-05 19:38:20.384385,27.71,28.04,27.12,3701927.0,3430395.138266,3430395.138266,2869014.59887,63.9,2025-10-10,19.7,2026-04-10,,108981563.614,3145907636.526818,6.93929,-24.17,114814147.318497,Packaged Software,2658.0,2004.0,,
3860,ALGS,2026-05-05 19:38:20.384385,2026-05-05 19:38:20.384385,6.53,6.75,6.28,80342.0,136805.303458,136805.303458,413160.112084,13.6892,2025-12-15,4.2,2025-05-08,,4836416.13679,39725740.2,0.743072,-0.74,6187810.0,Pharmaceuticals: Major,82.0,2018.0,,
3862,ACIU,2026-05-05 19:38:20.384385,2026-05-05 19:38:20.384385,3.1,3.14,3.0,251561.0,222271.84774,222271.84774,282572.244792,4.0,2025-10-29,1.51,2025-05-14,,61546096.342,307357480.0,5.47734,-3.63,101774000.0,Pharmaceuticals: Major,122.0,2003.0,,
3863,KOS,2026-05-05 19:38:20.384385,2026-05-05 19:38:20.384385,3.1501,3.24,2.95,27908795.0,15842549.42147,15842549.42147,19515185.3268,3.32,2026-05-04,0.8361,2025-12-26,,569829714.6,1856559500.0,2.95906,-2.23,593150000.0,Integrated Oil,216.0,2003.0,2020-03-26 00:00:00,2020-03-04 00:00:00
3868,GLUE,2026-05-05 19:38:20.384385,2026-05-05 19:38:20.384385,19.74,19.97,18.83,556921.0,739204.07956,739204.07956,819099.344084,25.77,2026-01-08,3.51,2025-05-15,,55130177.1744,1547503638.0,5.50379,-31.72,80015700.0,Biotechnology,150.0,2019.0,,
3870,CXW,2026-05-05 19:38:20.384385,2026-05-05 19:38:20.384385,20.085,20.295,19.42,1141152.0,597701.243652,597701.243652,732683.69543,23.54,2025-05-08,15.735,2026-02-23,,95355354.5984,1920381656.0,1.43464,18.640148,98886800.0,Miscellaneous Commercial Services,13651.0,1983.0,2020-04-15 00:00:00,2020-03-31 00:00:00
3874,FLWS,2026-05-05 19:38:20.384385,2026-05-05 19:38:20.384385,3.65,3.735,3.495,1095050.0,1249079.580263,1249079.580263,1230464.06733,8.44,2025-07-23,2.885,2026-03-27,,30557353.7728,230957284.705,0.802755,-1.08,64065821.0,Internet Retail,3900.0,1976.0,,
3875,RR,2026-05-05 19:38:20.384385,2026-05-05 19:38:20.384385,2.45,2.455,2.35,5343048.0,7360329.88671,7360329.88671,8304216.06721,7.43,2025-10-07,1.71,2025-06-23,,181687140.17476,537748322.28,1.54518,-17.85,223595976.0,Electronics/Appliances,55.0,2016.0,,
3876,MAGN,2026-05-05 19:38:20.384385,2026-05-05 19:38:20.384385,10.24,10.245,9.88,188076.0,308568.238293,308568.238293,342500.762201,15.6385,2025-05-13,7.815,2025-11-19,,35501797.2,362949015.165,0.345857,-2.68,35900001.5,Textiles,8500.0,,2022-08-01 00:00:00,2022-06-30 00:00:00
3880,LAR,2026-05-05 19:38:20.384385,2026-05-05 19:38:20.384385,10.59,10.82,10.355,2244545.0,2967209.532696,2967209.532696,3171652.6855,10.82,2026-05-05,1.71,2025-06-03,,137837536.2,1704733138.710113,2.17423,-22.11,164390852.33463,Other Metals/Minerals,60.0,2007.0,,2023-10-04 00:00:00
3884,AMLX,2026-05-05 19:38:20.384385,2026-05-05 19:38:20.384385,16.61,16.94,15.98,998173.0,850169.576902,850169.576902,1115683.6448,18.605,2026-04-17,4.2,2025-05-14,,92291491.60972,1816121924.2,5.92513,-10.6,110536940.0,Pharmaceuticals: Major,136.0,2013.0,,
3891,GO,2026-05-05 19:38:20.384385,2026-05-05 19:38:20.384385,7.95,8.08,7.81,2066307.0,2400798.601987,2400798.601987,2813124.51683,19.41,2025-08-08,5.655,2026-03-09,,90718297.1343,770501835.0,0.794275,-3.42,98153100.0,Food Retail,2207.0,1946.0,,
3893,CPB,2026-05-05 19:38:20.384385,2026-05-05 19:38:20.384385,20.39,21.1,20.365,5465586.0,7152273.383647,7152273.383647,7992422.26122,36.16,2025-05-12,19.76,2026-04-15,7.609756,192144363.744,6234243626.100005,1.52534,11.144333,298146514.878049,Food: Specialty/Candy,13700.0,1869.0,2026-05-04 00:00:00,2026-04-02 00:00:00
3900,DOLE,2026-05-05 19:38:20.384385,2026-05-05 19:38:20.384385,15.115,15.17,14.78,476371.0,734237.399014,734237.399014,697909.776552,16.57,2026-02-06,12.52,2025-11-03,2.239789,76373588.4132,1409388493.817519,1.05899,22.051133,95164651.844532,Food Distributors,32027.0,2017.0,2026-04-08 00:00:00,2026-03-18 00:00:00
3904,HMH,2026-05-05 19:38:20.384385,2026-05-05 19:38:20.384385,21.89,22.49,21.87,214943.0,240370.884896,240370.884896,385629.449977,22.725,2026-05-04,16.32,2026-04-08,,10295797.76,954178561.44,1.39946,21.510165,43097496.0,Oilfield Services/Equipment,2019.0,,,
3907,PBYI,2026-05-05 19:38:20.384385,2026-05-05 19:38:20.384385,7.59,7.7,7.115,412216.0,211830.94494,211830.94494,264039.749226,7.8983,2026-04-10,2.85,2025-05-15,,38491123.0278,374308453.5,2.91217,12.25985,50891700.0,Pharmaceuticals: Major,179.0,2010.0,,
3909,RDAC,2026-05-05 19:38:20.384385,2026-05-05 19:38:20.384385,7.75,9.45,7.3,179982.0,1839553.3179,1839553.3179,868837.138265,23.99,2026-04-29,4.59,2026-02-20,,4608465.72994,48054567.25,1.13124,37.962085,5951030.0,Financial Conglomerates,2.0,,,
3910,ISTR,2026-05-05 19:38:20.384385,2026-05-05 19:38:20.384385,27.75,28.18,27.75,82324.0,195999.487948,195999.487948,182082.472156,31.77,2026-01-26,17.89,2025-06-18,1.589595,12049457.6748,385662945.390183,0.989789,12.698995,13744224.710983,Regional Banks,327.0,2009.0,2026-04-30 00:00:00,2026-03-31 00:00:00
3913,OPRX,2026-05-05 19:38:20.384385,2026-05-05 19:38:20.384385,6.79,6.8923,6.46,517746.0,435703.788126,435703.788126,441964.933159,22.25,2025-10-27,5.54,2026-03-06,,16383228.0888,124393406.56573,0.989933,25.064791,18762203.10192,Packaged Software,133.0,1985.0,,
3915,OSPN,2026-05-05 19:38:20.384385,2026-05-05 19:38:20.384385,11.99,12.07,11.705,544039.0,482933.4788,482933.4788,485675.955364,18.125,2025-07-09,10.07,2026-03-27,4.107293,36163612.9817,443391884.0,1.62195,6.5636,37072900.0,Information Technology Services,602.0,1991.0,2026-06-04 00:00:00,2026-05-14 00:00:00
3916,FVCB,2026-05-05 19:38:20.384385,2026-05-05 19:38:20.384385,15.73,15.84,15.68,356617.0,174809.721826,174809.721826,161387.424123,18.41,2026-04-23,11.13,2025-06-17,1.594388,14899541.3996,283128701.785713,1.08382,12.263413,17976425.510204,Regional Banks,119.0,2007.0,2026-05-18 00:00:00,2026-04-27 00:00:00
3925,SAIL,2026-05-05 19:38:20.384385,2026-05-05 19:38:20.384385,12.34,12.4114,11.81,1900956.0,2259036.5237,2259036.5237,2913613.58165,24.95,2025-06-25,10.3,2026-04-10,,59253482.1264,6850211907.000007,1.00054,-23.05,563803449.135803,Packaged Software,3229.0,2005.0,,
3926,BOW,2026-05-05 19:38:20.384385,2026-05-05 19:38:20.384385,24.74,25.22,23.515,358032.0,192355.699378,192355.699378,174479.31762,41.98,2025-05-05,21.21,2026-03-20,,21839592.60252,820458343.32625,1.69874,14.60202,32838036.554983,Multi-Line Insurance,296.0,2020.0,,
3927,UP,2026-05-05 19:38:20.384385,2026-05-05 19:38:20.384385,5.085,6.53,5.015,274568.0,254370.151778,254370.151778,176929.63467,70.0,2025-08-28,4.69,2026-04-30,,22369773.102,236211124.0,-0.6003,-0.78,36228700.0,Airlines,1250.0,2013.0,,
3928,ASRT,2026-05-05 19:38:20.384385,2026-05-05 19:38:20.384385,21.86,22.3,21.82,636489.0,505521.940324,505521.940324,417699.914477,22.3,2026-05-05,8.61,2025-12-31,,6320839.30876,142953683.080987,1.47711,-4.39,6445161.545581,Pharmaceuticals: Major,53.0,1995.0,,
3930,FMNB,2026-05-05 19:38:20.384385,2026-05-05 19:38:20.384385,14.0,14.19,14.0,257957.0,337016.119212,337016.119212,317717.093508,15.5,2025-09-05,12.12,2026-03-09,4.87106,57891103.5448,840010848.0,1.07791,9.636226,59322800.0,Major Banks,706.0,1887.0,2026-02-27 00:00:00,2026-02-13 00:00:00
3931,CCLD,2026-05-05 19:38:20.384385,2026-05-05 19:38:20.384385,2.94,2.99,2.88,353006.0,309626.277479,309626.277479,498280.593472,4.01,2025-08-28,1.795,2025-05-06,,35867703.905,124716955.0,2.0754,28.362573,42493000.0,Packaged Software,3650.0,1999.0,,
3938,GRCE,2026-05-05 19:38:20.384385,2026-05-05 19:38:20.384385,2.35,2.38,2.27,297534.0,1580277.050195,1580277.050195,1431493.42337,5.18,2026-04-02,1.79,2026-04-23,,11286658.23,36131850.353814,0.562761,-6.55,15474025.847458,Pharmaceuticals: Major,,2002.0,,
3940,INTT,2026-05-05 19:38:20.384385,2026-05-05 19:38:20.384385,16.72,17.8031,15.12,1059432.0,400575.372952,400575.372952,318048.545572,20.0,2026-04-30,5.58,2025-05-12,,11280650.0035,200428527.697953,2.23447,-89.13,12495544.12082,Electronic Equipment/Instruments,407.0,1981.0,2012-12-17 00:00:00,2012-12-06 00:00:00
3942,AHCO,2026-05-05 19:38:20.384385,2026-05-05 19:38:20.384385,10.84,12.13,10.8,4741487.0,1244976.012421,1244976.012421,1189078.39036,13.43,2026-05-04,7.95,2025-05-07,,86257911.09,1595642100.0,1.16312,-24.57,135915000.0,Medical/Nursing Services,10900.0,2012.0,,
3944,ASIX,2026-05-05 19:38:20.384385,2026-05-05 19:38:20.384385,25.54,26.73,25.54,444974.0,244020.25482,244020.25482,293896.835856,26.73,2026-05-05,14.1,2025-11-18,2.517703,25441246.2525,702995365.529499,0.837672,14.094816,26872911.526357,Chemicals: Specialty,1410.0,2016.0,2026-03-23 00:00:00,2026-03-09 00:00:00
3946,IXHL,2026-05-05 19:38:20.384385,2026-05-05 19:38:20.384385,4.59,4.8,4.59,257753.0,460614.515276,460614.515276,500900.857218,49.8,2025-07-24,2.4,2025-05-12,,342976519.908,1632453232.5,0.753613,-0.2,346225500.0,Biotechnology,12.0,2001.0,,
3952,LXRX,2026-05-05 19:38:20.384385,2026-05-05 19:38:20.384385,1.6,1.65,1.565,1587027.0,1530282.100327,1530282.100327,1771659.77494,1.95,2026-04-17,0.5137,2025-05-15,,220291241.226,696955245.0,5.40778,-11.89,423681000.0,Pharmaceuticals: Major,81.0,1995.0,,
3954,FRST,2026-05-05 19:38:20.384385,2026-05-05 19:38:20.384385,14.48,14.79,14.46,216287.0,389192.135196,389192.135196,309606.268996,14.97,2026-04-28,8.66,2025-05-06,2.760524,20687601.8357,360681776.0,0.840236,7.758205,24772100.0,Regional Banks,593.0,2004.0,2026-05-22 00:00:00,2026-05-08 00:00:00
3955,TK,2026-05-05 19:38:20.384385,2026-05-05 19:38:20.384385,13.53,14.22,13.4,837009.0,398328.729188,398328.729188,454730.4059,14.22,2026-05-05,7.115,2025-07-31,,54231182.233,1228350158.375937,1.58923,11.889106,86778534.678625,Marine Shipping,2130.0,1973.0,2025-07-16 00:00:00,2025-07-02 00:00:00
3958,INSG,2026-05-05 19:38:20.384385,2026-05-05 19:38:20.384385,19.6,19.6,17.77,332079.0,272955.656532,272955.656532,190310.40572,21.9,2026-05-04,6.27,2025-08-01,,15267935.085,293087583.514287,-68.686,-98.53,16228548.367347,Telecommunications Equipment,275.0,1996.0,,
3960,TRON,2026-05-05 19:38:20.384385,2026-05-05 19:38:20.384385,2.13,2.56,2.13,2338086.0,674607.613305,674607.613305,833625.953203,12.8,2025-06-20,0.3925,2025-05-07,,50133441.8837,698302317.25,2.30051,-18.84,274382050.0,Recreational Products,,2022.0,,
3961,VLY,2026-05-05 19:38:20.384385,2026-05-05 19:38:20.384385,13.52,13.74,13.36,3374137.0,7252221.582906,7252221.582906,6563991.29778,14.12,2026-04-23,8.36,2025-06-18,3.268945,474822399.03,7560883880.0,0.998262,12.069584,554317000.0,Major Banks,3675.0,1927.0,2026-04-01 00:00:00,2026-03-13 00:00:00
3962,MNRO,2026-05-05 19:38:20.384385,2026-05-05 19:38:20.384385,16.54,17.235,16.3,662793.0,807924.397778,807924.397778,761062.273903,23.91,2026-02-13,12.195,2025-05-09,6.854345,23669002.4453,513937264.0,0.810893,-33.53,30019700.0,Specialty Stores,7360.0,1957.0,2026-03-10 00:00:00,2026-02-24 00:00:00
3963,YELP,2026-05-05 19:38:20.384385,2026-05-05 19:38:20.384385,28.74,29.38,28.74,769724.0,942065.249147,942065.249147,936256.948059,41.22,2025-05-15,19.6,2026-02-24,,53529689.6676,1631446104.0,2.41806,12.816845,55833200.0,Internet Software/Services,5168.0,2004.0,,
3965,SABR,2026-05-05 19:38:20.384385,2026-05-05 19:38:20.384385,1.89,1.915,1.745,3271062.0,3277709.277867,3277709.277867,3957911.5826,3.52,2025-07-07,0.81,2026-02-24,,317602515.965,697480623.435829,-0.7028,1.396252,395173157.754011,Packaged Software,4650.0,2006.0,2020-03-30 00:00:00,2020-03-19 00:00:00
3967,NPKI,2026-05-05 19:38:20.384385,2026-05-05 19:38:20.384385,15.18,15.8,15.125,737650.0,988983.146968,988983.146968,844349.559043,16.5,2026-05-01,7.395,2025-05-05,,80216374.194,1331729796.294713,3.50369,36.045389,84447038.446082,Building Products,410.0,1932.0,,
3968,EVTC,2026-05-05 19:38:20.384385,2026-05-05 19:38:20.384385,29.46,29.52,27.7122,261901.0,258487.029539,258487.029539,283469.416332,38.56,2025-05-21,24.95,2026-02-25,0.679579,60295648.4109,1748477229.260122,2.92387,13.390663,61620342.881414,Miscellaneous Commercial Services,5327.0,1998.0,2026-06-05 00:00:00,2026-05-11 00:00:00
3973,PGNY,2026-05-05 19:38:20.384385,2026-05-05 19:38:20.384385,18.84,19.07,18.645,1294227.0,1381016.535249,1381016.535249,1347369.39799,28.75,2026-01-13,16.1,2026-04-10,,64773226.602,1487467743.139601,3.05487,29.038698,78329001.745108,Miscellaneous Commercial Services,856.0,2008.0,,
3976,NP,2026-05-05 19:38:20.384385,2026-05-05 19:38:20.384385,24.1,24.8775,24.01,289424.0,354745.806494,354745.806494,331816.656613,33.2346,2025-10-03,14.78,2026-02-12,,22464234.29475,3433373186.2,-16.1343,109.55,138330910.0,Insurance Brokers/Services,62.0,2017.0,,
3980,KIDS,2026-05-05 19:38:20.384385,2026-05-05 19:38:20.384385,15.79,17.08,15.57,259202.0,202859.216948,202859.216948,177520.74253,23.7,2025-07-24,14.42,2026-04-30,,17019882.715,437929250.0,1.19289,-9.38,25685000.0,Medical Specialties,602.0,2006.0,,
3983,DSGN,2026-05-05 19:38:20.384385,2026-05-05 19:38:20.384385,13.34,13.775,13.19,677233.0,705148.962518,705148.962518,511288.0986,17.25,2026-04-29,3.105,2025-05-15,,36736083.174,837548370.0,3.77133,-11.03,62457000.0,Biotechnology,124.0,2017.0,,
3985,CTOS,2026-05-05 19:38:20.384385,2026-05-05 19:38:20.384385,9.71,10.1,9.656,1467519.0,1721885.855042,1721885.855042,1212658.63618,10.205,2026-05-04,3.99,2025-05-05,,59394582.816,2262730917.0,2.68959,-124.51,227433000.0,Finance/Rental/Leasing,2500.0,1996.0,,
3986,NFGC,2026-05-05 19:38:20.384385,2026-05-05 19:38:20.384385,2.1,2.13,2.005,1515090.0,2019350.174231,2019350.174231,1727025.78875,3.59,2026-01-26,1.09,2025-05-14,,232413616.611,695604195.0,2.31772,-14.43,345213000.0,Precious Metals,138.0,2016.0,,
3990,BUSE,2026-05-05 19:38:20.384385,2026-05-05 19:38:20.384385,26.23,26.715,26.19,417962.0,548678.202671,548678.202671,532135.146429,27.65,2026-02-09,20.91,2025-05-06,3.888677,81624733.3125,2270144475.0,0.929479,11.69781,85504500.0,Regional Banks,1914.0,1868.0,2026-05-01 00:00:00,2026-04-24 00:00:00
3996,UPWK,2026-05-05 19:38:20.384385,2026-05-05 19:38:20.384385,10.53,10.58,10.195,4171984.0,4047333.358999,4047333.358999,3402442.20395,22.8399,2026-01-26,10.1528,2026-04-30,,121358486.28,1344220110.929661,2.17881,12.594278,130380224.144487,Personnel Services,630.0,2013.0,,
4002,BBOT,2026-05-05 19:38:20.384385,2026-05-05 19:38:20.384385,8.51,8.665,8.1489,172699.0,482128.823771,482128.823771,501987.191283,14.87,2025-12-08,8.0,2026-04-30,,43612726.043808,660929978.812059,1.64616,-5.66,80112724.704492,Biotechnology,92.0,2016.0,,
4006,REAX,2026-05-05 19:38:20.384385,2026-05-05 19:38:20.384385,2.11,2.11,2.015,3362310.0,5068702.392672,5068702.392672,2867793.34015,5.405,2025-09-05,1.92,2026-04-27,,153847229.9164,432333855.0,8.43143,-53.35,213498200.0,Miscellaneous Commercial Services,435.0,2014.0,,
4009,NUVB,2026-05-05 19:38:20.384385,2026-05-05 19:38:20.384385,4.34,4.85,4.12,10891121.0,4948027.372035,4948027.372035,3535317.08254,9.75,2025-12-22,1.57,2025-06-16,,245827129.98,1675846520.0,4.78178,-11.28,347686000.0,Biotechnology,298.0,2018.0,,
4013,FBRX,2026-05-05 19:38:20.384385,2026-05-05 19:38:20.384385,28.7,29.145,26.92,151244.0,227011.300253,227011.300253,395142.650631,35.7999,2026-04-09,6.13,2025-05-07,,17034827.3964,534959992.034368,6.05263,-5.44,19595604.103823,Biotechnology,19.0,2017.0,,
4016,PGY,2026-05-05 19:38:20.384385,2026-05-05 19:38:20.384385,14.55,14.68,14.085,2114296.0,2883187.343329,2883187.343329,3313412.03336,44.99,2025-09-18,10.4,2026-03-19,,62415371.0366,1203236034.66,2.45416,15.44086,82526477.0,Packaged Software,518.0,2016.0,,
4017,APYX,2026-05-05 19:38:20.384385,2026-05-05 19:38:20.384385,2.9,2.9397,2.7601,279191.0,182194.274983,182194.274983,159906.886434,4.5,2026-02-02,1.04,2025-05-06,,36277712.2344,117540124.961403,8.1906,-10.18,41829225.964912,Medical Specialties,205.0,1978.0,,
4020,TRUP,2026-05-05 19:38:20.384385,2026-05-05 19:38:20.384385,26.24,26.575,25.595,432254.0,462486.223821,462486.223821,386796.295913,57.885,2025-06-27,23.8,2026-05-01,,30332997.772,1129770950.0,2.9123,44.451939,43620500.0,Multi-Line Insurance,1121.0,2000.0,,
4023,TDUP,2026-05-05 19:38:20.384385,2026-05-05 19:38:20.384385,4.54,5.0959,4.535,7563578.0,2591686.573232,2591686.573232,2412200.31226,12.28,2025-08-25,3.08,2026-03-30,,102009154.764,646259940.0,9.25357,-29.08,128994000.0,Internet Retail,2132.0,2009.0,,
4028,BBNX,2026-05-05 19:38:20.384385,2026-05-05 19:38:20.384385,10.24,10.31,9.89,318259.0,970521.399714,970521.399714,1134919.67458,32.71,2025-11-26,8.8,2026-04-10,,33965458.66934,446062579.780818,1.679,-6.76,44561696.2818,Medical Specialties,423.0,2015.0,,
4029,MWA,2026-05-05 19:38:20.384385,2026-05-05 19:38:20.384385,27.3775,27.84,27.355,863281.0,1231606.454589,1231606.454589,1303087.00745,31.0,2026-02-27,22.74,2025-11-18,1.006243,154586572.5,4306851500.813797,4.18158,21.47307,156385312.302607,Industrial Machinery,3500.0,1857.0,2026-05-20 00:00:00,2026-05-11 00:00:00
4031,VRRM,2026-05-05 19:38:20.384385,2026-05-05 19:38:20.384385,14.78,14.78,14.495,1130123.0,1384321.035385,1384321.035385,1291950.87897,25.83,2025-07-01,13.835,2026-03-27,,150490539.892,2202643909.633656,7.72606,17.400543,151906476.526459,Other Transportation,1901.0,2004.0,,
4039,GAMB,2026-05-05 19:38:20.384385,2026-05-05 19:38:20.384385,4.03,4.06,3.91,243955.0,437171.190007,437171.190007,469420.516299,14.95,2025-05-15,3.51,2026-04-23,,20646910.6216,140388800.0,1.30044,-4.28,35097200.0,Advertising/Marketing Services,599.0,2006.0,,
4041,JRVR,2026-05-05 19:38:20.384385,2026-05-05 19:38:20.384385,5.15,5.2701,4.5701,1827564.0,194338.842232,194338.842232,203256.818732,7.1997,2026-03-02,4.54,2025-05-06,0.652529,35758744.097,215592734.0,0.519926,20.184392,45968600.0,Multi-Line Insurance,578.0,2007.0,2026-03-31 00:00:00,2026-03-13 00:00:00
4042,OMER,2026-05-05 19:38:20.384385,2026-05-05 19:38:20.384385,14.98,15.05,14.63,779082.0,1158416.419113,1158416.419113,1152413.04375,17.65,2025-12-24,2.95,2025-07-01,,69231905.901,1063023893.0,-8.8147,-29.83,71996200.0,Pharmaceuticals: Major,175.0,1994.0,,
4048,OLMA,2026-05-05 19:38:20.384385,2026-05-05 19:38:20.384385,14.83,15.12,14.29,669482.0,788358.927607,788358.927607,834313.272122,36.2591,2025-12-16,3.89,2025-06-13,,69160038.227,1275978480.0,2.48776,-7.85,87157000.0,Pharmaceuticals: Major,131.0,2006.0,,
4051,RMR,2026-05-05 19:38:20.384385,2026-05-05 19:38:20.384385,18.67,19.69,18.67,355101.0,207182.56704,207182.56704,169836.2902,19.69,2026-05-05,13.4837,2025-05-07,9.641136,15412387.3706,624525329.8698,1.3686,13.625748,32058176.164971,Financial Conglomerates,,1986.0,2026-05-14 00:00:00,2026-04-21 00:00:00
4052,QNTM,2026-05-05 19:38:20.384385,2026-05-05 19:38:20.384385,5.23,5.59,5.15,243953.0,561913.680006,561913.680006,418482.796171,38.25,2025-06-20,2.07,2026-03-11,,4847750.894267,31173514.625,2.91953,-0.62,5848689.423077,Biotechnology,,1994.0,2023-11-29 00:00:00,2023-11-27 00:00:00
4059,BKKT,2026-05-05 19:38:20.384385,2026-05-05 19:38:20.384385,9.1,9.19,8.665,904292.0,842477.670981,842477.670981,1009104.12227,49.79,2025-10-02,6.87,2026-03-30,,20656923.39,277503868.0,2.02769,-1.64,30562100.0,Miscellaneous Commercial Services,48.0,2018.0,,
4060,CLYM,2026-05-05 19:38:20.384385,2026-05-05 19:38:20.384385,9.97,11.49,9.93,1790149.0,1106258.377646,1106258.377646,795235.951209,11.49,2026-05-05,1.13,2025-05-15,,39488976.969,548382852.705887,2.88429,-10.94,47768541.176471,Biotechnology,28.0,2018.0,,
4061,GTLB,2026-05-05 19:38:20.384385,2026-05-05 19:38:20.384385,24.83,25.22,24.215,3769080.0,5876018.331592,5876018.331592,6419351.88882,54.08,2025-05-14,18.73,2026-04-10,,145530119.8,4227780200.0,4.22136,-73.4,170132000.0,Packaged Software,2580.0,2011.0,,
4064,FNB,2026-05-05 19:38:20.384385,2026-05-05 19:38:20.384385,17.61,18.06,17.61,4771972.0,4602449.604236,4602449.604236,6881259.00841,19.135,2026-02-09,13.38,2025-05-06,2.728823,349747227.0,6363078900.0,0.919902,10.850657,355380000.0,Major Banks,4205.0,1974.0,2026-06-15 00:00:00,2026-06-01 00:00:00
4065,TONX,2026-05-05 19:38:20.384385,2026-05-05 19:38:20.384385,2.33,2.6689,2.33,1592692.0,286477.634242,286477.634242,315923.967606,29.77,2025-08-04,1.75,2026-02-24,,40737194.0332,150371434.181818,0.290658,-0.34,56530614.354067,Packaged Software,25.0,2012.0,,
4066,INNV,2026-05-05 19:38:20.384385,2026-05-05 19:38:20.384385,8.18,8.215,7.84,274407.0,182734.600511,182734.600511,221699.439622,10.69,2026-03-04,2.84,2025-05-06,,21387112.293,1082881723.813954,4.31747,175.698925,135699464.137087,Packaged Software,2440.0,2007.0,,
4067,BDMD,2026-05-05 19:38:20.384385,2026-05-05 19:38:20.384385,1.85,1.997,1.7501,365081.0,240100.423589,240100.423589,244562.697925,7.2616,2025-06-26,0.757,2026-02-13,,15134381.68346,74787369.51389,1.76469,-1.83,40979380.555556,Medical Specialties,146.0,2012.0,,
4068,GCMG,2026-05-05 19:38:20.384385,2026-05-05 19:38:20.384385,11.21,11.3275,11.02,339326.0,314056.993143,314056.993143,390057.75328,13.22,2025-09-18,9.3,2026-03-30,4.159132,58993845.698,2278876399.26447,24.8808,26.548248,202476801.356239,Investment Managers,553.0,1971.0,2026-03-16 00:00:00,2026-03-02 00:00:00
4073,INMB,2026-05-05 19:38:20.384385,2026-05-05 19:38:20.384385,1.5,1.55,1.4601,345540.0,190631.935813,190631.935813,247850.498545,11.64,2025-06-27,1.09,2026-03-31,,22062927.7876,40675509.0,1.6726,-0.8,26585300.0,Biotechnology,21.0,2015.0,,
4078,VREX,2026-05-05 19:38:20.384385,2026-05-05 19:38:20.384385,11.65,11.65,11.32,205455.0,282092.692533,282092.692533,259115.556609,14.565,2026-01-22,6.76,2025-05-09,,41067991.7,483526002.981913,1.02052,-6.92,41900000.258398,Medical Specialties,2400.0,2016.0,,
4079,MPLT,2026-05-05 19:38:20.384385,2026-05-05 19:38:20.384385,29.0,29.24,27.76,212353.0,387910.912109,387910.912109,340815.786658,33.28,2026-04-22,12.24,2025-11-26,,7708346.254625,1184822221.080753,2.74783,-7.7,42436325.969941,Pharmaceuticals: Major,133.0,2018.0,,
4081,SPRY,2026-05-05 19:38:20.384385,2026-05-05 19:38:20.384385,8.93,9.13,8.845,1525325.0,1923436.811567,1923436.811567,1570955.98884,18.9,2025-06-27,6.66,2025-11-21,,62615884.407,897151117.778592,7.67332,-5.08,99297301.359003,Pharmaceuticals: Major,163.0,2015.0,,
4082,AZ,2026-05-05 19:38:20.384385,2026-05-05 19:38:20.384385,7.13,7.22,6.7,451399.0,314305.428415,314305.428415,380809.974838,12.36,2025-07-14,4.9975,2025-11-18,,32608491.718,318051368.145302,3.99909,-7.31,44545009.54416,Financial Conglomerates,122.0,2018.0,,
4083,GHRS,2026-05-05 19:38:20.384385,2026-05-05 19:38:20.384385,21.67,21.94,21.0,134307.0,267945.111879,267945.111879,252697.546633,24.6599,2026-04-20,9.4557,2025-05-13,,44667122.8224,1460267856.224072,4.81017,-27.46,68557176.348548,Pharmaceuticals: Major,73.0,2021.0,,
4084,ACH,2026-05-05 19:38:20.384385,2026-05-05 19:38:20.384385,3.765,3.81,3.62,571751.0,654307.673794,654307.673794,719703.718267,9.55,2025-07-01,1.84,2026-01-06,,69285682.1349,287788741.196767,-0.6148,-0.26,76437912.668464,Medical Specialties,6500.0,1882.0,2021-12-31 00:00:00,2021-12-14 00:00:00
4087,PLAY,2026-05-05 19:38:20.384385,2026-05-05 19:38:20.384385,10.8,10.99,10.3272,1604453.0,1940184.574396,1940184.574396,1682251.19391,35.53,2025-07-03,9.61,2026-03-27,,33643476.1482,363374199.544442,4.11513,-7.59,34739407.222222,Movies/Entertainment,23610.0,1982.0,2020-02-10 00:00:00,2020-01-09 00:00:00
4089,CHYM,2026-05-05 19:38:20.384385,2026-05-05 19:38:20.384385,22.08,22.08,20.69,14696318.0,3934262.769526,3934262.769526,3265278.49456,44.94,2025-06-12,16.17,2025-11-03,,163958715.74838,7695716455.21,5.98479,-7.55,370520773.0,Regional Banks,1519.0,2012.0,,
4090,MMED,2026-05-05 19:38:20.384385,2026-05-05 19:38:20.384385,11.91,12.165,11.52,441345.0,613877.234117,613877.234117,850564.884587,20.4823,2026-03-06,11.52,2026-05-05,,27931197.67074,3265936653.887954,0.962835,,280820004.63353,Medical Specialties,,1983.0,,
4091,CRSR,2026-05-05 19:38:20.384385,2026-05-05 19:38:20.384385,6.89,7.175,6.6809,1029893.0,770795.436111,770795.436111,823001.202253,10.29,2025-08-08,4.48,2026-02-12,,45662642.172,759435833.312044,1.15971,-56.48,106662336.139332,Packaged Software,2355.0,1994.0,,
4098,ICL,2026-05-05 19:38:20.384385,2026-05-05 19:38:20.384385,5.58,5.63,5.56,653969.0,1086895.089882,1086895.089882,1223353.19755,7.35,2025-07-03,4.76,2026-02-27,3.277957,493007285.9279,7227767559.493672,1.17022,31.581953,1290672778.481013,Chemicals: Agricultural,13007.0,1968.0,2026-03-25 00:00:00,2026-03-10 00:00:00
4099,GLAD,2026-05-05 19:38:20.384385,2026-05-05 19:38:20.384385,19.37,19.56,19.04,114608.0,196690.914001,196690.914001,213067.053585,29.5,2025-07-18,16.54,2026-03-27,9.994835,21709551.6383,440113588.0,0.916366,12.843306,22593100.0,Investment Trusts/Mutual Funds,73.0,2001.0,2026-05-29 00:00:00,2026-05-20 00:00:00
4106,GDRX,2026-05-05 19:38:20.384385,2026-05-05 19:38:20.384385,2.51,2.57,2.44,1829307.0,1430570.261177,1430570.261177,1374693.58801,5.8099,2025-10-09,1.77,2026-03-02,,89448480.75,875277848.522,1.38355,29.308324,342574500.4,Medical/Nursing Services,697.0,2011.0,,
4107,EVMN,2026-05-05 19:38:20.384385,2026-05-05 19:38:20.384385,24.22,24.87,23.5096,789389.0,251645.375611,251645.375611,276469.168193,33.2,2026-02-10,13.885,2025-12-18,,20175113.66158,869303366.997468,3.62372,-10.61,36018370.292002,Pharmaceuticals: Major,48.0,2020.0,,
4112,VYGR,2026-05-05 19:38:20.384385,2026-05-05 19:38:20.384385,3.92,4.03,3.82,357188.0,378185.385183,378185.385183,514744.157984,5.55,2025-10-09,2.645,2025-05-30,,50206983.4875,235814170.889174,1.16842,-1.9,60310529.639175,Biotechnology,141.0,2013.0,,
4113,MBUU,2026-05-05 19:38:20.384385,2026-05-05 19:38:20.384385,24.26,25.36,24.175,188146.0,256306.633045,256306.633045,383479.81066,39.65,2025-08-27,23.84,2026-05-04,,18064385.4825,465063377.504175,0.900304,32.61195,18602535.100167,Recreational Products,2200.0,1982.0,,
4117,TBI,2026-05-05 19:38:20.384385,2026-05-05 19:38:20.384385,5.88,6.21,5.7,574999.0,384195.556689,384195.556689,336139.87242,7.78,2025-07-23,3.18,2026-03-30,,27946283.1478,181578345.802346,0.652036,-3.76,30062640.033501,Personnel Services,3500.0,1989.0,,
4122,RPID,2026-05-05 19:38:20.384385,2026-05-05 19:38:20.384385,2.5,2.6,2.47,96370.0,164457.905365,164457.905365,179209.799505,4.94,2026-01-29,2.01,2026-03-30,,21592187.6875,113502265.574297,3.33467,-2.35,45767042.570281,Industrial Machinery,171.0,2006.0,,
4124,BLNE,2026-05-05 19:38:20.384385,2026-05-05 19:38:20.384385,2.02,2.19,2.0,868993.0,857366.359886,857366.359886,684289.020783,4.65,2025-09-25,0.6202,2025-06-10,,25027892.736,63593355.0,1.05149,-0.44,30647400.0,Advertising/Marketing Services,84.0,2004.0,,
4128,RMNI,2026-05-05 19:38:20.384385,2026-05-05 19:38:20.384385,3.92,3.99,3.795,593687.0,541344.815497,541344.815497,416163.052818,5.38,2025-07-10,2.87,2026-02-12,,47596943.68,359595600.0,-15.8821,10.44015,92560000.0,Information Technology Services,1980.0,2005.0,,
4130,HRZN,2026-05-05 19:38:20.384385,2026-05-05 19:38:20.384385,4.22,4.25,4.14,962945.0,1156037.237967,1156037.237967,1008357.70276,8.46,2025-07-23,3.8016,2026-04-27,30.382775,67702572.554,289795121.0,0.598633,-21.55,68428600.0,Investment Trusts/Mutual Funds,,2010.0,2026-05-15 00:00:00,2026-04-16 00:00:00
4133,RRGB,2026-05-05 19:38:20.384385,2026-05-05 19:38:20.384385,3.6,3.74,3.5088,84308.0,191324.90832,191324.90832,250363.670647,7.8854,2025-07-23,2.455,2026-03-30,,15173714.8335,64017714.505586,-0.5978,-2.69,18135329.888268,Restaurants,18852.0,1969.0,,
4146,NMAX,2026-05-05 19:38:20.384385,2026-05-05 19:38:20.384385,6.0,6.12,5.86,1138562.0,5080649.623678,5080649.623678,2805394.36141,27.49,2025-05-19,5.11,2026-03-31,,65810316.82113,782062473.659457,7.20844,-7.32,129138453.378378,Broadcasting,500.0,1998.0,,
4147,ACHC,2026-05-05 19:38:20.384385,2026-05-05 19:38:20.384385,27.5,27.9,25.25,3322866.0,3841852.629364,3841852.629364,3364506.39283,30.1991,2026-05-04,11.43,2026-01-15,,86112564.714,2324006090.0,1.28316,-2.26,91967000.0,Medical/Nursing Services,25000.0,2005.0,,
4148,CHRS,2026-05-05 19:38:20.384385,2026-05-05 19:38:20.384385,1.74,1.8,1.74,871397.0,916958.150825,916958.150825,956885.76823,2.6158,2026-01-27,0.71,2025-05-15,,126208309.968,277592400.0,3.43527,-1.19,154218000.0,Pharmaceuticals: Major,147.0,2010.0,,
4150,GPRK,2026-05-05 19:38:20.384385,2026-05-05 19:38:20.384385,9.66,9.8702,9.65,561634.0,462372.214254,462372.214254,933232.079789,10.335,2026-03-19,5.75,2025-10-21,3.638232,25498646.718,635145816.0,2.04686,10.094408,64678800.0,Oil & Gas Production,382.0,2002.0,2026-03-31 00:00:00,2026-03-11 00:00:00
4152,MAZE,2026-05-05 19:38:20.384385,2026-05-05 19:38:20.384385,27.15,27.58,26.12,553184.0,766683.897441,766683.897441,890257.402859,53.65,2026-03-16,8.245,2025-05-15,,31286098.988646,1470166785.486824,3.74291,-9.34,55248657.853695,Pharmaceuticals: Major,141.0,2017.0,,
4155,AARD,2026-05-05 19:38:20.384385,2026-05-05 19:38:20.384385,5.33,5.615,5.24,105545.0,114440.54629,114440.54629,153387.449038,17.94,2025-10-08,3.35,2026-03-27,,12069507.07608,119224669.53,1.07816,-1.99,21816042.0,Pharmaceuticals: Major,40.0,2017.0,,
4156,PHUN,2026-05-05 19:38:20.384385,2026-05-05 19:38:20.384385,2.16,2.195,2.085,75483.0,116833.218197,116833.218197,156799.554815,3.88,2025-06-10,1.56,2026-02-05,,18225376.4577,42198981.0,0.454835,-3.84,20190900.0,Packaged Software,26.0,2009.0,,
4157,BCRX,2026-05-05 19:38:20.384385,2026-05-05 19:38:20.384385,9.22,9.305,8.935,3745178.0,3056143.197829,3056143.197829,3759060.97725,11.31,2025-06-04,6.0,2025-10-14,,229398003.09,2293306650.0,-16.1466,7.620941,254106000.0,Biotechnology,435.0,1986.0,,
4158,BRBS,2026-05-05 19:38:20.384385,2026-05-05 19:38:20.384385,3.365,3.405,3.36,95889.0,199551.706124,199551.706124,534075.484851,4.785,2025-11-04,3.25,2025-06-23,,62629988.678,310100997.5,1.08938,27.495908,91340500.0,Major Banks,302.0,1893.0,2026-04-27 00:00:00,2026-04-13 00:00:00
4160,TXG,2026-05-05 19:38:20.384385,2026-05-05 19:38:20.384385,22.07,22.52,21.45,3062372.0,2603860.104398,2603860.104398,2573784.59602,26.445,2026-04-17,7.72,2025-05-07,,113988924.288,2839090443.005548,3.47159,-62.96,128990933.34873,Biotechnology,1178.0,2012.0,,
4161,SNBR,2026-05-05 19:38:20.384385,2026-05-05 19:38:20.384385,2.72,2.78,2.5101,767135.0,6607179.332752,6607179.332752,4491109.85144,13.94,2026-02-04,1.06,2026-04-07,,18635860.333,59906600.0,-0.1031,-0.45,23041000.0,Home Furnishings,3133.0,1987.0,,
4162,CGNT,2026-05-05 19:38:20.384385,2026-05-05 19:38:20.384385,10.15,10.32,9.855,360138.0,414762.203106,414762.203106,556128.537432,11.655,2025-06-05,6.29,2026-02-23,,60468649.0016,721283808.0,3.57706,-944.86,73078400.0,Packaged Software,1700.0,2020.0,,
4167,PALI,2026-05-05 19:38:20.384385,2026-05-05 19:38:20.384385,2.15,2.215,1.955,4625838.0,4462290.139312,4462290.139312,4305836.89844,2.855,2026-04-22,0.53,2025-09-11,,163101112.32,328988589.901409,2.625,-1.33,167424218.779343,Pharmaceuticals: Major,14.0,2011.0,,
4170,CRML,2026-05-05 19:38:20.384385,2026-05-05 19:38:20.384385,13.37,14.08,12.98,19720587.0,22529175.797528,22529175.797528,18844459.9355,32.15,2025-10-14,1.2909,2025-05-19,,60494904.54436,1626036469.2,10.8875,-9.14,122074810.0,Precious Metals,4.0,,,
4173,CAG,2026-05-05 19:38:20.384385,2026-05-05 19:38:20.384385,13.76,14.1,13.605,13838692.0,13570787.99152,13570787.99152,13939353.7099,23.5646,2025-05-06,13.605,2026-05-05,10.108303,475285535.481,6698120484.620935,0.811646,-152.01,478437177.472924,Food: Major Diversified,18300.0,1919.0,2026-06-03 00:00:00,2026-04-30 00:00:00
4176,WAY,2026-05-05 19:38:20.384385,2026-05-05 19:38:20.384385,20.72,21.0,20.35,2697419.0,3138437.636317,3138437.636317,2799603.36381,42.55,2025-05-12,20.35,2026-04-30,,136159346.1295,3954222933.5,1.0165,31.192112,191812900.0,Packaged Software,1700.0,2000.0,,
4180,LIDR,2026-05-05 19:38:20.384385,2026-05-05 19:38:20.384385,1.98,1.999,1.92,882369.0,11938940.220746,11938940.220746,6093580.38027,6.44,2025-07-28,0.5007,2025-05-09,,43397976.1737,89558187.948718,1.08285,-1.4,45345917.948718,Packaged Software,56.0,2013.0,,
4181,JANX,2026-05-05 19:38:20.384385,2026-05-05 19:38:20.384385,14.5,14.77,14.03,1226327.0,826498.688419,826498.688419,954453.031924,35.34,2025-11-26,12.12,2026-02-05,,55589041.5989,871109944.0,0.910035,-7.82,60831700.0,Biotechnology,109.0,2017.0,,
4183,NERV,2026-05-05 19:38:20.384385,2026-05-05 19:38:20.384385,6.39,6.3925,5.88,114904.0,140213.053002,140213.053002,193070.618522,12.46,2025-10-21,1.3,2025-05-20,,36208230.96,273574080.0,-1.9462,-0.24,43842000.0,Pharmaceuticals: Major,7.0,2007.0,,
4188,BTCS,2026-05-05 19:38:20.384385,2026-05-05 19:38:20.384385,2.14,2.18,2.02,757626.0,1025494.688279,1025494.688279,888756.223586,8.49,2025-07-18,1.25,2026-03-30,,41244891.948,107514864.0,0.715876,-1.68,49775400.0,Regional Banks,9.0,2008.0,2025-10-17 00:00:00,2025-09-26 00:00:00
4190,LKQ,2026-05-05 19:38:20.384385,2026-05-05 19:38:20.384385,27.91,28.755,27.57,2654630.0,2990333.791496,2990333.791496,2516859.50589,42.67,2025-05-16,27.23,2026-05-04,4.324324,253165688.211,7202941570.0,1.09524,13.730147,254791000.0,Automotive Aftermarket,44000.0,1998.0,2026-06-04 00:00:00,2026-05-21 00:00:00
4193,PLYX,2026-05-05 19:38:20.384385,2026-05-05 19:38:20.384385,5.13,5.13,4.54,130996.0,168360.99848,168360.99848,158276.396695,48.91,2026-02-02,2.201,2026-02-13,,3876421.733184,216832295.68,53.101,-26.98,47343296.0,Miscellaneous Commercial Services,11.0,2014.0,,
4194,WLAC,2026-05-05 19:38:20.384385,2026-05-05 19:38:20.384385,19.02,19.25,18.9,813924.0,774365.088789,774365.088789,756081.249833,19.25,2026-05-05,10.07,2025-05-12,,12544701.4,328813166.22,2.53589,94.170854,17278674.0,Miscellaneous Commercial Services,3.0,,,
4195,BCSF,2026-05-05 19:38:20.384385,2026-05-05 19:38:20.384385,14.1952,14.1952,13.73,459923.0,324270.345874,324270.345874,397704.988687,16.0,2025-06-09,11.8176,2026-03-16,11.872792,64438356.9765,912699874.5477,0.821444,9.287824,64868505.65371,Financial Conglomerates,,2015.0,2026-03-30 00:00:00,2026-03-16 00:00:00
4196,ODD,2026-05-05 19:38:20.384385,2026-05-05 19:38:20.384385,15.37,15.38,14.38,941931.0,1415428.963381,1415428.963381,1403788.17685,79.1804,2025-06-03,10.8,2026-03-02,,39078880.126672,834552979.744594,2.21736,8.498915,56656685.658153,Packaged Software,658.0,2013.0,,
4201,NEXT,2026-05-05 19:38:20.384385,2026-05-05 19:38:20.384385,8.41,8.4466,7.75,3727268.0,3244567.298876,3244567.298876,4033824.4537,12.12,2025-07-18,4.75,2026-02-05,,147628660.272,2096094833.32042,-66.8304,-5.86,264993025.704225,Oil & Gas Production,360.0,2010.0,,
4203,DLO,2026-05-05 19:38:20.384385,2026-05-05 19:38:20.384385,13.75,13.8051,13.31,1434243.0,1468752.9948,1468752.9948,1522771.29713,16.78,2025-10-16,8.6701,2025-05-06,,83141205.282,4040571030.4,7.09534,20.523003,294932192.0,Packaged Software,1274.0,2016.0,2026-06-10 00:00:00,2026-05-27 00:00:00
4205,BULL,2026-05-05 19:38:20.384385,2026-05-05 19:38:20.384385,7.2,7.515,7.03,11508081.0,15323803.901944,15323803.901944,15114801.1162,18.85,2025-05-09,4.5,2026-04-02,,280648966.7883,3382437603.86,3.69296,-6.04,461451242.0,Packaged Software,1194.0,2016.0,,
4206,EGY,2026-05-05 19:38:20.384385,2026-05-05 19:38:20.384385,6.59,6.655,6.5,946227.0,1448757.788239,1448757.788239,1496763.97353,6.72,2026-03-30,3.14,2025-05-23,3.748126,101335022.712,679242489.470764,1.568,-16.68,104258248.575712,Oil & Gas Production,281.0,1985.0,2026-03-27 00:00:00,2026-02-27 00:00:00
